event,game,delta_lead,delta_second,delta_third,delta_fourth,delta_backend_zeroes,delta_zeroes_hammer,delta_zeroes_steal,delta_ends_hammer,ends_remaining,team_a_hammer,LSFE_a,is_even_end,a_margin,a_win_game
2026 Montana's Brier,41867b95,1,-8,1,-1,0,-1,3,-1,9,0,0,0,-2,0
2026 Montana's Brier,41867b95,0,2,-4,-4,1,1,0,0,8,1,0,1,-2,0
2026 Montana's Brier,41867b95,-1,-1,-3,0,0,0,0,1,7,1,0,0,1,0
2026 Montana's Brier,41867b95,-2,-1,0,-6,1,0,1,0,6,0,0,1,-3,0
2026 Montana's Brier,41867b95,-2,-3,-1,-8,2,2,0,1,5,1,0,0,-2,0
2026 Montana's Brier,41867b95,1,-1,0,0,0,0,0,2,4,1,0,1,0,0
2026 Montana's Brier,41867b95,-1,0,-2,-1,0,0,0,3,3,1,0,0,1,0
2026 Montana's Brier,41867b95,-4,0,-4,-1,1,0,2,2,2,0,0,1,-2,0
2026 Montana's Brier,31834c3b,-2,-4,5,0,-1,1,-1,1,9,1,1,0,1,0
2026 Montana's Brier,31834c3b,0,-1,4,-2,1,0,1,0,8,0,1,1,-3,0
2026 Montana's Brier,31834c3b,-1,-3,0,1,0,0,0,1,7,1,1,0,1,0
2026 Montana's Brier,31834c3b,-3,-6,3,-4,-1,-1,0,0,6,0,1,1,-2,0
2026 Montana's Brier,31834c3b,0,0,0,2,0,0,0,1,5,1,1,0,2,0
2026 Montana's Brier,31834c3b,0,-4,-3,2,0,0,1,0,4,0,1,1,0,0
2026 Montana's Brier,31834c3b,-1,-1,0,1,0,0,0,-1,3,0,1,0,-2,0
2026 Montana's Brier,31834c3b,0,1,1,-1,1,1,0,0,2,1,1,1,-1,0
2026 Montana's Brier,31834c3b,0,1,-2,-3,1,1,0,1,1,1,1,0,1,0
2026 Montana's Brier,719a3250,3,3,1,3,0,0,0,1,9,1,1,0,2,1
2026 Montana's Brier,719a3250,1,2,2,2,0,0,0,0,8,0,1,1,-1,1
2026 Montana's Brier,719a3250,-2,3,-4,-1,1,1,0,1,7,1,1,0,1,1
2026 Montana's Brier,719a3250,-1,1,7,0,-1,-1,0,0,6,0,1,1,-1,1
2026 Montana's Brier,719a3250,1,5,3,1,1,1,-2,1,5,1,1,0,2,1
2026 Montana's Brier,719a3250,0,1,3,0,0,0,0,0,4,0,1,1,-1,1
2026 Montana's Brier,719a3250,1,1,0,-4,1,1,0,1,3,1,1,0,1,1
2026 Montana's Brier,719a3250,1,2,0,3,0,0,0,0,2,0,1,1,-1,1
2026 Montana's Brier,719a3250,0,0,0,0,0,0,0,1,1,1,1,0,2,1
2026 Montana's Brier,fae39fd3,1,2,2,-1,1,0,1,-1,9,0,0,0,-1,0
2026 Montana's Brier,fae39fd3,0,3,4,-4,0,1,-1,0,8,1,0,1,2,0
2026 Montana's Brier,fae39fd3,-1,3,-5,3,1,-2,3,-1,7,0,0,0,-1,0
2026 Montana's Brier,fae39fd3,2,-4,-5,-6,2,3,0,0,6,1,0,1,-1,0
2026 Montana's Brier,fae39fd3,1,-3,-1,2,0,1,0,1,5,1,0,0,2,0
2026 Montana's Brier,fae39fd3,0,-7,-2,-2,0,0,2,0,4,0,0,1,-2,0
2026 Montana's Brier,fae39fd3,2,3,-1,0,0,0,0,1,3,1,0,0,2,0
2026 Montana's Brier,fae39fd3,0,1,5,0,-1,-1,0,0,2,0,0,1,-1,0
2026 Montana's Brier,fae39fd3,0,6,-1,3,0,0,0,1,1,1,0,0,2,0
2026 Montana's Brier,fae39fd3,-1,0,-3,-3,1,0,1,0,0,0,0,1,-3,0
2026 Montana's Brier,ad851ec2,3,1,-2,5,-1,0,-1,1,9,1,1,0,2,1
2026 Montana's Brier,ad851ec2,-1,-6,1,-1,-1,-1,1,0,8,0,1,1,0,1
2026 Montana's Brier,ad851ec2,-1,-2,0,4,0,0,0,-1,7,0,1,0,1,1
2026 Montana's Brier,ad851ec2,0,2,0,-1,0,0,0,-2,6,0,1,1,0,1
2026 Montana's Brier,ad851ec2,0,6,3,5,-1,-2,0,-3,5,0,1,0,3,1
2026 Montana's Brier,ad851ec2,-1,0,1,0,0,0,0,-4,4,0,1,1,-1,1
2026 Montana's Brier,ad851ec2,-1,1,3,4,0,0,0,-3,3,1,1,0,2,1
2026 Montana's Brier,ad851ec2,0,-2,0,0,1,0,1,-4,2,0,1,1,-1,1
2026 Montana's Brier,eb19c6b1,2,-2,-2,1,-1,-1,0,-1,9,0,0,0,-1,0
2026 Montana's Brier,eb19c6b1,1,0,1,-2,0,0,0,0,8,1,0,1,1,0
2026 Montana's Brier,eb19c6b1,-2,-1,1,-4,0,0,0,-1,7,0,0,0,-3,0
2026 Montana's Brier,eb19c6b1,1,1,0,-4,0,0,0,0,6,1,0,1,-2,0
2026 Montana's Brier,eb19c6b1,2,-2,3,-2,-1,0,-1,1,5,1,0,0,1,0
2026 Montana's Brier,eb19c6b1,-1,-2,0,1,0,0,0,0,4,0,0,1,-1,0
2026 Montana's Brier,eb19c6b1,1,-2,-3,-5,0,0,0,1,3,1,0,0,-2,0
2026 Montana's Brier,eb19c6b1,3,2,-2,-5,1,1,-1,2,2,1,0,1,-2,0
2026 Montana's Brier,e07dee8f,0,4,-2,0,0,0,-1,1,9,1,1,0,0,0
2026 Montana's Brier,e07dee8f,-2,3,0,4,0,0,0,2,8,1,1,1,2,0
2026 Montana's Brier,e07dee8f,2,2,-2,-4,0,0,0,1,7,0,1,0,-3,0
2026 Montana's Brier,e07dee8f,0,2,-2,-1,0,0,0,2,6,1,1,1,1,0
2026 Montana's Brier,e07dee8f,-1,4,0,0,0,-1,0,1,5,0,1,0,-1,0
2026 Montana's Brier,e07dee8f,0,1,-1,-2,0,1,-2,2,4,1,1,1,-1,0
2026 Montana's Brier,e07dee8f,1,1,-1,2,0,0,0,3,3,1,1,0,2,0
2026 Montana's Brier,e07dee8f,4,-1,-3,3,-1,-2,0,2,2,0,1,1,-1,0
2026 Montana's Brier,e07dee8f,2,0,-3,3,0,0,0,3,1,1,1,0,2,0
2026 Montana's Brier,e07dee8f,1,-1,2,-2,0,0,0,2,0,0,1,1,-2,0
2026 Montana's Brier,8e254724,1,-3,3,-1,-1,-1,0,-1,9,0,0,0,-1,0
2026 Montana's Brier,8e254724,2,1,2,4,0,0,0,0,8,1,0,1,2,0
2026 Montana's Brier,8e254724,-2,-1,-3,-2,0,0,0,-1,7,0,0,0,-3,0
2026 Montana's Brier,8e254724,-3,-2,3,-3,0,1,-1,0,6,1,0,1,1,0
2026 Montana's Brier,8e254724,2,2,2,-4,0,-1,0,-1,5,0,0,0,-2,0
2026 Montana's Brier,8e254724,1,-1,-2,1,0,0,0,0,4,1,0,1,1,0
2026 Montana's Brier,8e254724,0,0,-4,3,0,-1,0,-1,3,0,0,0,1,0
2026 Montana's Brier,8e254724,1,-7,4,1,-1,-1,1,-2,2,0,0,1,-1,0
2026 Montana's Brier,8e254724,-3,-2,-3,-4,2,2,0,-1,1,1,0,0,-3,0
2026 Montana's Brier,b26e7b7b,-3,-1,-4,-6,1,0,1,-1,9,0,0,0,-6,0
2026 Montana's Brier,b26e7b7b,3,-5,-1,-1,0,0,0,0,8,1,0,1,-1,0
2026 Montana's Brier,b26e7b7b,-6,-4,1,-2,0,1,0,1,7,1,0,0,1,0
2026 Montana's Brier,b26e7b7b,0,-2,-1,0,0,0,0,0,6,0,0,1,-1,0
2026 Montana's Brier,b26e7b7b,-2,0,-3,-1,0,0,-1,1,5,1,0,0,-1,0
2026 Montana's Brier,b26e7b7b,-1,3,-1,-2,1,1,-1,2,4,1,0,1,-1,0
2026 Montana's Brier,b26e7b7b,0,2,-2,-6,1,1,0,3,3,1,0,0,-2,0
2026 Montana's Brier,b26e7b7b,0,-3,-2,-2,1,1,0,4,2,1,0,1,1,0
2026 Montana's Brier,1a71070d,-2,0,0,0,0,0,0,1,9,1,1,0,0,0
2026 Montana's Brier,1a71070d,-2,1,0,-4,1,1,0,2,8,1,1,1,1,0
2026 Montana's Brier,1a71070d,0,-5,0,5,-1,-1,0,1,7,0,1,0,1,0
2026 Montana's Brier,1a71070d,0,3,-1,-2,0,-1,0,0,6,0,1,1,-2,0
2026 Montana's Brier,1a71070d,-1,4,1,-4,1,1,-1,1,5,1,1,0,-1,0
2026 Montana's Brier,1a71070d,1,-3,-1,0,0,1,0,2,4,1,1,1,1,0
2026 Montana's Brier,1a71070d,-2,-2,0,0,0,0,0,1,3,0,1,0,0,0
2026 Montana's Brier,1a71070d,-1,0,0,0,0,0,0,0,2,0,1,1,-1,0
2026 Montana's Brier,1a71070d,0,-3,-2,-7,1,1,0,1,1,1,1,0,-4,0
2026 Montana's Brier,0e39185f,1,-4,-2,8,-2,0,-2,1,9,1,1,0,2,0
2026 Montana's Brier,0e39185f,0,-2,0,-6,2,0,2,0,8,0,1,1,-4,0
2026 Montana's Brier,0e39185f,1,4,-1,-1,0,0,-1,1,7,1,1,0,1,0
2026 Montana's Brier,0e39185f,0,-1,-3,3,0,0,0,0,6,0,1,1,1,0
2026 Montana's Brier,0e39185f,-4,-2,0,-1,0,0,1,-1,5,0,1,0,0,0
2026 Montana's Brier,0e39185f,-1,0,-1,-2,0,0,1,-2,4,0,1,1,-2,0
2026 Montana's Brier,0e39185f,0,-1,-1,-6,2,2,0,-1,3,1,1,0,-2,0
2026 Montana's Brier,0e39185f,0,-1,0,-3,1,1,0,0,2,1,1,1,-1,0
2026 Montana's Brier,df334da6,0,-1,0,-2,0,0,0,-1,9,0,0,0,0,0
2026 Montana's Brier,df334da6,0,-1,3,0,0,0,0,-2,8,0,0,1,-1,0
2026 Montana's Brier,df334da6,-1,1,0,0,0,0,0,-1,7,1,0,0,0,0
2026 Montana's Brier,df334da6,1,-2,0,-2,0,0,0,0,6,1,0,1,1,0
2026 Montana's Brier,df334da6,0,3,4,1,0,-1,0,-1,5,0,0,0,-1,0
2026 Montana's Brier,df334da6,0,0,0,-1,0,1,-1,0,4,1,0,1,1,0
2026 Montana's Brier,df334da6,-2,0,-2,-2,0,0,0,-1,3,0,0,0,0,0
2026 Montana's Brier,df334da6,1,2,1,2,0,0,0,-2,2,0,0,1,0,0
2026 Montana's Brier,df334da6,-2,0,0,0,0,0,0,-3,1,0,0,0,-2,0
2026 Montana's Brier,e86d350b,-2,1,1,-2,1,1,0,1,9,1,1,0,1,1
2026 Montana's Brier,e86d350b,5,0,-1,8,-2,-3,0,0,8,0,1,1,1,1
2026 Montana's Brier,e86d350b,0,-3,-2,-1,1,0,1,-1,7,0,1,0,-3,1
2026 Montana's Brier,e86d350b,2,1,0,-1,1,1,0,0,6,1,1,1,1,1
2026 Montana's Brier,e86d350b,-1,5,2,1,0,0,0,-1,5,0,1,0,-1,1
2026 Montana's Brier,e86d350b,1,3,-3,0,1,1,0,0,4,1,1,1,1,1
2026 Montana's Brier,e86d350b,1,4,-2,3,-1,-3,1,-1,3,0,1,0,-1,1
2026 Montana's Brier,e86d350b,-3,-1,-3,3,1,2,-1,0,2,1,1,1,2,1
2026 Montana's Brier,e86d350b,2,-3,-2,-3,0,-1,1,-1,1,0,1,0,-1,1
2026 Montana's Brier,a3a6cc7d,-1,-1,-2,-4,0,1,-1,1,9,1,1,0,-2,0
2026 Montana's Brier,a3a6cc7d,-1,3,-1,-5,1,1,0,2,8,1,1,1,-1,0
2026 Montana's Brier,a3a6cc7d,-4,-1,-4,1,0,1,0,3,7,1,1,0,-1,0
2026 Montana's Brier,a3a6cc7d,0,-1,0,-2,0,0,0,4,6,1,1,1,-1,0
2026 Montana's Brier,a3a6cc7d,3,-7,-1,-1,1,2,-1,5,5,1,1,0,1,0
2026 Montana's Brier,a3a6cc7d,0,1,0,0,0,0,0,4,4,0,1,1,1,0
2026 Montana's Brier,a3a6cc7d,-1,-2,0,-1,0,0,0,3,3,0,1,0,-2,0
2026 Montana's Brier,a3a6cc7d,-2,-4,2,-2,0,0,0,4,2,1,1,1,1,0
2026 Montana's Brier,a3a6cc7d,2,4,-2,-6,0,-1,0,3,1,0,1,0,-1,0
2026 Montana's Brier,8fc81b68,-5,-2,-2,-2,0,0,0,1,9,1,1,0,1,0
2026 Montana's Brier,8fc81b68,0,-2,-4,-4,1,0,1,0,8,0,1,1,-2,0
2026 Montana's Brier,8fc81b68,-2,0,1,1,0,0,0,1,7,1,1,0,2,0
2026 Montana's Brier,8fc81b68,0,1,-1,1,0,0,0,0,6,0,1,1,-1,0
2026 Montana's Brier,8fc81b68,-2,-1,0,-7,1,2,0,1,5,1,1,0,-2,0
2026 Montana's Brier,8fc81b68,-2,-1,-3,-4,1,2,0,2,4,1,1,1,-1,0
2026 Montana's Brier,8fc81b68,-2,-2,-3,-1,0,0,0,3,3,1,1,0,1,0
2026 Montana's Brier,8fc81b68,4,1,2,-3,0,0,0,2,2,0,1,1,-2,0
2026 Montana's Brier,8fc81b68,2,-5,-6,-4,2,2,0,3,1,1,1,0,1,0
2026 Montana's Brier,58ea56b0,1,4,1,0,0,0,0,-1,9,0,0,0,0,1
2026 Montana's Brier,58ea56b0,-1,-4,0,-2,0,0,0,-2,8,0,0,1,-2,1
2026 Montana's Brier,58ea56b0,-1,-6,1,4,-1,1,-1,-1,7,1,0,0,2,1
2026 Montana's Brier,58ea56b0,0,0,-1,4,-1,-1,0,-2,6,0,0,1,1,1
2026 Montana's Brier,58ea56b0,3,2,0,6,-1,-1,0,-3,5,0,0,0,1,1
2026 Montana's Brier,58ea56b0,1,3,0,2,-1,-1,0,-4,4,0,0,1,-1,1
2026 Montana's Brier,58ea56b0,-2,-2,-2,-1,1,1,0,-3,3,1,0,0,1,1
2026 Montana's Brier,58ea56b0,2,0,-2,-2,0,0,0,-4,2,0,0,1,-2,1
2026 Montana's Brier,58ea56b0,0,-2,-2,0,1,1,0,-3,1,1,0,0,1,1
2026 Montana's Brier,58ea56b0,0,-4,-1,6,-1,-1,0,-4,0,0,0,1,2,1
2026 Montana's Brier,96552f11,4,7,-2,6,0,-3,1,-1,9,0,0,0,3,1
2026 Montana's Brier,96552f11,4,6,2,5,0,0,0,-2,8,0,0,1,2,1
2026 Montana's Brier,96552f11,2,-2,2,1,0,-2,1,-3,7,0,0,0,-1,1
2026 Montana's Brier,96552f11,0,4,-2,-2,1,1,0,-2,6,1,0,1,0,1
2026 Montana's Brier,96552f11,2,1,-2,0,0,0,0,-1,5,1,0,0,0,1
2026 Montana's Brier,96552f11,-3,-3,-4,-1,1,1,0,0,4,1,0,1,-1,1
2026 Montana's Brier,96552f11,2,5,1,2,0,0,-2,1,3,1,0,0,2,1
2026 Montana's Brier,96552f11,3,4,2,5,0,0,0,0,2,0,0,1,1,1
2026 Montana's Brier,9a18fa01,-1,-2,-1,-2,0,0,0,-1,9,0,0,0,-2,0
2026 Montana's Brier,9a18fa01,-2,-2,3,1,0,0,0,0,8,1,0,1,2,0
2026 Montana's Brier,9a18fa01,-2,2,2,2,0,0,0,-1,7,0,0,0,-1,0
2026 Montana's Brier,9a18fa01,-1,0,2,3,0,0,0,0,6,1,0,1,3,0
2026 Montana's Brier,9a18fa01,2,-3,-3,-2,1,0,1,-1,5,0,0,0,-2,0
2026 Montana's Brier,9a18fa01,-1,-2,-2,2,0,1,-1,0,4,1,0,1,1,0
2026 Montana's Brier,9a18fa01,1,0,1,4,-1,-1,0,-1,3,0,0,0,0,0
2026 Montana's Brier,9a18fa01,0,0,2,0,0,0,0,-2,2,0,0,1,-1,0
2026 Montana's Brier,9a18fa01,0,1,0,-5,1,1,0,-1,1,1,0,0,-2,0
2026 Montana's Brier,9a18fa01,0,2,-1,4,-1,0,-1,0,0,1,0,1,2,0
2026 Montana's Brier,a78ea8ad,0,0,0,-2,0,0,0,1,9,1,1,0,1,0
2026 Montana's Brier,a78ea8ad,0,2,-1,0,0,0,0,0,8,0,1,1,-2,0
2026 Montana's Brier,a78ea8ad,1,-2,0,1,0,1,-1,1,7,1,1,0,2,0
2026 Montana's Brier,a78ea8ad,0,0,0,0,0,0,0,0,6,0,1,1,0,0
2026 Montana's Brier,a78ea8ad,-1,-4,1,2,0,0,0,-1,5,0,1,0,-2,0
2026 Montana's Brier,a78ea8ad,0,1,-1,-5,1,1,0,0,4,1,1,1,-1,0
2026 Montana's Brier,a78ea8ad,0,0,0,0,0,0,0,1,3,1,1,0,1,0
2026 Montana's Brier,a78ea8ad,0,0,-2,-2,0,0,0,0,2,0,1,1,-2,0
2026 Montana's Brier,a78ea8ad,1,0,0,-5,0,0,0,1,1,1,1,0,-1,0
2026 Montana's Brier,d4cca6ec,-3,6,-5,-3,1,3,-3,1,9,1,1,0,-2,0
2026 Montana's Brier,d4cca6ec,5,-3,-1,1,0,0,0,2,8,1,1,1,2,0
2026 Montana's Brier,d4cca6ec,4,-1,-1,-6,1,0,1,1,7,0,1,0,-4,0
2026 Montana's Brier,d4cca6ec,-1,3,0,-2,1,1,0,2,6,1,1,1,1,0
2026 Montana's Brier,d4cca6ec,3,1,-2,1,0,0,0,1,5,0,1,0,-1,0
2026 Montana's Brier,d4cca6ec,1,5,5,2,-2,0,-3,2,4,1,1,1,2,0
2026 Montana's Brier,d4cca6ec,1,-1,-3,-1,0,0,0,1,3,0,1,0,-2,0
2026 Montana's Brier,d4cca6ec,1,1,0,3,0,0,0,2,2,1,1,1,3,0
2026 Montana's Brier,d4cca6ec,2,-1,2,-1,0,0,0,1,1,0,1,0,0,0
2026 Montana's Brier,d4cca6ec,3,0,3,0,-1,-1,0,0,0,0,1,1,-1,0
2026 Montana's Brier,24dcf529,0,3,2,4,0,0,0,1,9,1,1,0,4,1
2026 Montana's Brier,24dcf529,-1,1,-2,-1,0,0,0,0,8,0,1,1,-2,1
2026 Montana's Brier,24dcf529,1,4,2,1,0,0,0,1,7,1,1,0,4,1
2026 Montana's Brier,24dcf529,0,3,4,5,-1,-1,0,0,6,0,1,1,3,1
2026 Montana's Brier,24dcf529,-1,2,4,-3,0,-1,1,-1,5,0,1,0,-2,1
2026 Montana's Brier,24dcf529,3,0,3,3,-1,0,-1,0,4,1,1,1,4,1
2026 Montana's Brier,24dcf529,0,-4,1,-4,0,-1,2,-1,3,0,1,0,-2,1
2026 Montana's Brier,008d8318,0,-1,2,4,-1,0,-1,1,9,1,1,0,0,1
2026 Montana's Brier,008d8318,1,1,0,4,0,0,0,2,8,1,1,1,2,1
2026 Montana's Brier,008d8318,2,4,2,-1,0,-1,0,1,7,0,1,0,1,1
2026 Montana's Brier,008d8318,-1,1,7,6,-2,-2,0,0,6,0,1,1,5,1
2026 Montana's Brier,008d8318,2,-3,2,4,-1,-1,1,-1,5,0,1,0,2,1
2026 Montana's Brier,008d8318,1,0,2,0,0,0,0,-2,4,0,1,1,-1,1
2026 Montana's Brier,008d8318,0,4,3,0,0,0,-1,-1,3,1,1,0,2,1
2026 Montana's Brier,008d8318,2,-2,-1,-2,1,0,1,-2,2,0,1,1,-2,1
2026 Montana's Brier,f56b7e6e,-3,-1,0,0,0,0,0,-1,9,0,0,0,-2,0
2026 Montana's Brier,f56b7e6e,1,-2,-2,-1,0,0,0,0,8,1,0,1,1,0
2026 Montana's Brier,f56b7e6e,-1,1,1,0,0,0,0,-1,7,0,0,0,-2,0
2026 Montana's Brier,f56b7e6e,0,-1,0,1,0,0,-1,0,6,1,0,1,-1,0
2026 Montana's Brier,f56b7e6e,0,-2,0,0,0,0,0,1,5,1,0,0,2,0
2026 Montana's Brier,f56b7e6e,-1,-4,-1,1,-1,-1,1,0,4,0,0,1,-1,0
2026 Montana's Brier,f56b7e6e,-1,-1,-4,1,1,1,0,1,3,1,0,0,1,0
2026 Montana's Brier,f56b7e6e,0,-4,-3,-3,0,0,0,0,2,0,0,1,-4,0
2026 Montana's Brier,a76b63b2,0,0,1,2,0,0,0,-1,9,0,0,0,-1,0
2026 Montana's Brier,a76b63b2,-2,0,-2,-3,1,1,0,0,8,1,0,1,-1,0
2026 Montana's Brier,a76b63b2,1,2,-1,4,0,0,0,1,7,1,0,0,3,0
2026 Montana's Brier,a76b63b2,0,5,0,2,-1,-2,0,0,6,0,0,1,0,0
2026 Montana's Brier,a76b63b2,-2,-3,-3,-1,0,0,0,-1,5,0,0,0,-1,0
2026 Montana's Brier,a76b63b2,-4,2,3,1,-1,0,-1,0,4,1,0,1,3,0
2026 Montana's Brier,a76b63b2,4,3,1,-2,0,0,0,-1,3,0,0,0,-2,0
2026 Montana's Brier,a76b63b2,0,-2,-1,-6,1,1,0,0,2,1,0,1,-3,0
2026 Montana's Brier,a76b63b2,0,-4,0,-3,1,1,0,1,1,1,0,0,1,0
2026 Montana's Brier,9ed3216a,1,-1,-1,-2,1,-1,2,-1,9,0,0,0,-2,0
2026 Montana's Brier,9ed3216a,2,-5,2,-4,1,1,0,0,8,1,0,1,-1,0
2026 Montana's Brier,9ed3216a,0,3,-2,0,0,0,0,1,7,1,0,0,1,0
2026 Montana's Brier,9ed3216a,0,-6,-1,0,0,0,0,0,6,0,0,1,-3,0
2026 Montana's Brier,9ed3216a,1,-1,6,2,-1,0,-1,1,5,1,0,0,1,0
2026 Montana's Brier,9ed3216a,1,-3,2,-2,0,0,0,0,4,0,0,1,0,0
2026 Montana's Brier,9ed3216a,2,2,-3,-1,0,0,0,-1,3,0,0,0,0,0
2026 Montana's Brier,9ed3216a,2,1,1,3,0,0,0,-2,2,0,0,1,1,0
2026 Montana's Brier,9ed3216a,-3,-3,-4,-3,1,0,1,-3,1,0,0,0,-3,0
2026 Montana's Brier,1cbfe82d,-1,-2,0,0,0,0,0,1,9,1,1,0,2,1
2026 Montana's Brier,1cbfe82d,0,1,2,4,-1,-1,0,0,8,0,1,1,-1,1
2026 Montana's Brier,1cbfe82d,0,-4,-2,-4,0,1,0,1,7,1,1,0,-1,1
2026 Montana's Brier,1cbfe82d,2,-2,2,6,-1,0,-1,2,6,1,1,1,3,1
2026 Montana's Brier,1cbfe82d,1,2,2,-3,0,0,0,1,5,0,1,0,-2,1
2026 Montana's Brier,1cbfe82d,0,2,-1,-4,1,1,0,2,4,1,1,1,-2,1
2026 Montana's Brier,1cbfe82d,1,5,2,0,0,0,-1,3,3,1,1,0,2,1
2026 Montana's Brier,1cbfe82d,2,2,1,2,0,0,0,2,2,0,1,1,1,1
2026 Montana's Brier,1cbfe82d,1,2,0,2,0,0,0,1,1,0,1,0,-1,1
2026 Montana's Brier,1cbfe82d,-1,0,-1,0,0,0,0,2,0,1,1,1,2,1
2026 Montana's Brier,b5388a04,-2,1,1,2,-1,-1,0,-1,9,0,0,0,-1,0
2026 Montana's Brier,b5388a04,0,4,-3,2,0,0,0,0,8,1,0,1,2,0
2026 Montana's Brier,b5388a04,-3,4,3,1,-1,-2,0,-1,7,0,0,0,-1,0
2026 Montana's Brier,b5388a04,-2,-1,0,-2,0,0,0,0,6,1,0,1,1,0
2026 Montana's Brier,b5388a04,-2,-1,-4,-2,0,0,1,-1,5,0,0,0,-2,0
2026 Montana's Brier,b5388a04,3,2,-2,0,0,1,-1,0,4,1,0,1,0,0
2026 Montana's Brier,b5388a04,1,0,-2,-1,0,0,0,1,3,1,0,0,1,0
2026 Montana's Brier,b5388a04,0,3,0,0,0,0,0,0,2,0,0,1,-1,0
2026 Montana's Brier,b5388a04,0,5,4,-1,0,0,-1,1,1,1,0,0,1,0
2026 Montana's Brier,b5388a04,0,-3,-3,-1,0,0,0,0,0,0,0,1,-1,0
2026 Montana's Brier,5197de1d,0,1,1,-2,0,0,0,-1,9,0,0,0,-2,1
2026 Montana's Brier,5197de1d,3,2,0,4,0,0,0,0,8,1,0,1,2,1
2026 Montana's Brier,5197de1d,3,1,-1,6,-1,-1,0,-1,7,0,0,0,1,1
2026 Montana's Brier,5197de1d,-1,0,-1,1,0,-1,1,-2,6,0,0,1,-1,1
2026 Montana's Brier,5197de1d,1,-4,0,2,0,0,0,-1,5,1,0,0,1,1
2026 Montana's Brier,5197de1d,0,2,0,-3,-1,-1,0,-2,4,0,0,1,-2,1
2026 Montana's Brier,5197de1d,-2,-1,5,4,-1,0,-1,-1,3,1,0,0,3,1
2026 Montana's Brier,5197de1d,0,3,1,8,-3,-4,0,-2,2,0,0,1,1,1
2026 Montana's Brier,5197de1d,-1,1,-3,1,-1,-1,0,-3,1,0,0,0,-1,1
2026 Montana's Brier,5197de1d,-1,0,1,2,0,0,0,-2,0,1,0,1,-1,1
2026 Montana's Brier,aae516cd,0,1,2,2,0,0,0,1,9,1,1,0,2,0
2026 Montana's Brier,aae516cd,1,-1,-1,-4,2,-1,3,0,8,0,1,1,-2,0
2026 Montana's Brier,aae516cd,0,-1,4,2,0,0,0,1,7,1,1,0,0,0
2026 Montana's Brier,aae516cd,0,0,-3,-4,1,1,0,2,6,1,1,1,-1,0
2026 Montana's Brier,aae516cd,-3,-2,4,-2,0,1,-1,3,5,1,1,0,-1,0
2026 Montana's Brier,aae516cd,-3,0,-4,-3,1,1,0,4,4,1,1,1,-1,0
2026 Montana's Brier,aae516cd,-2,2,-8,-4,2,2,-1,5,3,1,1,0,-3,0
2026 Montana's Brier,aae516cd,0,-2,0,-2,0,0,0,6,2,1,1,1,1,0
2026 Montana's Brier,7d2e8fba,-2,-2,2,4,-1,0,-1,1,9,1,1,0,2,1
2026 Montana's Brier,7d2e8fba,-1,0,0,0,0,0,0,0,8,0,1,1,0,1
2026 Montana's Brier,7d2e8fba,3,0,1,0,0,0,0,-1,7,0,1,0,-1,1
2026 Montana's Brier,7d2e8fba,0,1,-1,0,0,0,0,0,6,1,1,1,0,1
2026 Montana's Brier,7d2e8fba,1,-1,-1,0,1,1,0,1,5,1,1,0,0,1
2026 Montana's Brier,7d2e8fba,-1,1,-3,-4,2,2,0,2,4,1,1,1,-1,1
2026 Montana's Brier,7d2e8fba,0,1,5,6,0,0,0,3,3,1,1,0,4,1
2026 Montana's Brier,7d2e8fba,1,1,2,5,-1,-1,0,2,2,0,1,1,4,1
2026 Montana's Brier,1753cf6f,2,0,2,6,-1,-1,0,-1,9,0,0,0,1,1
2026 Montana's Brier,1753cf6f,3,1,2,1,-2,-3,1,-2,8,0,0,1,1,1
2026 Montana's Brier,1753cf6f,-2,-2,1,0,-1,-1,0,-3,7,0,0,0,-1,1
2026 Montana's Brier,1753cf6f,1,3,0,6,-1,0,-2,-2,6,1,0,1,3,1
2026 Montana's Brier,1753cf6f,-2,0,2,7,-2,-2,0,-3,5,0,0,0,4,1
2026 Montana's Brier,1753cf6f,-1,-1,3,-1,0,0,0,-4,4,0,0,1,-1,1
2026 Montana's Brier,1753cf6f,0,3,3,3,-1,0,-1,-3,3,1,0,0,2,1
2026 Montana's Brier,1753cf6f,3,3,3,0,0,0,0,-4,2,0,0,1,-2,1
2026 Montana's Brier,b7170825,0,5,-1,2,0,-1,0,-1,9,0,0,0,-1,1
2026 Montana's Brier,b7170825,2,2,0,1,1,1,0,0,8,1,0,1,1,1
2026 Montana's Brier,b7170825,-4,3,4,-1,-1,-2,1,-1,7,0,0,0,-1,1
2026 Montana's Brier,b7170825,2,0,4,1,-1,0,-2,0,6,1,0,1,1,1
2026 Montana's Brier,b7170825,1,1,2,-3,0,0,0,-1,5,0,0,0,0,1
2026 Montana's Brier,b7170825,-2,3,2,0,0,-1,1,-2,4,0,0,1,0,1
2026 Montana's Brier,b7170825,3,3,2,2,-1,-1,0,-3,3,0,0,0,2,1
2026 Montana's Brier,b7170825,1,3,-2,-2,2,0,2,-4,2,0,0,1,-2,1
2026 Montana's Brier,b7170825,2,-1,0,8,-2,0,-2,-3,1,1,0,0,4,1
2026 Montana's Brier,36d04693,0,-1,1,2,0,1,0,1,9,1,1,0,2,1
2026 Montana's Brier,36d04693,0,1,-1,3,-1,-2,0,0,8,0,1,1,-1,1
2026 Montana's Brier,36d04693,-1,0,0,-1,0,0,0,1,7,1,1,0,1,1
2026 Montana's Brier,36d04693,0,0,3,-1,-1,-1,0,0,6,0,1,1,-1,1
2026 Montana's Brier,36d04693,-3,2,-2,6,-1,1,-2,1,5,1,1,0,2,1
2026 Montana's Brier,36d04693,1,-5,3,6,-1,-1,1,0,4,0,1,1,2,1
2026 Montana's Brier,36d04693,0,4,-2,4,1,-1,1,-1,3,0,1,0,1,1
2026 Montana's Brier,36d04693,1,0,0,0,0,0,0,-2,2,0,1,1,-1,1
2026 Montana's Brier,dcbe11f7,4,1,0,0,0,0,0,1,9,1,1,0,0,1
2026 Montana's Brier,dcbe11f7,1,1,5,2,-1,0,-1,2,8,1,1,1,3,1
2026 Montana's Brier,dcbe11f7,2,0,-1,4,-1,-1,0,1,7,0,1,0,-1,1
2026 Montana's Brier,dcbe11f7,0,3,0,0,0,0,0,2,6,1,1,1,0,1
2026 Montana's Brier,dcbe11f7,0,2,0,-2,0,0,0,3,5,1,1,0,1,1
2026 Montana's Brier,dcbe11f7,0,2,3,0,-1,-2,1,2,4,0,1,1,-1,1
2026 Montana's Brier,dcbe11f7,0,2,1,3,0,0,0,3,3,1,1,0,2,1
2026 Montana's Brier,dcbe11f7,-1,-2,4,0,0,-1,1,2,2,0,1,1,-1,1
2026 Montana's Brier,dcbe11f7,0,3,1,0,0,0,-1,3,1,1,1,0,1,1
2026 Montana's Brier,684e2168,4,3,4,4,0,0,-1,1,9,1,1,0,3,1
2026 Montana's Brier,684e2168,7,4,4,3,-1,-2,0,0,8,0,1,1,2,1
2026 Montana's Brier,684e2168,5,1,0,-2,0,-1,0,-1,7,0,1,0,0,1
2026 Montana's Brier,684e2168,1,0,6,-1,-2,-4,2,-2,6,0,1,1,1,1
2026 Montana's Brier,684e2168,0,-2,-1,0,0,0,0,-3,5,0,1,0,-2,1
2026 Montana's Brier,684e2168,2,4,-1,3,-1,0,-1,-2,4,1,1,1,2,1
2026 Montana's Brier,684e2168,8,2,-1,2,0,-2,0,-3,3,0,1,0,1,1
2026 Montana's Brier,684e2168,5,0,6,0,-1,-2,1,-4,2,0,1,1,1,1
2026 Montana's Brier,2f47a788,-1,0,-1,-2,0,0,0,1,9,1,1,0,1,1
2026 Montana's Brier,2f47a788,0,2,0,3,0,0,0,0,8,0,1,1,-1,1
2026 Montana's Brier,2f47a788,1,2,1,-2,0,0,0,1,7,1,1,0,1,1
2026 Montana's Brier,2f47a788,3,-1,2,-5,1,0,1,0,6,0,1,1,-2,1
2026 Montana's Brier,2f47a788,-1,0,-5,-2,2,2,0,1,5,1,1,0,-1,1
2026 Montana's Brier,2f47a788,1,0,6,5,-1,0,-1,2,4,1,1,1,3,1
2026 Montana's Brier,2f47a788,3,0,2,2,-1,-2,0,1,3,0,1,0,-1,1
2026 Montana's Brier,2f47a788,-2,-1,0,5,-1,0,-1,2,2,1,1,1,2,1
2026 Montana's Brier,2f47a788,-1,2,1,4,-1,-1,0,1,1,0,1,0,-1,1
2026 Montana's Brier,2f47a788,1,4,3,0,0,0,-1,2,0,1,1,1,1,1
2026 Montana's Brier,7dde5b36,3,-2,-2,-7,2,2,0,1,9,1,1,0,-3,0
2026 Montana's Brier,7dde5b36,0,0,-6,1,1,1,0,2,8,1,1,1,1,0
2026 Montana's Brier,7dde5b36,2,-1,1,0,0,0,0,1,7,0,1,0,1,0
2026 Montana's Brier,7dde5b36,1,-1,4,-6,1,0,1,0,6,0,1,1,-4,0
2026 Montana's Brier,7dde5b36,1,0,1,2,0,0,0,1,5,1,1,0,2,0
2026 Montana's Brier,7dde5b36,-1,-2,0,-2,0,0,0,0,4,0,1,1,0,0
2026 Montana's Brier,7dde5b36,4,-3,0,-2,0,0,0,-1,3,0,1,0,-2,0
2026 Montana's Brier,7dde5b36,2,-3,-4,-4,1,1,0,0,2,1,1,1,-2,0
2026 Montana's Brier,9fcac670,0,-6,0,-3,1,2,0,1,9,1,1,0,-3,0
2026 Montana's Brier,9fcac670,-3,-3,1,2,0,0,0,2,8,1,1,1,2,0
2026 Montana's Brier,9fcac670,2,0,4,4,-1,-1,0,1,7,0,1,0,1,0
2026 Montana's Brier,9fcac670,1,-4,1,1,0,0,1,0,6,0,1,1,-1,0
2026 Montana's Brier,9fcac670,-3,-5,-6,-2,2,3,0,1,5,1,1,0,-4,0
2026 Montana's Brier,9fcac670,1,-2,1,-5,0,1,-1,2,4,1,1,1,-2,0
2026 Montana's Brier,9fcac670,0,2,0,-4,1,1,-1,3,3,1,1,0,0,0
2026 Montana's Brier,9fcac670,0,-2,0,0,0,0,0,4,2,1,1,1,1,0
2026 Montana's Brier,c439d010,3,1,2,2,0,0,0,1,9,1,1,0,5,1
2026 Montana's Brier,c439d010,0,1,4,1,-1,-1,0,0,8,0,1,1,-1,1
2026 Montana's Brier,c439d010,3,4,0,0,0,0,0,1,7,1,1,0,1,1
2026 Montana's Brier,c439d010,0,4,3,0,0,-1,0,0,6,0,1,1,-1,1
2026 Montana's Brier,c439d010,2,1,3,5,0,0,0,1,5,1,1,0,3,1
2026 Montana's Brier,c439d010,3,1,0,2,0,0,0,0,4,0,1,1,-1,1
2026 Montana's Brier,c439d010,0,0,0,-1,1,1,0,1,3,1,1,0,0,1
2026 Montana's Brier,c439d010,1,1,4,1,0,0,0,2,2,1,1,1,0,1
2026 Montana's Brier,e3496156,-1,1,1,0,0,0,0,-1,9,0,0,0,0,1
2026 Montana's Brier,e3496156,-1,-2,1,3,0,0,0,-2,8,0,0,1,-1,1
2026 Montana's Brier,e3496156,2,3,-1,1,0,0,0,-1,7,1,0,0,2,1
2026 Montana's Brier,e3496156,-2,-4,-3,0,0,0,0,-2,6,0,0,1,-2,1
2026 Montana's Brier,e3496156,0,-3,0,2,0,0,0,-1,5,1,0,0,1,1
2026 Montana's Brier,e3496156,2,1,1,2,0,0,0,-2,4,0,0,1,-1,1
2026 Montana's Brier,e3496156,-1,2,0,1,0,0,0,-1,3,1,0,0,2,1
2026 Montana's Brier,e3496156,-1,-3,1,-2,0,0,0,-2,2,0,0,1,-2,1
2026 Montana's Brier,e3496156,-2,-2,0,1,0,0,0,-1,1,1,0,0,2,1
2026 Montana's Brier,e3496156,-1,2,1,-2,0,-1,0,-2,0,0,0,1,-1,1
2026 Montana's Brier,a8f16dcd,2,4,4,6,-1,-1,0,-1,9,0,0,0,2,1
2026 Montana's Brier,a8f16dcd,4,3,2,-2,0,0,0,-2,8,0,0,1,-1,1
2026 Montana's Brier,a8f16dcd,0,1,-5,1,0,0,0,-1,7,1,0,0,1,1
2026 Montana's Brier,a8f16dcd,0,0,0,-2,0,0,0,-2,6,0,0,1,-1,1
2026 Montana's Brier,a8f16dcd,0,-4,4,2,-1,0,-1,-1,5,1,0,0,2,1
2026 Montana's Brier,a8f16dcd,-1,1,-3,0,-1,-1,0,-2,4,0,0,1,1,1
2026 Montana's Brier,a8f16dcd,0,-3,-5,-3,0,0,1,-3,3,0,0,0,-3,1
2026 Montana's Brier,a8f16dcd,0,3,3,5,0,0,0,-2,2,1,0,1,4,1
2026 Montana's Brier,9b6d3ff5,3,-1,0,4,-1,-1,0,-1,9,0,0,0,2,1
2026 Montana's Brier,9b6d3ff5,1,4,0,1,0,0,0,-2,8,0,0,1,-1,1
2026 Montana's Brier,9b6d3ff5,0,-3,0,3,0,0,0,-1,7,1,0,0,3,1
2026 Montana's Brier,9b6d3ff5,0,1,-1,0,0,0,0,-2,6,0,0,1,-1,1
2026 Montana's Brier,9b6d3ff5,2,2,0,0,0,0,0,-1,5,1,0,0,1,1
2026 Montana's Brier,9b6d3ff5,-1,0,-2,2,-1,-1,0,-2,4,0,0,1,1,1
2026 Montana's Brier,9b6d3ff5,-2,0,2,2,-1,-1,0,-3,3,0,0,0,-1,1
2026 Montana's Brier,9b6d3ff5,-6,-3,0,-4,1,2,0,-2,2,1,0,1,-1,1
2026 Montana's Brier,9b6d3ff5,-5,0,0,1,0,0,0,-1,1,1,0,0,2,1
2026 Montana's Brier,1b7cd479,4,0,2,-2,0,0,0,-1,9,0,0,0,-1,1
2026 Montana's Brier,1b7cd479,2,1,2,1,0,0,0,0,8,1,0,1,3,1
2026 Montana's Brier,1b7cd479,4,1,5,0,0,0,0,-1,7,0,0,0,-1,1
2026 Montana's Brier,1b7cd479,1,0,-3,-1,0,0,0,0,6,1,0,1,1,1
2026 Montana's Brier,1b7cd479,2,4,-1,4,-1,-2,0,-1,5,0,0,0,2,1
2026 Montana's Brier,1b7cd479,-2,4,4,2,-1,-1,0,-2,4,0,0,1,-1,1
2026 Montana's Brier,1b7cd479,4,1,2,-1,0,0,-1,-1,3,1,0,0,-1,1
2026 Montana's Brier,1b7cd479,1,3,3,-3,1,1,0,0,2,1,0,1,0,1
2026 Montana's Brier,1b7cd479,3,3,0,5,-1,0,-1,1,1,1,0,0,3,1
2026 Montana's Brier,7144eda9,-3,0,2,8,-2,-2,0,-1,9,0,0,0,2,0
2026 Montana's Brier,7144eda9,2,-1,-3,4,-1,-2,0,-2,8,0,0,1,1,0
2026 Montana's Brier,7144eda9,0,-1,0,0,0,0,0,-3,7,0,0,0,0,0
2026 Montana's Brier,7144eda9,0,4,4,3,-1,-1,0,-4,6,0,0,1,-1,0
2026 Montana's Brier,7144eda9,0,1,2,-4,1,1,0,-3,5,1,0,0,1,0
2026 Montana's Brier,7144eda9,0,0,0,-1,0,0,0,-4,4,0,0,1,-2,0
2026 Montana's Brier,7144eda9,0,1,4,-5,0,1,-1,-3,3,1,0,0,-1,0
2026 Montana's Brier,7144eda9,-2,-1,0,-3,1,1,0,-2,2,1,0,1,-1,0
2026 Montana's Brier,7144eda9,0,0,-2,-3,0,0,0,-1,1,1,0,0,-1,0
2026 Montana's Brier,7144eda9,-2,5,-4,0,1,1,-1,0,0,1,0,1,2,0
2026 Montana's Brier,7144eda9,0,2,1,0,0,-1,0,-1,-1,0,0,0,-1,0
2026 Montana's Brier,5574fd3d,0,-4,-6,-5,1,0,1,-1,9,0,0,0,-2,0
2026 Montana's Brier,5574fd3d,0,0,-4,0,1,1,0,0,8,1,0,1,1,0
2026 Montana's Brier,5574fd3d,-2,2,-2,0,0,0,0,-1,7,0,0,0,0,0
2026 Montana's Brier,5574fd3d,-1,-4,-4,-3,1,0,2,-2,6,0,0,1,-2,0
2026 Montana's Brier,5574fd3d,-2,-2,2,-2,-1,0,-1,-1,5,1,0,0,1,0
2026 Montana's Brier,5574fd3d,0,-2,-2,1,0,0,0,-2,4,0,0,1,-1,0
2026 Montana's Brier,5574fd3d,0,0,3,-7,1,1,0,-1,3,1,0,0,-3,0
2026 Montana's Brier,5574fd3d,0,2,0,-4,1,1,-1,0,2,1,0,1,1,0
2026 Montana's Brier,ff0bdf43,0,-2,-2,0,-1,-1,0,-1,9,0,0,0,-1,0
2026 Montana's Brier,ff0bdf43,-3,1,-3,-3,0,0,0,0,8,1,0,1,-1,0
2026 Montana's Brier,ff0bdf43,-1,-2,-5,-1,0,0,0,1,7,1,0,0,1,0
2026 Montana's Brier,ff0bdf43,2,-1,2,4,-1,-1,0,0,6,0,0,1,1,0
2026 Montana's Brier,ff0bdf43,-1,-6,-2,-2,0,0,0,-1,5,0,0,0,-2,0
2026 Montana's Brier,ff0bdf43,-2,-3,-1,-5,0,0,0,0,4,1,0,1,-2,0
2026 Montana's Brier,ff0bdf43,2,-1,2,1,0,0,0,1,3,1,0,0,3,0
2026 Montana's Brier,ff0bdf43,4,-4,0,2,0,0,0,0,2,0,0,1,-1,0
2026 Montana's Brier,ff0bdf43,1,0,-2,2,0,0,0,1,1,1,0,0,1,0
2026 Montana's Brier,ff0bdf43,6,-2,-2,-2,1,-1,1,0,0,0,0,1,-2,0
2026 Montana's Brier,f3780930,-2,-5,-3,-3,0,0,1,-1,9,0,0,0,-2,0
2026 Montana's Brier,f3780930,0,2,-1,4,0,0,0,0,8,1,0,1,2,0
2026 Montana's Brier,f3780930,1,-2,1,3,0,-1,0,-1,7,0,0,0,-1,0
2026 Montana's Brier,f3780930,-4,-3,-3,3,0,1,0,0,6,1,0,1,1,0
2026 Montana's Brier,f3780930,0,-1,-3,4,-1,-1,0,-1,5,0,0,0,1,0
2026 Montana's Brier,f3780930,0,0,1,-2,0,0,0,-2,4,0,0,1,-2,0
2026 Montana's Brier,f3780930,-2,-2,0,0,0,0,0,-1,3,1,0,0,0,0
2026 Montana's Brier,f3780930,0,-2,-1,-3,0,0,0,0,2,1,0,1,-1,0
2026 Montana's Brier,f3780930,0,-1,-2,-4,1,1,0,1,1,1,0,0,-2,0
2026 Montana's Brier,441de679,-2,3,0,1,0,0,0,1,9,1,1,0,2,1
2026 Montana's Brier,441de679,2,-2,3,2,-2,-2,0,0,8,0,1,1,-1,1
2026 Montana's Brier,441de679,-3,1,3,1,0,0,0,1,7,1,1,0,0,1
2026 Montana's Brier,441de679,1,1,2,2,0,0,0,2,6,1,1,1,0,1
2026 Montana's Brier,441de679,0,0,0,-1,1,1,0,3,5,1,1,0,0,1
2026 Montana's Brier,441de679,2,2,0,2,0,0,0,4,4,1,1,1,0,1
2026 Montana's Brier,441de679,-2,-2,4,0,0,0,0,5,3,1,1,0,1,1
2026 Montana's Brier,441de679,4,0,3,5,-1,-2,0,4,2,0,1,1,1,1
2026 Montana's Brier,441de679,1,1,-4,4,-1,-1,0,3,1,0,1,0,1,1
2026 Montana's Brier,dc575abf,2,0,2,4,-1,0,-1,1,9,1,1,0,2,1
2026 Montana's Brier,dc575abf,0,0,0,7,-2,-3,1,0,8,0,1,1,2,1
2026 Montana's Brier,dc575abf,0,0,3,4,-2,-2,0,-1,7,0,1,0,3,1
2026 Montana's Brier,dc575abf,1,4,-2,1,0,-1,0,-2,6,0,1,1,-1,1
2026 Montana's Brier,dc575abf,0,2,-1,0,0,0,0,-1,5,1,1,0,1,1
2026 Montana's Brier,dc575abf,-1,1,0,-2,0,0,0,-2,4,0,1,1,-2,1
2026 Montana's Brier,dc575abf,4,1,2,2,0,0,-1,-1,3,1,1,0,2,1
2026 Montana's Brier,dc575abf,3,-3,2,-1,0,0,1,-2,2,0,1,1,-1,1
2026 Montana's Brier,dd0e4edf,0,0,-2,4,0,1,-1,1,9,1,1,0,2,1
2026 Montana's Brier,dd0e4edf,3,3,-1,-2,1,0,1,0,8,0,1,1,-1,1
2026 Montana's Brier,dd0e4edf,4,-4,1,5,-1,0,-2,1,7,1,1,0,2,1
2026 Montana's Brier,dd0e4edf,2,0,3,8,-2,-2,0,0,6,0,1,1,3,1
2026 Montana's Brier,dd0e4edf,0,6,2,0,0,-1,0,-1,5,0,1,0,-1,1
2026 Montana's Brier,dd0e4edf,0,1,0,0,0,0,0,0,4,1,1,1,3,1
2026 Montana's Brier,dd0e4edf,-4,-2,3,4,-1,-1,2,-1,3,0,1,0,-1,1
2026 Montana's Brier,dd0e4edf,-8,-2,4,0,-1,2,-1,0,2,1,1,1,1,1
2026 Montana's Brier,05782261,2,-2,0,0,0,0,0,-1,9,0,0,0,0,0
2026 Montana's Brier,05782261,0,-4,2,-1,0,0,1,-2,8,0,0,1,0,0
2026 Montana's Brier,05782261,-1,-3,2,2,-1,-1,0,-3,7,0,0,0,-2,0
2026 Montana's Brier,05782261,-5,-3,-4,-5,0,1,0,-2,6,1,0,1,-1,0
2026 Montana's Brier,05782261,1,-3,0,-4,1,1,0,-1,5,1,0,0,1,0
2026 Montana's Brier,05782261,-3,0,2,-2,0,0,0,-2,4,0,0,1,-1,0
2026 Montana's Brier,05782261,1,-5,5,-4,1,1,0,-1,3,1,0,0,1,0
2026 Montana's Brier,05782261,-1,0,-1,-5,0,0,0,-2,2,0,0,1,-2,0
2026 Montana's Brier,05782261,1,-1,0,-4,1,1,0,-1,1,1,0,0,1,0
2026 Montana's Brier,1c144ea6,-4,-2,2,-1,0,1,0,1,9,1,1,0,1,0
2026 Montana's Brier,1c144ea6,0,2,0,0,0,0,0,0,8,0,1,1,-1,0
2026 Montana's Brier,1c144ea6,0,-2,-1,0,0,1,0,1,7,1,1,0,0,0
2026 Montana's Brier,1c144ea6,0,1,1,-2,0,0,0,2,6,1,1,1,1,0
2026 Montana's Brier,1c144ea6,1,-1,-6,-3,1,0,1,1,5,0,1,0,-2,0
2026 Montana's Brier,1c144ea6,0,-3,-1,0,0,0,0,2,4,1,1,1,1,0
2026 Montana's Brier,1c144ea6,0,1,-3,-1,0,-1,0,1,3,0,1,0,-2,0
2026 Montana's Brier,1c144ea6,0,2,-2,0,0,0,0,2,2,1,1,1,0,0
2026 Montana's Brier,1c144ea6,0,1,1,-8,2,2,0,3,1,1,1,0,-1,0
2026 Montana's Brier,0578478b,2,1,1,-1,0,0,0,-1,9,0,0,0,-2,0
2026 Montana's Brier,0578478b,0,-3,0,0,0,0,0,0,8,1,0,1,1,0
2026 Montana's Brier,0578478b,2,0,2,1,0,0,0,-1,7,0,0,0,-2,0
2026 Montana's Brier,0578478b,3,-2,-3,0,0,0,0,0,6,1,0,1,-1,0
2026 Montana's Brier,0578478b,2,-2,0,-7,3,3,0,1,5,1,0,0,-1,0
2026 Montana's Brier,0578478b,1,-2,3,-5,2,2,0,2,4,1,0,1,1,0
2026 Montana's Brier,0578478b,4,3,4,-4,1,0,1,1,3,0,0,0,-2,0
2026 Montana's Brier,0578478b,3,3,1,-3,0,0,0,2,2,1,0,1,0,0
2026 Montana's Brier,7f1e0a9a,0,0,0,2,-1,-1,0,-1,9,0,0,0,0,0
2026 Montana's Brier,7f1e0a9a,2,-6,-2,-3,0,0,1,-2,8,0,0,1,-3,0
2026 Montana's Brier,7f1e0a9a,0,1,1,0,0,0,0,-1,7,1,0,0,0,0
2026 Montana's Brier,7f1e0a9a,-1,-1,0,1,0,0,0,0,6,1,0,1,0,0
2026 Montana's Brier,7f1e0a9a,2,-2,0,1,0,0,0,1,5,1,0,0,1,0
2026 Montana's Brier,7f1e0a9a,-1,-2,2,3,-1,-1,0,0,4,0,0,1,-1,0
2026 Montana's Brier,7f1e0a9a,0,-2,-4,0,0,0,0,1,3,1,0,0,1,0
2026 Montana's Brier,7f1e0a9a,0,-6,0,1,0,0,1,0,2,0,0,1,-2,0
2026 Montana's Brier,7f1e0a9a,1,-5,-2,0,0,1,0,1,1,1,0,0,1,0
2026 Montana's Brier,63f58973,0,-3,2,2,0,1,-1,1,9,1,1,0,2,0
2026 Montana's Brier,63f58973,-2,-3,1,3,-1,-1,1,0,8,0,1,1,-1,0
2026 Montana's Brier,63f58973,-2,0,0,2,0,0,0,1,7,1,1,0,0,0
2026 Montana's Brier,63f58973,-5,-1,-2,-5,1,1,0,2,6,1,1,1,-1,0
2026 Montana's Brier,63f58973,-2,-5,0,-2,0,1,0,3,5,1,1,0,-1,0
2026 Montana's Brier,63f58973,2,1,-2,-2,0,0,0,4,4,1,1,1,1,0
2026 Montana's Brier,63f58973,4,-3,3,-1,0,0,0,3,3,0,1,0,-2,0
2026 Montana's Brier,63f58973,0,-4,3,-2,0,0,0,4,2,1,1,1,1,0
2026 Montana's Brier,63f58973,-3,2,-3,1,0,0,0,3,1,0,1,0,-3,0
2026 Montana's Brier,013b82c4,0,-4,2,1,0,0,0,-1,9,0,0,0,-1,0
2026 Montana's Brier,013b82c4,1,-2,-2,6,-1,0,-1,0,8,1,0,1,2,0
2026 Montana's Brier,013b82c4,2,-2,0,0,0,0,0,-1,7,0,0,0,0,0
2026 Montana's Brier,013b82c4,3,1,-5,0,0,0,0,-2,6,0,0,1,-1,0
2026 Montana's Brier,013b82c4,-1,-3,4,1,-1,0,-1,-1,5,1,0,0,0,0
2026 Montana's Brier,013b82c4,-1,-2,-1,0,0,0,0,0,4,1,0,1,1,0
2026 Montana's Brier,013b82c4,-1,-3,0,-1,0,0,1,-1,3,0,0,0,0,0
2026 Montana's Brier,013b82c4,3,-4,-2,-3,0,0,1,-2,2,0,0,1,-2,0
2026 Montana's Brier,013b82c4,0,5,0,-1,0,0,0,-1,1,1,0,0,0,0
2026 Montana's Brier,013b82c4,0,1,0,-8,2,2,0,0,0,1,0,1,-2,0
2026 Montana's Brier,640acf88,1,4,2,4,0,0,-1,1,9,1,1,0,3,1
2026 Montana's Brier,640acf88,0,1,1,4,-1,-2,0,0,8,0,1,1,-1,1
2026 Montana's Brier,640acf88,-2,3,1,0,0,0,0,1,7,1,1,0,0,1
2026 Montana's Brier,640acf88,1,3,-2,-7,1,1,0,2,6,1,1,1,-2,1
2026 Montana's Brier,640acf88,0,-3,1,-2,1,1,0,3,5,1,1,0,1,1
2026 Montana's Brier,640acf88,-3,-3,0,1,0,0,0,2,4,0,1,1,-1,1
2026 Montana's Brier,640acf88,0,-2,-2,2,0,0,0,3,3,1,1,0,2,1
2026 Montana's Brier,640acf88,0,0,-3,0,0,0,0,2,2,0,1,1,-2,1
2026 Montana's Brier,640acf88,0,-4,3,-1,0,1,0,3,1,1,1,0,2,1
2026 Montana's Brier,640acf88,0,-1,1,8,-2,-2,0,2,0,0,1,1,2,1
2026 Montana's Brier,c76e5272,-2,-1,-3,0,0,0,0,1,9,1,1,0,1,0
2026 Montana's Brier,c76e5272,3,1,0,0,0,0,0,0,8,0,1,1,-2,0
2026 Montana's Brier,c76e5272,-3,1,0,1,0,0,0,1,7,1,1,0,2,0
2026 Montana's Brier,c76e5272,-3,-2,-5,-7,1,0,1,0,6,0,1,1,-3,0
2026 Montana's Brier,c76e5272,0,-5,6,2,-1,0,-1,1,5,1,1,0,3,0
2026 Montana's Brier,c76e5272,0,0,1,-4,0,0,0,0,4,0,1,1,-3,0
2026 Montana's Brier,c76e5272,-1,-3,-3,2,0,0,0,1,3,1,1,0,1,0
2026 Montana's Brier,c76e5272,3,-2,1,1,0,0,0,0,2,0,1,1,-2,0
2026 Montana's Brier,c76e5272,3,-4,0,2,0,1,0,1,1,1,1,0,2,0
2026 Montana's Brier,c76e5272,-1,1,0,2,0,0,0,0,0,0,1,1,1,0
2026 Montana's Brier,c76e5272,-1,-1,0,2,-1,-1,0,-1,-1,0,1,0,-1,0
2026 Montana's Brier,49a5fc61,2,3,-1,3,0,0,0,1,9,1,1,0,2,1
2026 Montana's Brier,49a5fc61,-1,3,2,-4,0,0,0,0,8,0,1,1,-1,1
2026 Montana's Brier,49a5fc61,3,3,5,0,-1,0,-1,1,7,1,1,0,2,1
2026 Montana's Brier,49a5fc61,-2,2,2,5,-1,-1,0,0,6,0,1,1,1,1
2026 Montana's Brier,49a5fc61,5,2,2,-3,0,-1,1,-1,5,0,1,0,-2,1
2026 Montana's Brier,49a5fc61,0,0,-2,2,0,0,0,0,4,1,1,1,1,1
2026 Montana's Brier,49a5fc61,-1,2,-2,0,0,0,0,-1,3,0,1,0,-1,1
2026 Montana's Brier,49a5fc61,0,2,1,3,0,0,0,0,2,1,1,1,1,1
2026 Montana's Brier,49a5fc61,0,0,4,4,-2,-2,0,-1,1,0,1,0,2,1
2026 Montana's Brier,1b633d47,0,2,0,-5,2,2,0,1,9,1,1,0,-1,0
2026 Montana's Brier,1b633d47,-2,0,2,0,0,0,0,2,8,1,1,1,2,0
2026 Montana's Brier,1b633d47,3,2,2,0,0,-1,0,1,7,0,1,0,-1,0
2026 Montana's Brier,1b633d47,0,-1,3,2,-1,0,-1,2,6,1,1,1,2,0
2026 Montana's Brier,1b633d47,0,4,-1,0,0,-1,0,1,5,0,1,0,0,0
2026 Montana's Brier,1b633d47,0,3,3,-3,0,-1,1,0,4,0,1,1,-2,0
2026 Montana's Brier,1b633d47,-2,-1,1,-5,1,1,0,1,3,1,1,0,1,0
2026 Montana's Brier,1b633d47,1,-2,-3,-2,0,0,1,0,2,0,1,1,-2,0
2026 Montana's Brier,1b633d47,0,3,0,0,0,0,0,1,1,1,1,0,1,0
2026 Montana's Brier,1b633d47,1,-2,0,-4,1,0,1,0,0,0,1,1,-1,0
2026 Montana's Brier,c413796d,1,-2,0,-2,0,0,0,1,9,1,1,0,0,1
2026 Montana's Brier,c413796d,0,0,1,4,0,0,0,2,8,1,1,1,2,1
2026 Montana's Brier,c413796d,1,-3,-2,0,0,0,0,1,7,0,1,0,-2,1
2026 Montana's Brier,c413796d,2,-5,1,2,-1,0,-1,2,6,1,1,1,3,1
2026 Montana's Brier,c413796d,-1,0,1,-2,0,0,0,1,5,0,1,0,0,1
2026 Montana's Brier,c413796d,0,2,3,0,0,0,0,0,4,0,1,1,0,1
2026 Montana's Brier,c413796d,0,0,-3,-4,1,0,1,-1,3,0,1,0,-2,1
2026 Montana's Brier,c413796d,0,-2,1,0,0,0,0,0,2,1,1,1,0,1
2026 Montana's Brier,c413796d,0,0,2,-6,1,1,0,1,1,1,1,0,-1,1
2026 Montana's Brier,c413796d,0,1,1,0,0,0,0,2,0,1,1,1,1,1
2026 Montana's Brier,b33579db,0,-1,0,-3,1,1,0,1,9,1,1,0,0,1
2026 Montana's Brier,b33579db,-1,-1,1,1,0,0,0,2,8,1,1,1,2,1
2026 Montana's Brier,b33579db,1,-3,1,0,1,0,1,1,7,0,1,0,-1,1
2026 Montana's Brier,b33579db,-1,2,-2,0,0,0,0,2,6,1,1,1,2,1
2026 Montana's Brier,b33579db,0,0,3,2,0,0,0,1,5,0,1,0,-1,1
2026 Montana's Brier,b33579db,2,0,1,3,-1,0,-1,2,4,1,1,1,2,1
2026 Montana's Brier,b33579db,3,0,-3,-2,1,0,1,1,3,0,1,0,-2,1
2026 Montana's Brier,b33579db,3,0,-2,5,0,0,0,2,2,1,1,1,3,1
2026 Montana's Brier,3cc989ec,-1,-4,-1,0,0,1,-1,1,9,1,1,0,1,1
2026 Montana's Brier,3cc989ec,-1,-2,2,4,0,0,1,0,8,0,1,1,1,1
2026 Montana's Brier,3cc989ec,3,0,5,1,0,0,0,-1,7,0,1,0,1,1
2026 Montana's Brier,3cc989ec,1,2,-2,1,0,0,0,-2,6,0,1,1,0,1
2026 Montana's Brier,3cc989ec,0,1,6,3,-1,-2,0,-3,5,0,1,0,1,1
2026 Montana's Brier,3cc989ec,-2,4,0,0,0,-1,0,-4,4,0,1,1,-1,1
2026 Montana's Brier,3cc989ec,-2,2,0,4,-1,0,-1,-3,3,1,1,0,4,1
2026 Montana's Brier,3cc989ec,1,2,2,0,0,-1,0,-4,2,0,1,1,-1,1
2026 Montana's Brier,edfe4bfc,2,0,-1,-1,0,0,0,-1,9,0,0,0,0,0
2026 Montana's Brier,edfe4bfc,0,1,1,0,0,0,0,-2,8,0,0,1,-2,0
2026 Montana's Brier,edfe4bfc,0,-2,-1,-2,0,0,0,-1,7,1,0,0,1,0
2026 Montana's Brier,edfe4bfc,-1,-3,-2,0,0,0,0,-2,6,0,0,1,-1,0
2026 Montana's Brier,edfe4bfc,2,-4,4,0,-1,1,-1,-1,5,1,0,0,0,0
2026 Montana's Brier,edfe4bfc,4,-1,-4,-5,2,2,0,0,4,1,0,1,-2,0
2026 Montana's Brier,edfe4bfc,0,-1,-1,3,-1,0,-1,1,3,1,0,0,2,0
2026 Montana's Brier,edfe4bfc,0,0,0,1,0,0,0,0,2,0,0,1,-2,0
2026 Montana's Brier,edfe4bfc,-1,-5,-1,-5,1,2,0,1,1,1,0,0,-1,0
2026 Montana's Brier,07d895d9,0,0,0,4,-1,-1,0,-1,9,0,0,0,-1,0
2026 Montana's Brier,07d895d9,-1,-3,-2,-2,0,0,0,0,8,1,0,1,1,0
2026 Montana's Brier,07d895d9,-4,-7,0,-3,0,0,2,-1,7,0,0,0,-2,0
2026 Montana's Brier,07d895d9,-3,-3,-3,-7,2,2,0,0,6,1,0,1,-2,0
2026 Montana's Brier,07d895d9,0,-4,1,2,-1,0,-1,1,5,1,0,0,2,0
2026 Montana's Brier,07d895d9,2,2,3,-4,1,0,1,0,4,0,0,1,-3,0
2026 Montana's Brier,07d895d9,0,-5,-4,-4,2,3,0,1,3,1,0,0,-3,0
2026 Montana's Brier,07d895d9,1,0,-1,2,0,0,0,2,2,1,0,1,2,0
2026 Montana's Brier,df604f30,1,-2,0,0,0,0,0,1,9,1,1,0,1,1
2026 Montana's Brier,df604f30,0,0,0,1,0,0,0,0,8,0,1,1,0,1
2026 Montana's Brier,df604f30,0,-2,-1,4,-1,-1,0,-1,7,0,1,0,0,1
2026 Montana's Brier,df604f30,0,-2,1,1,0,0,0,-2,6,0,1,1,-1,1
2026 Montana's Brier,df604f30,-4,-1,-1,3,0,0,0,-1,5,1,1,0,2,1
2026 Montana's Brier,df604f30,0,2,-1,1,0,0,0,-2,4,0,1,1,-1,1
2026 Montana's Brier,df604f30,2,2,6,7,-2,0,-2,-1,3,1,1,0,4,1
2026 Montana's Brier,df604f30,0,2,5,8,-2,-2,0,-2,2,0,1,1,1,1
2026 Montana's Brier,a3b31ee1,3,-6,-2,0,0,0,0,-1,9,0,0,0,0,0
2026 Montana's Brier,a3b31ee1,-3,-1,0,0,0,-1,1,-2,8,0,0,1,-1,0
2026 Montana's Brier,a3b31ee1,-1,-1,3,-4,0,1,-1,-1,7,1,0,0,0,0
2026 Montana's Brier,a3b31ee1,0,1,-2,-7,2,2,0,0,6,1,0,1,-1,0
2026 Montana's Brier,a3b31ee1,-1,-2,0,-2,0,0,0,1,5,1,0,0,1,0
2026 Montana's Brier,a3b31ee1,-1,-2,-1,-1,0,0,0,0,4,0,0,1,-2,0
2026 Montana's Brier,a3b31ee1,1,-2,-2,0,0,0,0,1,3,1,0,0,1,0
2026 Montana's Brier,a3b31ee1,1,1,1,0,0,-1,0,0,2,0,0,1,-1,0
2026 Montana's Brier,a3b31ee1,-1,1,0,-2,0,0,0,1,1,1,0,0,0,0
2026 Montana's Brier,a419a9ea,-1,3,0,1,0,0,0,1,9,1,1,0,2,1
2026 Montana's Brier,a419a9ea,2,-3,0,-2,0,0,0,0,8,0,1,1,-1,1
2026 Montana's Brier,a419a9ea,-1,2,-3,-1,0,0,0,1,7,1,1,0,1,1
2026 Montana's Brier,a419a9ea,0,-1,2,-1,0,0,0,0,6,0,1,1,-4,1
2026 Montana's Brier,a419a9ea,4,1,0,5,0,0,0,1,5,1,1,0,2,1
2026 Montana's Brier,a419a9ea,-5,0,1,-4,1,0,2,0,4,0,1,1,-2,1
2026 Montana's Brier,a419a9ea,0,-2,-5,-1,0,2,-1,1,3,1,1,0,1,1
2026 Montana's Brier,a419a9ea,3,-1,4,0,-1,-2,0,0,2,0,1,1,-1,1
2026 Montana's Brier,a419a9ea,-2,0,-2,2,0,0,0,1,1,1,1,0,2,1
2026 Montana's Brier,a419a9ea,2,-4,0,6,-1,-1,1,0,0,0,1,1,1,1
2026 Montana's Brier,b815295a,1,-2,2,-5,0,1,-1,1,9,1,1,0,-1,1
2026 Montana's Brier,b815295a,3,-1,4,3,0,0,0,2,8,1,1,1,2,1
2026 Montana's Brier,b815295a,2,4,4,4,-1,-1,0,1,7,0,1,0,3,1
2026 Montana's Brier,b815295a,-1,2,-3,-1,0,0,0,0,6,0,1,1,-2,1
2026 Montana's Brier,b815295a,0,3,-2,4,-1,0,-1,1,5,1,1,0,2,1
2026 Montana's Brier,b815295a,0,-1,-1,1,0,-1,1,0,4,0,1,1,-1,1
2026 Montana's Brier,b815295a,2,2,2,2,0,0,0,1,3,1,1,0,5,1
2026 Montana's Brier,b815295a,1,4,-2,1,1,0,1,0,2,0,1,1,-1,1
2026 Montana's Brier,8dacc3e1,-1,-1,0,4,-1,0,-1,1,9,1,1,0,0,1
2026 Montana's Brier,8dacc3e1,0,-1,-6,0,1,1,0,2,8,1,1,1,1,1
2026 Montana's Brier,8dacc3e1,0,-2,4,2,0,0,1,1,7,0,1,0,-1,1
2026 Montana's Brier,8dacc3e1,1,0,-3,-1,1,2,-1,2,6,1,1,1,1,1
2026 Montana's Brier,8dacc3e1,-2,-3,3,-4,-1,-1,1,1,5,0,1,0,-2,1
2026 Montana's Brier,8dacc3e1,0,0,3,0,0,1,-1,2,4,1,1,1,0,1
2026 Montana's Brier,8dacc3e1,0,0,-2,-2,0,0,0,3,3,1,1,0,1,1
2026 Montana's Brier,8dacc3e1,0,1,0,1,0,0,0,2,2,0,1,1,-1,1
2026 Montana's Brier,8dacc3e1,1,3,1,0,0,0,-1,3,1,1,1,0,0,1
2026 Montana's Brier,8dacc3e1,0,0,1,5,-1,1,-1,4,0,1,1,1,3,1
2026 Montana's Brier,3fece81d,0,0,3,-3,0,0,0,-1,9,0,0,0,0,1
2026 Montana's Brier,3fece81d,2,0,-2,-1,0,0,0,-2,8,0,0,1,-2,1
2026 Montana's Brier,3fece81d,5,4,0,4,0,0,0,-1,7,1,0,0,2,1
2026 Montana's Brier,3fece81d,-1,-1,0,-1,0,0,0,-2,6,0,0,1,0,1
2026 Montana's Brier,3fece81d,0,1,1,0,0,0,0,-3,5,0,0,0,-1,1
2026 Montana's Brier,3fece81d,-4,2,1,3,0,0,0,-2,4,1,0,1,2,1
2026 Montana's Brier,3fece81d,-1,0,5,-2,0,0,0,-3,3,0,0,0,-2,1
2026 Montana's Brier,3fece81d,1,2,3,6,0,0,0,-2,2,1,0,1,4,1
2026 Montana's Brier,3fece81d,-3,3,-1,7,-2,-2,0,-3,1,0,0,0,-1,1
2026 Montana's Brier,0316b812,-2,2,0,2,0,0,0,1,9,1,1,0,0,1
2026 Montana's Brier,0316b812,0,1,2,-3,0,1,-1,2,8,1,1,1,0,1
2026 Montana's Brier,0316b812,-3,4,1,-3,1,1,-1,3,7,1,1,0,1,1
2026 Montana's Brier,0316b812,-2,4,0,2,0,-1,0,2,6,0,1,1,-1,1
2026 Montana's Brier,0316b812,0,-2,2,4,-2,2,-3,3,5,1,1,0,2,1
2026 Montana's Brier,0316b812,1,1,4,2,-1,-1,0,2,4,0,1,1,-1,1
2026 Montana's Brier,0316b812,2,-2,-5,-1,0,0,0,3,3,1,1,0,0,1
2026 Montana's Brier,0316b812,2,5,5,1,-1,1,-2,4,2,1,1,1,3,1
2026 Montana's Brier,0316b812,1,-1,-7,-2,1,0,1,3,1,0,1,0,-2,1
2026 Montana's Brier,0316b812,0,3,-2,1,0,0,0,4,0,1,1,1,1,1
2026 Montana's Brier,e64df999,-2,-2,-3,-1,0,0,0,1,9,1,1,0,1,0
2026 Montana's Brier,e64df999,-1,-5,-2,1,0,0,0,0,8,0,1,1,0,0
2026 Montana's Brier,e64df999,4,-1,3,-2,0,0,0,-1,7,0,1,0,-2,0
2026 Montana's Brier,e64df999,-2,0,-1,0,0,0,0,0,6,1,1,1,0,0
2026 Montana's Brier,e64df999,3,-4,-2,0,1,2,0,1,5,1,1,0,1,0
2026 Montana's Brier,e64df999,0,0,2,-3,0,0,0,0,4,0,1,1,-3,0
2026 Montana's Brier,e64df999,1,0,1,5,0,0,0,1,3,1,1,0,2,0
2026 Montana's Brier,e64df999,0,0,2,-1,0,0,0,0,2,0,1,1,-1,0
2026 Montana's Brier,e64df999,5,6,-3,-2,0,0,-2,1,1,1,1,0,1,0
2026 Montana's Brier,e64df999,0,0,2,-2,0,0,0,0,0,0,1,1,-1,0
2026 Montana's Brier,2a666a72,-2,0,2,7,-1,-1,0,-1,9,0,0,0,1,0
2026 Montana's Brier,2a666a72,3,4,-2,-3,0,0,0,-2,8,0,0,1,-3,0
2026 Montana's Brier,2a666a72,0,0,1,0,0,0,0,-1,7,1,0,0,2,0
2026 Montana's Brier,2a666a72,2,0,-3,3,0,0,0,-2,6,0,0,1,-2,0
2026 Montana's Brier,2a666a72,0,1,-2,-2,0,0,0,-1,5,1,0,0,1,0
2026 Montana's Brier,2a666a72,1,0,-1,3,-1,-1,0,-2,4,0,0,1,0,0
2026 Montana's Brier,2a666a72,3,3,2,2,0,0,0,-3,3,0,0,0,-1,0
2026 Montana's Brier,2a666a72,3,-1,2,0,0,0,0,-2,2,1,0,1,2,0
2026 Montana's Brier,2a666a72,4,2,3,1,0,0,0,-3,1,0,0,0,-1,0
2026 Montana's Brier,2a666a72,3,0,-7,-1,1,1,0,-2,0,1,0,1,1,0
2026 Montana's Brier,6313a454,0,-1,-1,-2,1,1,0,1,9,1,1,0,0,0
2026 Montana's Brier,6313a454,-1,1,0,2,0,0,0,2,8,1,1,1,2,0
2026 Montana's Brier,6313a454,0,0,-1,-1,0,0,0,1,7,0,1,0,-1,0
2026 Montana's Brier,6313a454,0,0,1,-1,0,0,0,2,6,1,1,1,1,0
2026 Montana's Brier,6313a454,4,0,-4,-1,0,-1,0,1,5,0,1,0,-2,0
2026 Montana's Brier,6313a454,0,1,-2,-4,1,1,0,2,4,1,1,1,1,0
2026 Montana's Brier,6313a454,2,2,4,1,-1,-1,0,1,3,0,1,0,-1,0
2026 Montana's Brier,6313a454,0,5,2,-3,0,1,-2,2,2,1,1,1,1,0
2026 Montana's Brier,6313a454,-3,0,3,-3,0,0,1,1,1,0,1,0,0,0
2026 Montana's Brier,6313a454,0,4,0,-4,1,0,1,0,0,0,1,1,-3,0
2026 Montana's Brier,1e86dafa,0,0,0,0,0,0,0,1,9,1,1,0,0,1
2026 Montana's Brier,1e86dafa,-5,-2,-1,0,0,1,0,2,8,1,1,1,1,1
2026 Montana's Brier,1e86dafa,0,1,1,0,0,0,0,1,7,0,1,0,-1,1
2026 Montana's Brier,1e86dafa,0,-1,-1,-1,0,0,0,2,6,1,1,1,1,1
2026 Montana's Brier,1e86dafa,0,0,2,1,0,0,0,1,5,0,1,0,-1,1
2026 Montana's Brier,1e86dafa,-2,-3,0,-3,1,1,0,2,4,1,1,1,-1,1
2026 Montana's Brier,1e86dafa,0,-1,-1,0,0,0,0,3,3,1,1,0,0,1
2026 Montana's Brier,1e86dafa,0,2,3,0,0,0,0,4,2,1,1,1,2,1
2026 Montana's Brier,1e86dafa,0,-2,0,0,0,0,0,3,1,0,1,0,0,1
2026 Montana's Brier,1e86dafa,0,0,5,4,-1,-1,0,2,0,0,1,1,3,1
2026 Montana's Brier,63fb1e4f,-1,3,3,2,0,0,0,-1,9,0,0,0,-1,0
2026 Montana's Brier,63fb1e4f,0,-2,-1,-3,0,0,0,0,8,1,0,1,1,0
2026 Montana's Brier,63fb1e4f,0,2,0,0,0,0,0,-1,7,0,0,0,-1,0
2026 Montana's Brier,63fb1e4f,-2,2,-1,-1,0,0,-1,0,6,1,0,1,0,0
2026 Montana's Brier,63fb1e4f,0,-1,0,0,0,0,0,1,5,1,0,0,0,0
2026 Montana's Brier,63fb1e4f,-2,-1,2,3,0,0,0,2,4,1,0,1,2,0
2026 Montana's Brier,63fb1e4f,2,1,0,2,0,0,0,1,3,0,0,0,-3,0
2026 Montana's Brier,63fb1e4f,0,2,-2,-3,0,0,0,2,2,1,0,1,1,0
2026 Montana's Brier,63fb1e4f,-1,2,3,1,0,0,0,1,1,0,0,0,-1,0
2026 Montana's Brier,63fb1e4f,-1,0,3,-7,0,1,-1,2,0,1,0,1,-1,0
2026 Montana's Brier,e6cae95b,0,-4,0,3,-1,-1,0,-1,9,0,0,0,-1,0
2026 Montana's Brier,e6cae95b,-2,2,-5,-1,1,1,0,0,8,1,0,1,1,0
2026 Montana's Brier,e6cae95b,1,2,5,-1,-1,-1,0,-1,7,0,0,0,-2,0
2026 Montana's Brier,e6cae95b,1,3,0,-7,2,2,0,0,6,1,0,1,-2,0
2026 Montana's Brier,e6cae95b,0,-2,-4,5,-1,0,-1,1,5,1,0,0,2,0
2026 Montana's Brier,e6cae95b,1,-1,0,2,0,0,0,0,4,0,0,1,1,0
2026 Montana's Brier,e6cae95b,-1,-2,-2,-2,0,0,0,-1,3,0,0,0,-3,0
2026 Montana's Brier,e6cae95b,0,2,1,2,0,0,-1,0,2,1,0,1,2,0
2026 Montana's Brier,e6cae95b,0,-8,-7,-6,2,0,4,-1,1,0,0,0,-4,0
2026 Montana's Brier,0658c0d9,-3,-3,3,1,0,0,0,-1,9,0,0,0,-1,1
2026 Montana's Brier,0658c0d9,0,-3,-1,0,0,0,0,0,8,1,0,1,1,1
2026 Montana's Brier,0658c0d9,1,0,-1,2,-1,-1,0,-1,7,0,0,0,0,1
2026 Montana's Brier,0658c0d9,1,0,3,0,0,0,0,-2,6,0,0,1,-1,1
2026 Montana's Brier,0658c0d9,4,1,-2,1,0,0,0,-1,5,1,0,0,0,1
2026 Montana's Brier,0658c0d9,-3,2,1,-1,0,0,0,0,4,1,0,1,0,1
2026 Montana's Brier,0658c0d9,-1,4,0,3,0,0,0,1,3,1,0,0,3,1
2026 Montana's Brier,0658c0d9,0,0,1,2,0,0,0,0,2,0,0,1,-1,1
2026 Montana's Brier,0658c0d9,2,0,1,1,0,0,0,1,1,1,0,0,2,1
2026 Montana's Brier,3a3fe3e8,0,-1,5,1,-1,-1,0,-1,9,0,0,0,-1,0
2026 Montana's Brier,3a3fe3e8,1,0,1,-1,0,1,-1,0,8,1,0,1,1,0
2026 Montana's Brier,3a3fe3e8,0,0,2,3,0,0,0,-1,7,0,0,0,1,0
2026 Montana's Brier,3a3fe3e8,0,-1,0,1,0,0,0,-2,6,0,0,1,-2,0
2026 Montana's Brier,3a3fe3e8,0,0,-2,0,0,0,0,-1,5,1,0,0,0,0
2026 Montana's Brier,3a3fe3e8,-2,1,-2,-4,2,2,0,0,4,1,0,1,-1,0
2026 Montana's Brier,3a3fe3e8,0,-1,-2,-4,2,2,0,1,3,1,0,0,-1,0
2026 Montana's Brier,3a3fe3e8,1,0,-1,-1,0,0,0,2,2,1,0,1,1,0
2026 Montana's Brier,3a3fe3e8,0,0,-2,2,0,0,0,1,1,0,0,0,-1,0
2026 Montana's Brier,3a3fe3e8,0,0,-1,-2,1,1,0,2,0,1,0,1,-1,0
2025 Montana's Brier,378a41c5,2,-4,2,0,0,1,0,1,9,1,1,0,2,1
2025 Montana's Brier,378a41c5,4,3,-2,5,-2,-3,0,0,8,0,1,1,1,1
2025 Montana's Brier,378a41c5,4,7,0,1,0,-1,0,-1,7,0,1,0,-1,1
2025 Montana's Brier,378a41c5,1,3,1,2,0,0,0,0,6,1,1,1,2,1
2025 Montana's Brier,378a41c5,3,5,1,7,-2,-2,0,-1,5,0,1,0,4,1
2025 Montana's Brier,378a41c5,2,2,2,3,0,0,0,-2,4,0,1,1,-1,1
2025 Montana's Brier,378a41c5,0,2,4,4,0,0,0,-1,3,1,1,0,3,1
2025 Montana's Brier,378a41c5,2,5,7,7,-2,-2,0,-2,2,0,1,1,1,1
2025 Montana's Brier,47dd0229,1,0,2,1,0,0,0,1,9,1,1,0,1,1
2025 Montana's Brier,47dd0229,3,0,0,0,0,0,0,0,8,0,1,1,0,1
2025 Montana's Brier,47dd0229,1,1,-2,-6,1,0,1,-1,7,0,1,0,-3,1
2025 Montana's Brier,47dd0229,0,-1,1,0,0,0,0,0,6,1,1,1,-1,1
2025 Montana's Brier,47dd0229,0,1,-2,1,0,0,0,1,5,1,1,0,2,1
2025 Montana's Brier,47dd0229,-2,-2,-1,1,0,0,0,0,4,0,1,1,-1,1
2025 Montana's Brier,47dd0229,0,0,-1,0,0,0,0,1,3,1,1,0,2,1
2025 Montana's Brier,47dd0229,2,-1,-3,4,-1,-1,0,0,2,0,1,1,1,1
2025 Montana's Brier,47dd0229,0,-2,0,2,0,0,0,-1,1,0,1,0,-1,1
2025 Montana's Brier,b1b6d20d,2,-2,-4,2,0,-1,1,-1,9,0,0,0,0,0
2025 Montana's Brier,b1b6d20d,0,-1,-1,0,0,0,0,-2,8,0,0,1,-2,0
2025 Montana's Brier,b1b6d20d,-2,0,-2,-1,0,0,0,-1,7,1,0,0,1,0
2025 Montana's Brier,b1b6d20d,-2,-3,1,-1,0,0,0,-2,6,0,0,1,-2,0
2025 Montana's Brier,b1b6d20d,0,1,0,-2,-1,0,-2,-1,5,1,0,0,-1,0
2025 Montana's Brier,b1b6d20d,0,1,-1,-2,0,0,0,0,4,1,0,1,1,0
2025 Montana's Brier,b1b6d20d,-1,-1,0,-1,0,0,0,-1,3,0,0,0,-4,0
2025 Montana's Brier,b1b6d20d,-2,3,-1,-1,0,0,0,0,2,1,0,1,1,0
2025 Montana's Brier,ba870e0c,1,-1,-1,2,0,0,0,1,9,1,1,0,0,0
2025 Montana's Brier,ba870e0c,-3,0,1,0,0,0,0,2,8,1,1,1,0,0
2025 Montana's Brier,ba870e0c,0,-1,0,-1,0,0,0,3,7,1,1,0,-1,0
2025 Montana's Brier,ba870e0c,0,0,-2,0,1,1,0,4,6,1,1,1,0,0
2025 Montana's Brier,ba870e0c,2,3,1,0,0,0,0,5,5,1,1,0,0,0
2025 Montana's Brier,ba870e0c,0,0,0,-4,1,1,0,6,4,1,1,1,-2,0
2025 Montana's Brier,ba870e0c,0,0,0,-2,0,0,0,7,3,1,1,0,1,0
2025 Montana's Brier,ba870e0c,0,0,0,5,-1,-1,0,6,2,0,1,1,1,0
2025 Montana's Brier,ba870e0c,-1,-2,-6,0,1,0,1,5,1,0,1,0,-3,0
2025 Montana's Brier,bea4bd73,0,3,-1,0,0,0,0,1,9,1,1,0,1,1
2025 Montana's Brier,bea4bd73,-2,6,3,0,0,-1,0,0,8,0,1,1,-2,1
2025 Montana's Brier,bea4bd73,0,0,0,-2,1,1,0,1,7,1,1,0,1,1
2025 Montana's Brier,bea4bd73,-1,-2,-1,0,0,0,0,0,6,0,1,1,-2,1
2025 Montana's Brier,bea4bd73,0,0,0,0,0,0,0,1,5,1,1,0,2,1
2025 Montana's Brier,bea4bd73,0,0,3,2,0,0,0,0,4,0,1,1,-1,1
2025 Montana's Brier,bea4bd73,0,0,-4,-4,1,1,0,1,3,1,1,0,0,1
2025 Montana's Brier,bea4bd73,0,0,1,4,-1,0,-1,2,2,1,1,1,4,1
2025 Montana's Brier,bea4bd73,1,2,0,0,0,0,0,1,1,0,1,0,0,1
2025 Montana's Brier,91c94fc1,0,-4,-1,0,0,0,0,1,9,1,1,0,1,1
2025 Montana's Brier,91c94fc1,-2,1,6,0,-1,-2,1,0,8,0,1,1,-1,1
2025 Montana's Brier,91c94fc1,2,0,-3,-6,2,2,0,1,7,1,1,0,-1,1
2025 Montana's Brier,91c94fc1,0,3,4,1,-1,0,-1,2,6,1,1,1,3,1
2025 Montana's Brier,91c94fc1,4,2,0,0,0,-1,0,1,5,0,1,0,0,1
2025 Montana's Brier,91c94fc1,-1,0,0,-3,0,0,0,0,4,0,1,1,-2,1
2025 Montana's Brier,91c94fc1,0,-2,0,1,0,0,0,1,3,1,1,0,0,1
2025 Montana's Brier,91c94fc1,4,4,3,2,0,0,-1,2,2,1,1,1,2,1
2025 Montana's Brier,91c94fc1,2,0,-2,0,0,0,0,1,1,0,1,0,-1,1
2025 Montana's Brier,91c94fc1,-2,0,1,-1,0,1,0,2,0,1,1,1,-1,1
2025 Montana's Brier,91c94fc1,0,-2,0,4,0,0,0,3,-1,1,1,0,1,1
2025 Montana's Brier,3341254d,0,-4,1,-2,0,0,0,1,9,1,1,0,0,1
2025 Montana's Brier,3341254d,0,-4,0,0,0,1,0,2,8,1,1,1,1,1
2025 Montana's Brier,3341254d,-2,-2,2,4,-1,-1,0,1,7,0,1,0,3,1
2025 Montana's Brier,3341254d,0,-1,0,1,0,0,0,0,6,0,1,1,-2,1
2025 Montana's Brier,3341254d,-3,2,-2,0,0,0,0,1,5,1,1,0,0,1
2025 Montana's Brier,3341254d,1,-1,0,-5,1,1,0,2,4,1,1,1,-1,1
2025 Montana's Brier,3341254d,0,-3,-2,-3,1,2,0,3,3,1,1,0,-1,1
2025 Montana's Brier,3341254d,0,3,-2,0,0,0,0,4,2,1,1,1,1,1
2025 Montana's Brier,3341254d,0,0,-1,2,0,0,0,3,1,0,1,0,-1,1
2025 Montana's Brier,4ecb70e1,0,2,1,2,0,0,0,1,9,1,1,0,2,1
2025 Montana's Brier,4ecb70e1,1,1,0,-1,0,0,0,0,8,0,1,1,0,1
2025 Montana's Brier,4ecb70e1,-2,5,4,6,-1,-1,0,-1,7,0,1,0,1,1
2025 Montana's Brier,4ecb70e1,2,3,1,6,-1,-1,0,-2,6,0,1,1,2,1
2025 Montana's Brier,4ecb70e1,-1,0,4,0,0,0,0,-3,5,0,1,0,-1,1
2025 Montana's Brier,4ecb70e1,0,2,1,2,0,0,0,-2,4,1,1,1,1,1
2025 Montana's Brier,4ecb70e1,0,2,0,2,-1,-2,0,-3,3,0,1,0,3,1
2025 Montana's Brier,4ecb70e1,0,4,1,1,0,0,0,-4,2,0,1,1,-1,1
2025 Montana's Brier,11193494,0,0,-1,0,0,0,0,1,9,1,1,0,0,1
2025 Montana's Brier,11193494,0,0,-1,-2,1,1,0,2,8,1,1,1,1,1
2025 Montana's Brier,11193494,0,1,0,2,-1,-1,0,1,7,0,1,0,0,1
2025 Montana's Brier,11193494,1,4,-2,5,-1,-1,0,0,6,0,1,1,1,1
2025 Montana's Brier,11193494,0,0,0,1,0,0,0,-1,5,0,1,0,-1,1
2025 Montana's Brier,11193494,0,1,0,5,-1,0,-1,0,4,1,1,1,2,1
2025 Montana's Brier,11193494,3,-2,0,1,0,0,0,-1,3,0,1,0,-2,1
2025 Montana's Brier,11193494,5,0,0,0,0,0,-1,0,2,1,1,1,1,1
2025 Montana's Brier,11193494,-1,-6,-2,0,0,0,0,-1,1,0,1,0,0,1
2025 Montana's Brier,352ec732,0,0,0,0,0,0,0,1,9,1,1,0,0,1
2025 Montana's Brier,352ec732,2,0,-2,-3,1,1,0,2,8,1,1,1,0,1
2025 Montana's Brier,352ec732,0,0,3,2,-2,0,-2,3,7,1,1,0,2,1
2025 Montana's Brier,352ec732,-1,-2,-5,0,0,0,0,2,6,0,1,1,-2,1
2025 Montana's Brier,352ec732,0,1,-2,4,0,1,-1,3,5,1,1,0,3,1
2025 Montana's Brier,352ec732,0,0,2,-3,1,0,1,2,4,0,1,1,-2,1
2025 Montana's Brier,352ec732,0,-1,0,-4,1,1,0,3,3,1,1,0,-1,1
2025 Montana's Brier,352ec732,0,-2,-2,-1,1,1,0,4,2,1,1,1,1,1
2025 Montana's Brier,352ec732,0,6,7,3,-2,-3,0,3,1,0,1,0,1,1
2025 Montana's Brier,352ec732,0,1,4,8,-3,-3,0,2,0,0,1,1,2,1
2025 Montana's Brier,579f97d6,-3,-1,-1,0,0,0,0,-1,9,0,0,0,-1,0
2025 Montana's Brier,579f97d6,-3,-2,-3,-5,1,1,0,0,8,1,0,1,-4,0
2025 Montana's Brier,579f97d6,0,-2,-6,-6,1,1,0,1,7,1,0,0,-2,0
2025 Montana's Brier,579f97d6,0,-2,2,-7,1,1,0,2,6,1,0,1,-2,0
2025 Montana's Brier,579f97d6,0,-3,0,0,0,0,0,3,5,1,0,0,2,0
2025 Montana's Brier,579f97d6,-2,-1,1,0,0,0,0,2,4,0,0,1,0,0
2025 Montana's Brier,579f97d6,-6,0,0,-7,2,0,2,1,3,0,0,0,-4,0
2025 Montana's Brier,579f97d6,0,1,-4,-3,1,1,0,2,2,1,0,1,-1,0
2025 Montana's Brier,92f3ab77,0,0,0,0,0,0,0,1,9,1,1,0,0,1
2025 Montana's Brier,92f3ab77,0,1,-2,2,0,0,0,2,8,1,1,1,0,1
2025 Montana's Brier,92f3ab77,-1,0,0,-2,0,0,0,3,7,1,1,0,1,1
2025 Montana's Brier,92f3ab77,-1,1,-3,-2,0,0,0,2,6,0,1,1,-2,1
2025 Montana's Brier,92f3ab77,0,0,1,2,0,0,0,3,5,1,1,0,2,1
2025 Montana's Brier,92f3ab77,0,0,-1,-2,0,0,0,2,4,0,1,1,-2,1
2025 Montana's Brier,92f3ab77,-1,-2,3,5,0,0,0,3,3,1,1,0,2,1
2025 Montana's Brier,92f3ab77,2,2,2,-1,0,0,0,2,2,0,1,1,0,1
2025 Montana's Brier,92f3ab77,-2,-3,2,1,0,0,0,1,1,0,1,0,-1,1
2025 Montana's Brier,f1e6464f,0,1,2,2,0,0,0,-1,9,0,0,0,-1,0
2025 Montana's Brier,f1e6464f,0,-1,-1,-1,0,0,0,0,8,1,0,1,1,0
2025 Montana's Brier,f1e6464f,2,4,2,-3,0,0,0,-1,7,0,0,0,-2,0
2025 Montana's Brier,f1e6464f,2,-2,-3,0,1,1,0,0,6,1,0,1,0,0
2025 Montana's Brier,f1e6464f,2,-1,5,-1,-1,0,-1,1,5,1,0,0,1,0
2025 Montana's Brier,f1e6464f,1,1,2,-1,0,0,0,0,4,0,0,1,0,0
2025 Montana's Brier,f1e6464f,1,3,2,0,0,0,0,-1,3,0,0,0,-1,0
2025 Montana's Brier,f1e6464f,0,-3,-1,-2,0,0,0,0,2,1,0,1,1,0
2025 Montana's Brier,f1e6464f,-2,-3,0,3,-1,-1,1,-1,1,0,0,0,0,0
2025 Montana's Brier,f1e6464f,-2,0,0,2,0,0,0,-2,0,0,0,1,1,0
2025 Montana's Brier,f1e6464f,-1,1,0,1,0,0,0,-3,-1,0,0,0,-1,0
2025 Montana's Brier,105a7e88,0,1,0,0,0,0,0,1,9,1,1,0,1,1
2025 Montana's Brier,105a7e88,2,1,4,2,-2,-2,0,0,8,0,1,1,-1,1
2025 Montana's Brier,105a7e88,-2,0,3,0,0,0,0,1,7,1,1,0,0,1
2025 Montana's Brier,105a7e88,3,1,0,-1,0,1,-2,2,6,1,1,1,-1,1
2025 Montana's Brier,105a7e88,1,0,-2,-2,1,1,0,3,5,1,1,0,0,1
2025 Montana's Brier,105a7e88,2,4,1,-5,1,1,-1,4,4,1,1,1,-1,1
2025 Montana's Brier,105a7e88,3,-4,3,3,-2,1,-2,5,3,1,1,0,2,1
2025 Montana's Brier,105a7e88,4,0,7,5,-3,-4,0,4,2,0,1,1,4,1
2025 Montana's Brier,105a7e88,3,1,-4,4,0,-2,1,3,1,0,1,0,1,1
2025 Montana's Brier,fc8b0cf0,1,1,0,0,0,0,0,1,9,1,1,0,0,0
2025 Montana's Brier,fc8b0cf0,-2,0,0,4,0,0,0,2,8,1,1,1,3,0
2025 Montana's Brier,fc8b0cf0,0,-1,-2,1,0,0,0,1,7,0,1,0,-2,0
2025 Montana's Brier,fc8b0cf0,-4,-1,-6,-6,2,2,0,2,6,1,1,1,-2,0
2025 Montana's Brier,fc8b0cf0,-6,0,-3,0,0,1,0,3,5,1,1,0,1,0
2025 Montana's Brier,fc8b0cf0,-3,1,-3,-1,0,0,0,2,4,0,1,1,-2,0
2025 Montana's Brier,fc8b0cf0,0,0,0,-6,1,1,0,3,3,1,1,0,-1,0
2025 Montana's Brier,fc8b0cf0,3,2,-3,-1,1,1,0,4,2,1,1,1,1,0
2025 Montana's Brier,fc8b0cf0,-2,-3,0,0,0,0,0,3,1,0,1,0,-1,0
2025 Montana's Brier,86aebc81,0,2,2,2,-1,-1,0,-1,9,0,0,0,-1,1
2025 Montana's Brier,86aebc81,0,-4,0,2,0,0,0,0,8,1,0,1,0,1
2025 Montana's Brier,86aebc81,0,4,2,0,0,0,0,1,7,1,0,0,1,1
2025 Montana's Brier,86aebc81,0,1,4,1,0,-1,1,0,6,0,0,1,-1,1
2025 Montana's Brier,86aebc81,0,3,0,4,0,0,0,1,5,1,0,0,2,1
2025 Montana's Brier,86aebc81,-2,1,-1,4,-1,-1,0,0,4,0,0,1,-1,1
2025 Montana's Brier,86aebc81,-2,1,2,4,0,0,0,1,3,1,0,0,2,1
2025 Montana's Brier,86aebc81,-2,4,-1,-2,0,0,0,0,2,0,0,1,-1,1
2025 Montana's Brier,86aebc81,1,-2,-2,0,0,0,0,1,1,1,0,0,1,1
2025 Montana's Brier,3785882e,4,3,1,-1,0,-2,0,-1,9,0,0,0,-1,0
2025 Montana's Brier,3785882e,-3,-4,-1,-1,1,2,0,0,8,1,0,1,1,0
2025 Montana's Brier,3785882e,-2,0,-4,0,0,0,0,-1,7,0,0,0,0,0
2025 Montana's Brier,3785882e,0,-1,-2,-4,1,0,1,-2,6,0,0,1,-2,0
2025 Montana's Brier,3785882e,-2,0,0,0,0,0,0,-1,5,1,0,0,0,0
2025 Montana's Brier,3785882e,-2,1,-6,-2,1,1,0,0,4,1,0,1,1,0
2025 Montana's Brier,3785882e,-2,-2,-2,-1,0,0,0,-1,3,0,0,0,0,0
2025 Montana's Brier,3785882e,0,2,0,1,0,0,0,-2,2,0,0,1,1,0
2025 Montana's Brier,3785882e,-1,3,1,4,0,0,0,-3,1,0,0,0,1,0
2025 Montana's Brier,3785882e,-1,2,0,-1,0,0,0,-4,0,0,0,1,-1,0
2025 Montana's Brier,3785882e,0,0,0,-3,1,1,0,-3,-1,1,0,0,-1,0
2025 Montana's Brier,7e76af20,0,-4,-2,-4,0,0,0,1,9,1,1,0,-1,0
2025 Montana's Brier,7e76af20,0,1,0,2,0,0,0,2,8,1,1,1,2,0
2025 Montana's Brier,7e76af20,-2,3,-3,6,-1,-1,0,1,7,0,1,0,1,0
2025 Montana's Brier,7e76af20,0,2,0,1,0,0,0,0,6,0,1,1,-1,0
2025 Montana's Brier,7e76af20,1,-2,-2,-3,0,0,0,1,5,1,1,0,1,0
2025 Montana's Brier,7e76af20,-1,2,-2,2,-1,-1,0,0,4,0,1,1,-2,0
2025 Montana's Brier,7e76af20,3,-1,-1,0,0,0,0,1,3,1,1,0,1,0
2025 Montana's Brier,7e76af20,0,0,-1,-1,0,0,0,0,2,0,1,1,-3,0
2025 Montana's Brier,7e76af20,1,-1,-3,0,0,0,0,1,1,1,1,0,1,0
2025 Montana's Brier,7e76af20,-1,-3,-1,0,0,0,0,0,0,0,1,1,-1,0
2025 Montana's Brier,3859f7b5,0,0,0,0,0,0,0,-1,9,0,0,0,0,0
2025 Montana's Brier,3859f7b5,1,1,-3,-1,0,0,0,-2,8,0,0,1,-2,0
2025 Montana's Brier,3859f7b5,1,1,0,0,0,0,0,-1,7,1,0,0,1,0
2025 Montana's Brier,3859f7b5,1,0,1,-2,0,0,0,-2,6,0,0,1,-2,0
2025 Montana's Brier,3859f7b5,0,-4,-2,1,0,0,0,-1,5,1,0,0,1,0
2025 Montana's Brier,3859f7b5,0,-2,4,-1,-1,-1,0,-2,4,0,0,1,0,0
2025 Montana's Brier,3859f7b5,3,-1,-2,-4,0,0,0,-3,3,0,0,0,-3,0
2025 Montana's Brier,3859f7b5,2,-3,2,1,0,0,0,-2,2,1,0,1,1,0
2025 Montana's Brier,f3e68b7c,-3,0,2,-1,0,0,0,-1,9,0,0,0,-1,0
2025 Montana's Brier,f3e68b7c,0,1,-1,-5,1,1,0,0,8,1,0,1,-1,0
2025 Montana's Brier,f3e68b7c,2,0,-1,-5,1,1,0,1,7,1,0,0,1,0
2025 Montana's Brier,f3e68b7c,2,3,2,-2,0,0,0,0,6,0,0,1,-1,0
2025 Montana's Brier,f3e68b7c,2,-3,-5,-7,3,3,0,1,5,1,0,0,-2,0
2025 Montana's Brier,f3e68b7c,1,1,0,-3,1,1,0,2,4,1,0,1,1,0
2025 Montana's Brier,f3e68b7c,2,0,6,1,-1,-1,0,1,3,0,0,0,-1,0
2025 Montana's Brier,f3e68b7c,1,-5,-1,-6,1,1,0,2,2,1,0,1,-1,0
2025 Montana's Brier,f3e68b7c,1,1,0,5,0,0,0,3,1,1,0,0,3,0
2025 Montana's Brier,6299d5f2,0,0,-2,-2,1,1,0,1,9,1,1,0,-1,0
2025 Montana's Brier,6299d5f2,-2,-1,0,3,0,0,0,2,8,1,1,1,2,0
2025 Montana's Brier,6299d5f2,0,2,0,0,0,0,0,1,7,0,1,0,-1,0
2025 Montana's Brier,6299d5f2,0,2,1,0,0,0,0,2,6,1,1,1,2,0
2025 Montana's Brier,6299d5f2,-3,3,-1,0,0,0,0,1,5,0,1,0,-1,0
2025 Montana's Brier,6299d5f2,-2,1,-2,-2,0,1,-1,2,4,1,1,1,1,0
2025 Montana's Brier,6299d5f2,-4,-2,0,-1,0,0,0,1,3,0,1,0,-2,0
2025 Montana's Brier,6299d5f2,2,2,-2,0,0,0,0,2,2,1,1,1,1,0
2025 Montana's Brier,6299d5f2,2,1,-2,-2,1,0,1,1,1,0,1,0,-2,0
2025 Montana's Brier,6299d5f2,0,1,3,-4,1,1,0,2,0,1,1,1,-1,0
2025 Montana's Brier,44ac743a,-2,0,-2,1,-1,-1,0,-1,9,0,0,0,0,1
2025 Montana's Brier,44ac743a,1,2,3,2,0,0,0,-2,8,0,0,1,-1,1
2025 Montana's Brier,44ac743a,0,-2,-1,4,-1,0,-1,-1,7,1,0,0,0,1
2025 Montana's Brier,44ac743a,1,2,4,2,0,0,0,0,6,1,0,1,2,1
2025 Montana's Brier,44ac743a,0,3,2,-3,0,0,0,-1,5,0,0,0,-2,1
2025 Montana's Brier,44ac743a,0,2,2,0,0,0,0,0,4,1,0,1,2,1
2025 Montana's Brier,44ac743a,-2,1,2,0,0,0,0,-1,3,0,0,0,0,1
2025 Montana's Brier,44ac743a,0,1,1,2,-1,-1,0,-2,2,0,0,1,-1,1
2025 Montana's Brier,44ac743a,0,0,3,2,0,0,0,-1,1,1,0,0,2,1
2025 Montana's Brier,44ac743a,0,-2,2,-1,0,0,0,-2,0,0,0,1,-2,1
2025 Montana's Brier,15cc1bab,2,2,2,-1,0,0,0,-1,9,0,0,0,0,0
2025 Montana's Brier,15cc1bab,-1,-4,-1,-4,1,0,1,-2,8,0,0,1,-3,0
2025 Montana's Brier,15cc1bab,0,1,0,-6,0,0,0,-1,7,1,0,0,-2,0
2025 Montana's Brier,15cc1bab,0,3,1,-3,1,1,-1,0,6,1,0,1,1,0
2025 Montana's Brier,15cc1bab,0,-4,1,-1,0,0,1,-1,5,0,0,0,-1,0
2025 Montana's Brier,15cc1bab,1,0,0,2,0,0,0,0,4,1,0,1,2,0
2025 Montana's Brier,15cc1bab,2,-1,0,-1,0,0,0,-1,3,0,0,0,-1,0
2025 Montana's Brier,15cc1bab,0,-4,-1,-1,0,0,0,0,2,1,0,1,0,0
2025 Montana's Brier,15cc1bab,0,-3,-5,-3,1,1,0,1,1,1,0,0,-1,0
2025 Montana's Brier,06d3ed62,-2,-1,0,1,0,0,0,1,9,1,1,0,0,0
2025 Montana's Brier,06d3ed62,-2,1,-1,-4,0,0,0,2,8,1,1,1,-1,0
2025 Montana's Brier,06d3ed62,-3,-1,-3,0,0,0,0,3,7,1,1,0,1,0
2025 Montana's Brier,06d3ed62,-1,0,1,0,-1,-1,0,2,6,0,1,1,-2,0
2025 Montana's Brier,06d3ed62,-3,-2,-2,-1,0,0,0,3,5,1,1,0,1,0
2025 Montana's Brier,06d3ed62,0,-2,0,1,0,-1,1,2,4,0,1,1,-1,0
2025 Montana's Brier,06d3ed62,1,-1,2,0,0,0,0,3,3,1,1,0,0,0
2025 Montana's Brier,06d3ed62,0,-4,-2,-2,0,0,0,4,2,1,1,1,1,0
2025 Montana's Brier,06d3ed62,0,-2,-1,0,0,0,1,3,1,0,1,0,0,0
2025 Montana's Brier,06d3ed62,0,0,0,3,-1,-1,0,2,0,0,1,1,1,0
2025 Montana's Brier,06d3ed62,-4,0,0,0,0,0,0,1,-1,0,1,0,-1,0
2025 Montana's Brier,28feaf98,-1,2,1,4,-1,-1,0,-1,9,0,0,0,1,0
2025 Montana's Brier,28feaf98,0,-1,-1,-1,0,0,0,-2,8,0,0,1,-2,0
2025 Montana's Brier,28feaf98,1,1,0,-2,0,1,-1,-1,7,1,0,0,0,0
2025 Montana's Brier,28feaf98,0,-2,-3,0,0,0,0,0,6,1,0,1,2,0
2025 Montana's Brier,28feaf98,2,0,-2,-3,0,0,0,-1,5,0,0,0,-3,0
2025 Montana's Brier,28feaf98,1,-2,1,0,0,0,0,0,4,1,0,1,2,0
2025 Montana's Brier,28feaf98,1,-1,3,-1,0,-1,1,-1,3,0,0,0,-1,0
2025 Montana's Brier,28feaf98,-2,-1,2,0,0,0,0,0,2,1,0,1,1,0
2025 Montana's Brier,28feaf98,0,-1,-1,5,-1,-1,0,-1,1,0,0,0,1,0
2025 Montana's Brier,28feaf98,1,-1,1,-1,0,0,0,-2,0,0,0,1,-2,0
2025 Montana's Brier,95d9e5d2,0,-2,0,-3,0,0,0,-1,9,0,0,0,-3,0
2025 Montana's Brier,95d9e5d2,0,-1,0,5,-1,0,-1,0,8,1,0,1,2,0
2025 Montana's Brier,95d9e5d2,0,4,1,0,-1,-2,0,-1,7,0,0,0,0,0
2025 Montana's Brier,95d9e5d2,-1,0,1,1,0,0,0,-2,6,0,0,1,-2,0
2025 Montana's Brier,95d9e5d2,0,-3,1,0,0,0,0,-1,5,1,0,0,1,0
2025 Montana's Brier,95d9e5d2,-1,0,-1,0,0,0,0,-2,4,0,0,1,0,0
2025 Montana's Brier,95d9e5d2,-1,-6,-1,7,-1,-1,2,-3,3,0,0,0,1,0
2025 Montana's Brier,95d9e5d2,2,0,-2,-3,0,0,0,-4,2,0,0,1,0,0
2025 Montana's Brier,95d9e5d2,-1,0,-4,-4,2,0,2,-5,1,0,0,0,-2,0
2025 Montana's Brier,badc0a97,1,0,-4,4,0,0,0,1,9,1,1,0,1,1
2025 Montana's Brier,badc0a97,0,2,6,6,-2,-2,0,0,8,0,1,1,3,1
2025 Montana's Brier,badc0a97,0,-2,5,2,-1,-1,0,-1,7,0,1,0,2,1
2025 Montana's Brier,badc0a97,2,-3,0,-2,0,-1,0,-2,6,0,1,1,-2,1
2025 Montana's Brier,badc0a97,0,3,0,0,0,0,0,-1,5,1,1,0,2,1
2025 Montana's Brier,badc0a97,0,2,3,4,-1,-1,0,-2,4,0,1,1,1,1
2025 Montana's Brier,badc0a97,0,5,1,0,0,-1,0,-3,3,0,1,0,-1,1
2025 Montana's Brier,badc0a97,-1,1,-2,-7,2,2,0,-2,2,1,1,1,-3,1
2025 Montana's Brier,badc0a97,1,0,1,0,0,0,0,-1,1,1,1,0,0,1
2025 Montana's Brier,d490a2de,0,-2,0,0,0,0,0,1,9,1,1,0,0,1
2025 Montana's Brier,d490a2de,0,-2,-4,-1,1,1,0,2,8,1,1,1,0,1
2025 Montana's Brier,d490a2de,-1,1,-2,-2,0,0,0,3,7,1,1,0,1,1
2025 Montana's Brier,d490a2de,1,2,0,-4,1,-1,1,2,6,0,1,1,0,1
2025 Montana's Brier,d490a2de,2,1,1,-2,0,0,0,1,5,0,1,0,0,1
2025 Montana's Brier,d490a2de,1,1,4,4,-1,-1,0,0,4,0,1,1,1,1
2025 Montana's Brier,d490a2de,2,1,0,3,-1,-1,0,-1,3,0,1,0,1,1
2025 Montana's Brier,d490a2de,0,2,2,4,-1,-1,0,-2,2,0,1,1,2,1
2025 Montana's Brier,d6adb6a7,0,-2,-3,0,1,0,1,-1,9,0,0,0,-2,0
2025 Montana's Brier,d6adb6a7,-4,-3,-1,-6,1,1,0,0,8,1,0,1,-2,0
2025 Montana's Brier,d6adb6a7,-1,-2,-4,-5,2,2,0,1,7,1,0,0,-1,0
2025 Montana's Brier,d6adb6a7,-2,-5,-4,-2,0,1,0,2,6,1,0,1,1,0
2025 Montana's Brier,d6adb6a7,0,-2,-4,1,-1,-1,0,1,5,0,0,0,-1,0
2025 Montana's Brier,d6adb6a7,-2,-5,-2,-8,2,2,0,2,4,1,0,1,-1,0
2025 Montana's Brier,d6adb6a7,-1,-2,-3,2,0,0,0,3,3,1,0,0,2,0
2025 Montana's Brier,d6adb6a7,-3,-6,0,-6,1,0,2,2,2,0,0,1,-6,0
2025 Montana's Brier,b1413f51,0,-4,0,-2,0,1,0,1,9,1,1,0,1,0
2025 Montana's Brier,b1413f51,0,0,2,0,0,0,0,0,8,0,1,1,-1,0
2025 Montana's Brier,b1413f51,-1,-3,-4,-4,0,0,0,1,7,1,1,0,-1,0
2025 Montana's Brier,b1413f51,0,0,-2,1,0,0,0,2,6,1,1,1,1,0
2025 Montana's Brier,b1413f51,0,0,0,-2,0,0,0,1,5,0,1,0,-4,0
2025 Montana's Brier,b1413f51,1,-7,4,1,-1,1,-1,2,4,1,1,1,2,0
2025 Montana's Brier,b1413f51,0,0,2,0,0,0,0,1,3,0,1,0,-2,0
2025 Montana's Brier,b1413f51,-1,4,0,-2,0,0,-1,2,2,1,1,1,-2,0
2025 Montana's Brier,9b68c368,-2,3,2,0,0,0,0,1,9,1,1,0,1,0
2025 Montana's Brier,9b68c368,2,-1,1,-1,0,0,0,0,8,0,1,1,-2,0
2025 Montana's Brier,9b68c368,0,1,0,0,0,0,0,1,7,1,1,0,1,0
2025 Montana's Brier,9b68c368,-1,0,0,1,0,0,0,0,6,0,1,1,-1,0
2025 Montana's Brier,9b68c368,0,-2,-6,0,0,0,0,1,5,1,1,0,1,0
2025 Montana's Brier,9b68c368,-1,-1,4,0,0,0,1,0,4,0,1,1,-1,0
2025 Montana's Brier,9b68c368,1,-3,-4,-3,2,2,0,1,3,1,1,0,-1,0
2025 Montana's Brier,9b68c368,-4,0,-1,3,-1,1,-1,2,2,1,1,1,3,0
2025 Montana's Brier,9b68c368,0,0,-1,-4,0,0,0,1,1,0,1,0,-3,0
2025 Montana's Brier,9b68c368,0,-6,-2,-4,0,1,0,2,0,1,1,1,-2,0
2025 Montana's Brier,a058e732,1,-1,4,3,0,0,0,1,9,1,1,0,2,1
2025 Montana's Brier,a058e732,2,3,3,0,0,0,0,0,8,0,1,1,0,1
2025 Montana's Brier,a058e732,3,8,5,0,0,-3,0,-1,7,0,1,0,3,1
2025 Montana's Brier,a058e732,3,6,-1,7,-1,-2,0,-2,6,0,1,1,3,1
2025 Montana's Brier,a058e732,-4,-1,4,-2,-1,-1,0,-3,5,0,1,0,-1,1
2025 Montana's Brier,a058e732,0,2,0,1,-1,0,-2,-2,4,1,1,1,1,1
2025 Montana's Brier,a058e732,2,0,5,0,-1,-1,0,-3,3,0,1,0,-1,1
2025 Montana's Brier,a058e732,3,3,-1,1,0,0,-1,-2,2,1,1,1,1,1
2025 Montana's Brier,cb152744,-2,-1,-1,-1,0,0,0,-1,9,0,0,0,-2,0
2025 Montana's Brier,cb152744,0,-2,-1,0,0,0,0,0,8,1,0,1,1,0
2025 Montana's Brier,cb152744,0,-2,0,0,0,0,0,-1,7,0,0,0,0,0
2025 Montana's Brier,cb152744,1,-2,-1,0,0,0,0,-2,6,0,0,1,-4,0
2025 Montana's Brier,cb152744,0,1,0,-4,1,1,0,-1,5,1,0,0,-1,0
2025 Montana's Brier,cb152744,3,0,-4,0,0,0,-1,0,4,1,0,1,1,0
2025 Montana's Brier,cb152744,-1,0,0,-1,0,0,0,-1,3,0,0,0,-1,0
2025 Montana's Brier,cb152744,2,0,-3,-1,0,0,0,0,2,1,0,1,1,0
2025 Montana's Brier,6d3765fb,1,3,0,1,-1,1,-2,1,9,1,1,0,3,1
2025 Montana's Brier,6d3765fb,4,4,-3,6,-1,-2,0,0,8,0,1,1,-1,1
2025 Montana's Brier,6d3765fb,2,-1,-1,3,-1,0,-1,1,7,1,1,0,2,1
2025 Montana's Brier,6d3765fb,2,0,0,4,0,0,0,0,6,0,1,1,1,1
2025 Montana's Brier,6d3765fb,0,-4,-1,3,0,0,0,-1,5,0,1,0,-1,1
2025 Montana's Brier,6d3765fb,-1,2,1,0,-1,0,-2,0,4,1,1,1,0,1
2025 Montana's Brier,6d3765fb,1,3,4,-3,0,0,0,1,3,1,1,0,1,1
2025 Montana's Brier,6d3765fb,2,1,0,-3,0,0,0,0,2,0,1,1,-1,1
2025 Montana's Brier,bfee1aa4,-4,0,-3,-2,0,0,0,-1,9,0,0,0,-3,0
2025 Montana's Brier,bfee1aa4,-1,-3,-4,-4,0,0,0,0,8,1,0,1,-1,0
2025 Montana's Brier,bfee1aa4,-1,-2,-4,0,0,0,0,1,7,1,0,0,1,0
2025 Montana's Brier,bfee1aa4,-2,-4,-4,-5,0,0,1,0,6,0,0,1,-3,0
2025 Montana's Brier,bfee1aa4,1,-2,1,-2,0,0,0,1,5,1,0,0,1,0
2025 Montana's Brier,bfee1aa4,0,0,0,2,0,0,0,0,4,0,0,1,-1,0
2025 Montana's Brier,bfee1aa4,0,2,-2,-2,0,0,0,1,3,1,0,0,1,0
2025 Montana's Brier,bfee1aa4,-1,-1,-2,0,0,-1,1,0,2,0,0,1,-4,0
2025 Montana's Brier,ecfb38fd,-4,-1,-4,-3,0,0,0,-1,9,0,0,0,-3,0
2025 Montana's Brier,ecfb38fd,0,0,-4,0,1,1,0,0,8,1,0,1,1,0
2025 Montana's Brier,ecfb38fd,-4,-3,-4,0,0,0,1,-1,7,0,0,0,-2,0
2025 Montana's Brier,ecfb38fd,-1,-6,-2,-4,0,0,0,0,6,1,0,1,-2,0
2025 Montana's Brier,ecfb38fd,1,3,-2,0,0,0,0,1,5,1,0,0,1,0
2025 Montana's Brier,ecfb38fd,2,-5,-2,5,0,0,1,0,4,0,0,1,1,0
2025 Montana's Brier,ecfb38fd,-3,0,-1,-1,0,0,0,-1,3,0,0,0,-1,0
2025 Montana's Brier,ecfb38fd,-3,0,-1,-6,1,1,0,0,2,1,0,1,-2,0
2025 Montana's Brier,8342cf78,0,0,0,3,0,0,0,1,9,1,1,0,0,1
2025 Montana's Brier,8342cf78,0,1,2,-2,0,0,0,2,8,1,1,1,-1,1
2025 Montana's Brier,8342cf78,-1,2,-1,6,-2,0,-2,3,7,1,1,0,3,1
2025 Montana's Brier,8342cf78,0,0,-1,-1,0,0,0,2,6,0,1,1,-1,1
2025 Montana's Brier,8342cf78,2,-1,2,4,-1,0,-1,3,5,1,1,0,2,1
2025 Montana's Brier,8342cf78,-1,0,-2,-3,0,0,0,2,4,0,1,1,-2,1
2025 Montana's Brier,8342cf78,0,0,5,-1,-1,0,-1,3,3,1,1,0,3,1
2025 Montana's Brier,8342cf78,0,1,1,2,0,0,0,2,2,0,1,1,1,1
2025 Montana's Brier,e69a52ed,2,-1,-3,-1,0,1,0,1,9,1,1,0,1,1
2025 Montana's Brier,e69a52ed,0,-2,4,-1,0,0,0,0,8,0,1,1,-1,1
2025 Montana's Brier,e69a52ed,-3,4,-1,3,0,0,0,1,7,1,1,0,2,1
2025 Montana's Brier,e69a52ed,1,0,2,6,-2,-2,0,0,6,0,1,1,2,1
2025 Montana's Brier,e69a52ed,1,-2,1,3,0,0,0,-1,5,0,1,0,-1,1
2025 Montana's Brier,e69a52ed,-2,2,-1,-4,1,1,0,0,4,1,1,1,1,1
2025 Montana's Brier,e69a52ed,2,1,0,1,0,0,0,-1,3,0,1,0,-1,1
2025 Montana's Brier,e69a52ed,0,0,0,5,0,0,0,0,2,1,1,1,3,1
2025 Montana's Brier,d12c59c5,-1,-1,0,0,0,0,0,-1,9,0,0,0,0,0
2025 Montana's Brier,d12c59c5,-1,2,3,0,-1,-1,0,-2,8,0,0,1,-1,0
2025 Montana's Brier,d12c59c5,-2,1,-2,-6,1,1,0,-1,7,1,0,0,-2,0
2025 Montana's Brier,d12c59c5,-1,0,-2,1,0,0,0,0,6,1,0,1,2,0
2025 Montana's Brier,d12c59c5,0,-1,-3,-4,1,0,1,-1,5,0,0,0,-3,0
2025 Montana's Brier,d12c59c5,-1,-1,-2,-1,0,0,0,0,4,1,0,1,1,0
2025 Montana's Brier,d12c59c5,-2,-1,-1,-1,0,0,0,-1,3,0,0,0,0,0
2025 Montana's Brier,d12c59c5,2,0,-1,-4,0,-1,0,-2,2,0,0,1,0,0
2025 Montana's Brier,d12c59c5,0,-1,0,3,0,0,0,-3,1,0,0,0,1,0
2025 Montana's Brier,d12c59c5,2,-2,1,0,0,-1,0,-4,0,0,0,1,0,0
2025 Montana's Brier,06a6bf5d,1,-2,0,-2,0,0,0,1,9,1,1,0,0,1
2025 Montana's Brier,06a6bf5d,1,-1,0,0,0,0,0,2,8,1,1,1,0,1
2025 Montana's Brier,06a6bf5d,2,-2,0,0,0,0,0,3,7,1,1,0,0,1
2025 Montana's Brier,06a6bf5d,2,2,-2,-4,2,2,0,4,6,1,1,1,-1,1
2025 Montana's Brier,06a6bf5d,0,-1,5,0,0,0,0,5,5,1,1,0,3,1
2025 Montana's Brier,06a6bf5d,3,2,-1,4,-1,-1,0,4,4,0,1,1,0,1
2025 Montana's Brier,06a6bf5d,2,-4,-1,1,0,0,0,3,3,0,1,0,-1,1
2025 Montana's Brier,06a6bf5d,0,7,2,2,0,0,-1,4,2,1,1,1,0,1
2025 Montana's Brier,06a6bf5d,0,1,3,3,0,0,0,5,1,1,1,0,2,1
2025 Montana's Brier,06a6bf5d,0,2,-2,4,-1,-1,0,4,0,0,1,1,2,1
2025 Montana's Brier,a9ffaa2a,-3,-2,0,-2,0,0,0,1,9,1,1,0,1,0
2025 Montana's Brier,a9ffaa2a,0,-3,5,0,-1,-1,0,0,8,0,1,1,-1,0
2025 Montana's Brier,a9ffaa2a,0,0,0,-5,1,1,0,1,7,1,1,0,-3,0
2025 Montana's Brier,a9ffaa2a,0,-1,0,-2,0,0,0,2,6,1,1,1,1,0
2025 Montana's Brier,a9ffaa2a,0,2,2,6,-1,-1,0,1,5,0,1,0,1,0
2025 Montana's Brier,a9ffaa2a,0,-1,-1,-4,0,0,0,0,4,0,1,1,-3,0
2025 Montana's Brier,a9ffaa2a,1,-4,-1,-1,0,1,0,1,3,1,1,0,1,0
2025 Montana's Brier,a9ffaa2a,0,-2,-1,0,0,0,0,0,2,0,1,1,-1,0
2025 Montana's Brier,a9ffaa2a,4,0,-1,3,0,0,-1,1,1,1,1,0,2,0
2025 Montana's Brier,e3b77227,-3,5,1,1,0,0,-1,1,9,1,1,0,2,1
2025 Montana's Brier,e3b77227,-1,2,-5,0,0,0,0,0,8,0,1,1,-1,1
2025 Montana's Brier,e3b77227,-2,2,0,0,0,0,0,1,7,1,1,0,0,1
2025 Montana's Brier,e3b77227,-1,4,-3,-2,0,0,0,2,6,1,1,1,1,1
2025 Montana's Brier,e3b77227,2,5,3,3,-1,-1,0,1,5,0,1,0,-1,1
2025 Montana's Brier,e3b77227,-1,-2,0,-1,0,0,0,2,4,1,1,1,1,1
2025 Montana's Brier,e3b77227,0,2,0,7,-2,-2,0,1,3,0,1,0,2,1
2025 Montana's Brier,e3b77227,0,-4,0,0,0,0,1,0,2,0,1,1,-2,1
2025 Montana's Brier,e3b77227,0,3,0,-3,0,0,0,1,1,1,1,0,1,1
2025 Montana's Brier,1a4a3c93,2,2,1,-1,-1,0,-1,1,9,1,1,0,1,1
2025 Montana's Brier,1a4a3c93,1,6,1,6,-1,-2,0,0,8,0,1,1,3,1
2025 Montana's Brier,1a4a3c93,0,6,6,5,-2,-2,0,-1,7,0,1,0,1,1
2025 Montana's Brier,1a4a3c93,0,0,3,5,-1,-1,0,-2,6,0,1,1,4,1
2025 Montana's Brier,1a4a3c93,2,1,2,-1,0,0,0,-3,5,0,1,0,-1,1
2025 Montana's Brier,1a4a3c93,-2,3,2,-2,0,0,0,-2,4,1,1,1,2,1
2025 Montana's Brier,1a4a3c93,2,0,2,0,0,0,0,-3,3,0,1,0,-1,1
2025 Montana's Brier,1a4a3c93,2,0,2,0,0,1,-1,-2,2,1,1,1,1,1
2025 Montana's Brier,fc630114,-2,2,0,1,0,0,0,1,9,1,1,0,0,1
2025 Montana's Brier,fc630114,0,-2,0,-1,0,0,0,2,8,1,1,1,1,1
2025 Montana's Brier,fc630114,0,0,-1,7,-2,-2,0,1,7,0,1,0,-1,1
2025 Montana's Brier,fc630114,-2,2,4,-1,1,1,-1,2,6,1,1,1,2,1
2025 Montana's Brier,fc630114,0,-4,2,-4,1,0,1,1,5,0,1,0,-2,1
2025 Montana's Brier,fc630114,0,2,0,-2,0,0,0,2,4,1,1,1,2,1
2025 Montana's Brier,fc630114,2,2,3,6,0,0,0,1,3,0,1,0,1,1
2025 Montana's Brier,fc630114,3,3,0,2,0,0,0,0,2,0,1,1,-1,1
2025 Montana's Brier,fc630114,-7,1,2,0,0,1,0,1,1,1,1,0,2,1
2025 Montana's Brier,a9213c81,0,-1,6,2,-1,0,-1,1,9,1,1,0,2,1
2025 Montana's Brier,a9213c81,1,2,1,6,-1,-1,0,0,8,0,1,1,1,1
2025 Montana's Brier,a9213c81,-1,0,-4,-2,0,0,0,-1,7,0,1,0,-2,1
2025 Montana's Brier,a9213c81,0,0,0,2,0,0,0,0,6,1,1,1,1,1
2025 Montana's Brier,a9213c81,1,0,1,-2,0,0,0,-1,5,0,1,0,-2,1
2025 Montana's Brier,a9213c81,3,1,-3,0,0,0,-1,0,4,1,1,1,1,1
2025 Montana's Brier,a9213c81,2,3,-1,0,0,-1,0,-1,3,0,1,0,-1,1
2025 Montana's Brier,a9213c81,1,1,5,0,-2,0,-2,0,2,1,1,1,2,1
2025 Montana's Brier,a9213c81,0,0,-2,2,-1,-1,0,-1,1,0,1,0,0,1
2025 Montana's Brier,b81b253b,0,1,-2,2,-1,-1,0,-1,9,0,0,0,0,0
2025 Montana's Brier,b81b253b,0,0,-1,0,0,0,0,-2,8,0,0,1,0,0
2025 Montana's Brier,b81b253b,0,2,0,-2,0,0,0,-3,7,0,0,0,-2,0
2025 Montana's Brier,b81b253b,0,0,-1,0,0,0,0,-2,6,1,0,1,0,0
2025 Montana's Brier,b81b253b,0,0,-1,0,0,0,0,-1,5,1,0,0,1,0
2025 Montana's Brier,b81b253b,2,-1,4,-2,0,0,0,-2,4,0,0,1,-2,0
2025 Montana's Brier,b81b253b,0,0,-1,1,0,0,0,-1,3,1,0,0,2,0
2025 Montana's Brier,b81b253b,1,2,-1,-1,0,0,0,-2,2,0,0,1,-1,0
2025 Montana's Brier,b81b253b,0,0,-1,-4,1,1,0,-1,1,1,0,0,-1,0
2025 Montana's Brier,714b7d12,-1,0,0,0,0,0,0,-1,9,0,0,0,0,1
2025 Montana's Brier,714b7d12,1,-1,1,4,0,0,0,-2,8,0,0,1,1,1
2025 Montana's Brier,714b7d12,0,4,-1,2,-1,-1,0,-3,7,0,0,0,1,1
2025 Montana's Brier,714b7d12,-1,2,-1,-3,0,0,0,-4,6,0,0,1,-2,1
2025 Montana's Brier,714b7d12,1,2,0,1,0,0,0,-3,5,1,0,0,2,1
2025 Montana's Brier,714b7d12,2,-6,-2,-2,0,0,1,-4,4,0,0,1,-2,1
2025 Montana's Brier,714b7d12,-4,0,1,5,0,1,0,-3,3,1,0,0,3,1
2025 Montana's Brier,714b7d12,2,-2,4,5,-1,-1,0,-4,2,0,0,1,2,1
2025 Montana's Brier,4fd28662,3,3,2,0,0,0,0,-1,9,0,0,0,0,0
2025 Montana's Brier,4fd28662,1,0,3,4,0,0,0,-2,8,0,0,1,1,0
2025 Montana's Brier,4fd28662,0,-2,-2,-4,0,0,0,-3,7,0,0,0,-2,0
2025 Montana's Brier,4fd28662,-4,-1,-1,0,0,1,0,-2,6,1,0,1,1,0
2025 Montana's Brier,4fd28662,0,0,0,0,0,0,0,-3,5,0,0,0,0,0
2025 Montana's Brier,4fd28662,0,-2,0,0,0,0,0,-4,4,0,0,1,0,0
2025 Montana's Brier,4fd28662,2,0,-2,0,0,0,0,-5,3,0,0,0,0,0
2025 Montana's Brier,4fd28662,0,-1,-4,-4,2,0,2,-6,2,0,0,1,-5,0
2025 Montana's Brier,8a18f574,0,0,0,2,0,0,0,1,9,1,1,0,2,1
2025 Montana's Brier,8a18f574,2,3,1,3,0,-1,0,0,8,0,1,1,-1,1
2025 Montana's Brier,8a18f574,2,3,4,2,-1,0,-1,1,7,1,1,0,2,1
2025 Montana's Brier,8a18f574,0,1,0,-1,0,0,0,0,6,0,1,1,-2,1
2025 Montana's Brier,8a18f574,0,0,-4,4,0,1,-1,1,5,1,1,0,2,1
2025 Montana's Brier,8a18f574,0,2,0,0,0,0,0,0,4,0,1,1,-1,1
2025 Montana's Brier,8a18f574,3,-1,5,7,-1,0,-1,1,3,1,1,0,5,1
2025 Montana's Brier,8a18f574,0,2,-2,-2,0,0,0,0,2,0,1,1,-1,1
2025 Montana's Brier,2118be6a,0,-1,-6,0,1,1,0,1,9,1,1,0,2,1
2025 Montana's Brier,2118be6a,4,6,1,3,-1,-2,0,0,8,0,1,1,0,1
2025 Montana's Brier,2118be6a,-1,3,1,0,-1,-1,0,-1,7,0,1,0,-1,1
2025 Montana's Brier,2118be6a,1,2,0,0,0,0,0,0,6,1,1,1,0,1
2025 Montana's Brier,2118be6a,0,0,0,3,0,0,0,1,5,1,1,0,1,1
2025 Montana's Brier,2118be6a,-1,-1,-1,-3,0,0,0,0,4,0,1,1,-3,1
2025 Montana's Brier,2118be6a,0,0,1,0,0,0,0,1,3,1,1,0,2,1
2025 Montana's Brier,2118be6a,0,-1,-1,1,0,0,0,0,2,0,1,1,-1,1
2025 Montana's Brier,2118be6a,-2,0,0,5,0,0,0,1,1,1,1,0,2,1
2025 Montana's Brier,2118be6a,0,0,5,5,0,0,0,0,0,0,1,1,1,1
2025 Montana's Brier,beb09113,0,-2,0,0,0,0,0,-1,9,0,0,0,0,0
2025 Montana's Brier,beb09113,0,-3,2,2,0,0,0,-2,8,0,0,1,-1,0
2025 Montana's Brier,beb09113,0,-1,1,-1,0,0,0,-1,7,1,0,0,1,0
2025 Montana's Brier,beb09113,-1,-2,0,-3,0,0,0,-2,6,0,0,1,-2,0
2025 Montana's Brier,beb09113,-1,1,0,-1,0,0,0,-1,5,1,0,0,0,0
2025 Montana's Brier,beb09113,-1,0,-2,2,0,0,0,0,4,1,0,1,2,0
2025 Montana's Brier,beb09113,-3,-2,-3,2,-1,-1,0,-1,3,0,0,0,0,0
2025 Montana's Brier,beb09113,0,-2,-2,-2,0,0,0,-2,2,0,0,1,-2,0
2025 Montana's Brier,beb09113,0,-6,-2,-2,0,0,0,-1,1,1,0,0,-1,0
2025 Montana's Brier,beb09113,0,-2,0,-1,0,0,0,0,0,1,0,1,-1,0
2025 Montana's Brier,995cfbc2,0,1,4,-1,-1,-1,0,-1,9,0,0,0,-1,0
2025 Montana's Brier,995cfbc2,-4,-4,-1,1,0,1,0,0,8,1,0,1,0,0
2025 Montana's Brier,995cfbc2,1,0,2,1,0,0,0,1,7,1,0,0,2,0
2025 Montana's Brier,995cfbc2,0,3,2,-4,0,0,0,0,6,0,0,1,-2,0
2025 Montana's Brier,995cfbc2,-1,-2,-4,1,0,0,0,1,5,1,0,0,2,0
2025 Montana's Brier,995cfbc2,-1,1,4,0,0,0,0,0,4,0,0,1,-1,0
2025 Montana's Brier,995cfbc2,-2,-3,-3,-3,1,1,0,1,3,1,0,0,-1,0
2025 Montana's Brier,995cfbc2,0,2,-2,0,0,0,0,2,2,1,0,1,1,0
2025 Montana's Brier,995cfbc2,1,0,3,5,-1,-1,0,1,1,0,0,0,-1,0
2025 Montana's Brier,995cfbc2,0,-1,1,0,0,0,0,2,0,1,0,1,1,0
2025 Montana's Brier,f97f4a03,0,0,-2,1,0,0,0,1,9,1,1,0,1,1
2025 Montana's Brier,f97f4a03,0,3,0,2,-1,-2,0,0,8,0,1,1,-1,1
2025 Montana's Brier,f97f4a03,0,2,0,0,0,0,0,1,7,1,1,0,2,1
2025 Montana's Brier,f97f4a03,2,3,4,0,-1,-1,0,0,6,0,1,1,-1,1
2025 Montana's Brier,f97f4a03,2,-1,1,-2,1,1,0,1,5,1,1,0,-1,1
2025 Montana's Brier,f97f4a03,2,1,1,3,0,0,-1,2,4,1,1,1,2,1
2025 Montana's Brier,f97f4a03,0,2,-1,-5,1,0,1,1,3,0,1,0,-3,1
2025 Montana's Brier,f97f4a03,0,0,2,0,0,0,0,2,2,1,1,1,1,1
2025 Montana's Brier,f97f4a03,3,0,1,0,0,0,0,1,1,0,1,0,-2,1
2025 Montana's Brier,44b4708f,1,2,0,1,0,0,0,1,9,1,1,0,0,1
2025 Montana's Brier,44b4708f,0,0,1,1,0,0,0,2,8,1,1,1,0,1
2025 Montana's Brier,44b4708f,-1,3,2,1,0,0,0,3,7,1,1,0,0,1
2025 Montana's Brier,44b4708f,1,-2,-1,-1,0,0,0,4,6,1,1,1,1,1
2025 Montana's Brier,44b4708f,0,-3,2,-4,0,0,1,3,5,0,1,0,-3,1
2025 Montana's Brier,44b4708f,0,-2,-2,3,-1,0,-1,4,4,1,1,1,2,1
2025 Montana's Brier,44b4708f,0,0,2,1,0,0,0,3,3,0,1,0,-1,1
2025 Montana's Brier,44b4708f,0,-2,0,5,0,0,0,4,2,1,1,1,3,1
2025 Montana's Brier,44b4708f,-5,1,3,6,-1,-1,0,3,1,0,1,0,1,1
2025 Montana's Brier,44b4708f,-1,3,-3,-2,0,-1,1,2,0,0,1,1,-2,1
2025 Montana's Brier,61e82b86,-1,0,2,4,-1,0,-1,1,9,1,1,0,2,1
2025 Montana's Brier,61e82b86,0,-2,1,6,-1,-1,0,0,8,0,1,1,1,1
2025 Montana's Brier,61e82b86,0,2,1,1,0,0,0,-1,7,0,1,0,-1,1
2025 Montana's Brier,61e82b86,0,2,0,1,0,0,0,0,6,1,1,1,2,1
2025 Montana's Brier,61e82b86,0,-1,-1,0,0,0,0,-1,5,0,1,0,-2,1
2025 Montana's Brier,61e82b86,-2,0,1,-1,1,1,0,0,4,1,1,1,-1,1
2025 Montana's Brier,61e82b86,0,6,-2,0,0,0,-1,1,3,1,1,0,0,1
2025 Montana's Brier,61e82b86,0,0,0,0,0,0,0,2,2,1,1,1,2,1
2025 Montana's Brier,61e82b86,0,-1,0,1,0,0,0,1,1,0,1,0,-1,1
2025 Montana's Brier,739403c1,0,-1,0,0,0,0,0,-1,9,0,0,0,0,0
2025 Montana's Brier,739403c1,-1,-2,0,-3,0,0,0,-2,8,0,0,1,-2,0
2025 Montana's Brier,739403c1,-1,0,1,2,0,0,0,-1,7,1,0,0,2,0
2025 Montana's Brier,739403c1,1,0,0,-3,0,0,0,-2,6,0,0,1,-2,0
2025 Montana's Brier,739403c1,-4,2,-1,-4,1,2,0,-1,5,1,0,0,-1,0
2025 Montana's Brier,739403c1,-3,0,2,-4,1,1,0,0,4,1,0,1,-1,0
2025 Montana's Brier,739403c1,-1,-2,-1,-8,2,2,0,1,3,1,0,0,-4,0
2025 Montana's Brier,739403c1,1,-2,-1,2,0,0,0,2,2,1,0,1,1,0
2025 Montana's Brier,080d4a9a,1,4,3,0,0,0,0,-1,9,0,0,0,0,0
2025 Montana's Brier,080d4a9a,0,2,1,-6,1,0,1,-2,8,0,0,1,-5,0
2025 Montana's Brier,080d4a9a,0,1,1,0,0,0,0,-1,7,1,0,0,1,0
2025 Montana's Brier,080d4a9a,-2,-3,-4,-4,0,0,0,-2,6,0,0,1,-3,0
2025 Montana's Brier,080d4a9a,3,2,-4,-1,0,0,0,-1,5,1,0,0,-2,0
2025 Montana's Brier,080d4a9a,4,0,0,2,0,0,-1,0,4,1,0,1,2,0
2025 Montana's Brier,080d4a9a,0,0,0,0,0,0,0,-1,3,0,0,0,-1,0
2025 Montana's Brier,080d4a9a,0,-2,4,-2,0,0,0,0,2,1,0,1,1,0
2025 Montana's Brier,12d9eb40,-2,1,-2,-3,1,1,0,1,9,1,1,0,-1,0
2025 Montana's Brier,12d9eb40,0,-1,-2,-3,1,1,0,2,8,1,1,1,0,0
2025 Montana's Brier,12d9eb40,2,-1,-2,5,0,0,0,3,7,1,1,0,1,0
2025 Montana's Brier,12d9eb40,0,4,2,-1,0,0,0,2,6,0,1,1,-1,0
2025 Montana's Brier,12d9eb40,2,-4,0,-5,1,2,0,3,5,1,1,0,-2,0
2025 Montana's Brier,12d9eb40,0,1,1,1,0,0,0,4,4,1,1,1,2,0
2025 Montana's Brier,12d9eb40,0,2,0,1,0,0,0,3,3,0,1,0,-1,0
2025 Montana's Brier,12d9eb40,3,1,3,0,0,0,-1,4,2,1,1,1,1,0
2025 Montana's Brier,12d9eb40,-4,1,3,0,0,-2,2,3,1,0,1,0,-2,0
2025 Montana's Brier,12d9eb40,-2,3,0,-6,1,1,0,4,0,1,1,1,1,0
2025 Montana's Brier,7d14256c,0,1,-1,6,-1,0,-1,1,9,1,1,0,3,1
2025 Montana's Brier,7d14256c,0,4,3,2,0,-1,0,0,8,0,1,1,-1,1
2025 Montana's Brier,7d14256c,1,4,-4,3,1,1,0,1,7,1,1,0,4,1
2025 Montana's Brier,7d14256c,2,2,7,7,-2,-2,0,0,6,0,1,1,5,1
2025 Montana's Brier,7d14256c,1,2,-2,4,1,0,1,-1,5,0,1,0,1,1
2025 Montana's Brier,7d14256c,-1,3,0,5,-1,-1,0,-2,4,0,1,1,2,1
2025 Montana's Brier,7d14256c,0,3,2,-2,0,0,0,-3,3,0,1,0,-1,1
2025 Montana's Brier,7d14256c,-1,2,5,8,-2,0,-2,-2,2,1,1,1,5,1
2025 Montana's Brier,a4e20365,-1,-2,-2,-2,0,0,0,-1,9,0,0,0,-2,0
2025 Montana's Brier,a4e20365,-1,1,-1,-3,1,1,0,0,8,1,0,1,1,0
2025 Montana's Brier,a4e20365,0,-1,1,-4,0,0,0,-1,7,0,0,0,-2,0
2025 Montana's Brier,a4e20365,4,0,-3,-2,0,0,-1,0,6,1,0,1,1,0
2025 Montana's Brier,a4e20365,0,0,1,1,0,0,0,-1,5,0,0,0,-1,0
2025 Montana's Brier,a4e20365,0,-1,-1,-5,1,1,0,0,4,1,0,1,-2,0
2025 Montana's Brier,a4e20365,0,0,-2,-5,0,0,0,1,3,1,0,0,-3,0
2025 Montana's Brier,a4e20365,0,0,-2,0,1,1,0,2,2,1,0,1,1,0
2025 Montana's Brier,a5caaa9a,-2,-2,0,0,0,0,0,-1,9,0,0,0,0,0
2025 Montana's Brier,a5caaa9a,0,1,1,2,0,0,0,-2,8,0,0,1,-1,0
2025 Montana's Brier,a5caaa9a,-2,-2,5,0,0,0,0,-1,7,1,0,0,2,0
2025 Montana's Brier,a5caaa9a,3,1,3,-5,1,0,1,-2,6,0,0,1,-2,0
2025 Montana's Brier,a5caaa9a,-1,1,-1,4,-1,0,-1,-1,5,1,0,0,2,0
2025 Montana's Brier,a5caaa9a,1,0,0,0,0,0,0,-2,4,0,0,1,-2,0
2025 Montana's Brier,a5caaa9a,2,0,-1,-4,1,1,0,-1,3,1,0,0,-1,0
2025 Montana's Brier,a5caaa9a,0,-2,2,1,0,0,0,0,2,1,0,1,2,0
2025 Montana's Brier,a5caaa9a,-1,2,-2,0,0,0,0,-1,1,0,0,0,-4,0
2025 Montana's Brier,3fb74c18,0,1,0,0,0,0,0,1,9,1,1,0,0,1
2025 Montana's Brier,3fb74c18,0,3,-1,0,1,1,-1,2,8,1,1,1,1,1
2025 Montana's Brier,3fb74c18,1,3,-1,-1,0,-1,0,1,7,0,1,0,-1,1
2025 Montana's Brier,3fb74c18,1,-2,0,0,0,0,0,2,6,1,1,1,2,1
2025 Montana's Brier,3fb74c18,-2,1,-2,0,0,0,0,1,5,0,1,0,0,1
2025 Montana's Brier,3fb74c18,-2,1,4,0,-1,-1,0,0,4,0,1,1,-1,1
2025 Montana's Brier,3fb74c18,-1,0,0,3,0,0,0,1,3,1,1,0,4,1
2025 Montana's Brier,3fb74c18,0,1,2,2,0,0,0,0,2,0,1,1,-1,1
2025 Montana's Brier,372027ef,0,4,2,8,-2,-2,0,-1,9,0,0,0,1,1
2025 Montana's Brier,372027ef,-2,-1,-1,-2,0,0,1,-2,8,0,0,1,-2,1
2025 Montana's Brier,372027ef,-1,-1,0,1,0,0,0,-1,7,1,0,0,1,1
2025 Montana's Brier,372027ef,-2,0,3,-2,0,0,0,-2,6,0,0,1,-1,1
2025 Montana's Brier,372027ef,0,0,-3,-1,0,0,0,-1,5,1,0,0,2,1
2025 Montana's Brier,372027ef,-2,-3,0,0,0,0,0,-2,4,0,0,1,-1,1
2025 Montana's Brier,372027ef,-1,1,0,0,0,1,-1,-1,3,1,0,0,0,1
2025 Montana's Brier,372027ef,0,-1,-3,-4,1,1,0,0,2,1,0,1,-1,1
2025 Montana's Brier,372027ef,1,3,1,1,0,0,-1,1,1,1,0,0,2,1
2025 Montana's Brier,372027ef,-1,1,1,4,-1,-1,0,0,0,0,0,1,2,1
2025 Montana's Brier,02b6ac07,3,-3,0,-4,0,0,0,-1,9,0,0,0,-3,0
2025 Montana's Brier,02b6ac07,-1,-1,0,0,0,0,0,0,8,1,0,1,1,0
2025 Montana's Brier,02b6ac07,-2,-4,-1,-4,0,0,0,-1,7,0,0,0,-2,0
2025 Montana's Brier,02b6ac07,-2,-5,-4,-4,1,1,0,0,6,1,0,1,-1,0
2025 Montana's Brier,02b6ac07,0,0,-5,-6,1,1,0,1,5,1,0,0,-3,0
2025 Montana's Brier,02b6ac07,-2,-2,0,-1,0,0,0,2,4,1,0,1,1,0
2025 Montana's Brier,02b6ac07,-4,1,1,-3,0,0,1,1,3,0,0,0,-4,0
2025 Montana's Brier,02b6ac07,-3,-1,-2,-2,1,1,0,2,2,1,0,1,-1,0
2025 Montana's Brier,17a03b93,2,2,-1,-1,0,0,0,1,9,1,1,0,1,1
2025 Montana's Brier,17a03b93,0,1,-1,3,0,0,0,0,8,0,1,1,-1,1
2025 Montana's Brier,17a03b93,-1,-3,-2,0,0,0,0,1,7,1,1,0,2,1
2025 Montana's Brier,17a03b93,1,-1,0,2,0,0,0,0,6,0,1,1,-1,1
2025 Montana's Brier,17a03b93,0,-1,-2,-3,1,2,0,1,5,1,1,0,-1,1
2025 Montana's Brier,17a03b93,1,2,0,5,0,0,0,2,4,1,1,1,3,1
2025 Montana's Brier,17a03b93,-2,-1,1,3,0,0,1,1,3,0,1,0,3,1
2025 Montana's Brier,17a03b93,0,0,0,-3,0,0,0,0,2,0,1,1,-2,1
2025 Montana's Brier,17a03b93,-2,0,0,4,-1,0,-1,1,1,1,1,0,1,1
2025 Montana's Brier,2eb785bb,0,0,2,0,0,0,0,-1,9,0,0,0,0,0
2025 Montana's Brier,2eb785bb,-2,2,-1,2,-1,-1,0,-2,8,0,0,1,1,0
2025 Montana's Brier,2eb785bb,2,5,-1,1,0,-1,0,-3,7,0,0,0,-1,0
2025 Montana's Brier,2eb785bb,1,1,-2,-2,0,0,0,-2,6,1,0,1,1,0
2025 Montana's Brier,2eb785bb,0,0,-1,4,0,0,0,-3,5,0,0,0,-1,0
2025 Montana's Brier,2eb785bb,-1,1,-1,-8,2,2,0,-2,4,1,0,1,-1,0
2025 Montana's Brier,2eb785bb,-1,-1,-3,-4,1,1,0,-1,3,1,0,0,0,0
2025 Montana's Brier,2eb785bb,0,-2,0,-7,1,1,0,0,2,1,0,1,-3,0
2025 Montana's Brier,2eb785bb,0,0,1,1,0,0,0,1,1,1,0,0,0,0
2025 Montana's Brier,3ec3b574,-2,2,0,0,0,0,0,-1,9,0,0,0,0,1
2025 Montana's Brier,3ec3b574,0,0,4,2,0,0,0,-2,8,0,0,1,-1,1
2025 Montana's Brier,3ec3b574,0,-1,-2,-2,1,1,0,-1,7,1,0,0,1,1
2025 Montana's Brier,3ec3b574,0,0,3,4,0,0,0,-2,6,0,0,1,1,1
2025 Montana's Brier,3ec3b574,4,0,4,1,0,-1,0,-3,5,0,0,0,-1,1
2025 Montana's Brier,3ec3b574,2,0,2,-2,1,1,0,-2,4,1,0,1,-1,1
2025 Montana's Brier,3ec3b574,3,0,3,0,0,0,0,-1,3,1,0,0,0,1
2025 Montana's Brier,3ec3b574,0,1,-3,3,0,0,0,0,2,1,0,1,2,1
2025 Montana's Brier,3ec3b574,0,1,1,1,0,0,0,-1,1,0,0,0,-1,1
2025 Montana's Brier,a6e29727,0,-1,1,0,0,0,0,-1,9,0,0,0,-1,0
2025 Montana's Brier,a6e29727,-2,-1,0,-2,0,0,0,0,8,1,0,1,1,0
2025 Montana's Brier,a6e29727,-1,0,-2,3,0,0,0,-1,7,0,0,0,-1,0
2025 Montana's Brier,a6e29727,-1,-1,-2,-5,0,0,0,0,6,1,0,1,-1,0
2025 Montana's Brier,a6e29727,0,-2,0,-2,0,0,0,1,5,1,0,0,0,0
2025 Montana's Brier,a6e29727,-1,-4,1,0,0,0,0,2,4,1,0,1,1,0
2025 Montana's Brier,a6e29727,5,-1,-1,0,0,0,0,1,3,0,0,0,-2,0
2025 Montana's Brier,a6e29727,1,-3,4,1,-2,0,-2,2,2,1,0,1,2,0
2025 Montana's Brier,a6e29727,1,-2,0,4,-1,-1,0,1,1,0,0,0,-2,0
2025 Montana's Brier,a86a28e4,-1,-2,-4,-2,2,2,0,1,9,1,1,0,-2,1
2025 Montana's Brier,a86a28e4,0,2,1,-1,0,0,0,2,8,1,1,1,1,1
2025 Montana's Brier,a86a28e4,1,5,2,3,0,0,0,1,7,0,1,0,1,1
2025 Montana's Brier,a86a28e4,1,5,-2,2,0,-1,0,0,6,0,1,1,1,1
2025 Montana's Brier,a86a28e4,-1,0,-2,0,0,0,0,-1,5,0,1,0,-2,1
2025 Montana's Brier,a86a28e4,-1,-1,0,6,-1,0,-1,0,4,1,1,1,3,1
2025 Montana's Brier,a86a28e4,2,0,1,5,0,0,0,-1,3,0,1,0,1,1
2025 Montana's Brier,a86a28e4,0,-4,5,4,0,0,0,-2,2,0,1,1,1,1
2025 Montana's Brier,176a215d,1,-1,0,0,0,0,0,1,9,1,1,0,0,1
2025 Montana's Brier,176a215d,-1,-1,-2,0,0,0,0,2,8,1,1,1,2,1
2025 Montana's Brier,176a215d,-1,-3,-3,-2,0,0,0,1,7,0,1,0,-3,1
2025 Montana's Brier,176a215d,-1,-1,-1,0,0,0,0,2,6,1,1,1,1,1
2025 Montana's Brier,176a215d,0,1,1,-3,0,0,0,1,5,0,1,0,-2,1
2025 Montana's Brier,176a215d,-2,1,-1,0,0,0,0,2,4,1,1,1,2,1
2025 Montana's Brier,176a215d,-6,2,0,2,-1,-2,1,1,3,0,1,0,0,1
2025 Montana's Brier,176a215d,-1,2,6,3,-1,-1,0,0,2,0,1,1,2,1
2025 Montana's Brier,176a215d,-2,1,2,1,0,0,0,-1,1,0,1,0,-1,1
2025 Montana's Brier,176a215d,-7,0,3,1,0,2,0,0,0,1,1,1,1,1
2025 Montana's Brier,df197268,2,0,0,1,0,-1,1,-1,9,0,0,0,0,0
2025 Montana's Brier,df197268,1,0,-2,1,1,0,1,-2,8,0,0,1,-2,0
2025 Montana's Brier,df197268,0,-2,4,-2,-1,0,-1,-1,7,1,0,0,0,0
2025 Montana's Brier,df197268,3,-4,-3,-5,1,2,0,0,6,1,0,1,-3,0
2025 Montana's Brier,df197268,2,-3,-4,0,0,0,0,1,5,1,0,0,1,0
2025 Montana's Brier,df197268,3,0,-2,-3,0,-1,0,0,4,0,0,1,-2,0
2025 Montana's Brier,df197268,-1,2,-4,2,1,2,0,1,3,1,0,0,1,0
2025 Montana's Brier,df197268,2,0,-4,0,0,-1,0,0,2,0,0,1,0,0
2025 Montana's Brier,df197268,6,-1,0,-1,0,-1,0,-1,1,0,0,0,-1,0
2025 Montana's Brier,08e1c2ae,1,0,-2,0,0,0,0,1,9,1,1,0,0,0
2025 Montana's Brier,08e1c2ae,2,0,5,2,-1,0,-1,2,8,1,1,1,2,0
2025 Montana's Brier,08e1c2ae,-1,0,-5,-3,0,0,0,1,7,0,1,0,-2,0
2025 Montana's Brier,08e1c2ae,2,0,-6,0,1,1,-1,2,6,1,1,1,1,0
2025 Montana's Brier,08e1c2ae,1,2,0,2,-1,-2,0,1,5,0,1,0,1,0
2025 Montana's Brier,08e1c2ae,0,0,0,0,0,0,0,0,4,0,1,1,-3,0
2025 Montana's Brier,08e1c2ae,-2,2,0,-8,2,2,0,1,3,1,1,0,-1,0
2025 Montana's Brier,08e1c2ae,0,-4,-3,-2,0,1,0,2,2,1,1,1,1,0
2025 Montana's Brier,08e1c2ae,-3,-4,2,2,-1,-1,1,1,1,0,1,0,0,0
2025 Montana's Brier,08e1c2ae,0,-2,-3,0,0,0,0,0,0,0,1,1,-1,0
2025 Montana's Brier,7fe8b4ff,0,2,-1,0,0,0,0,-1,9,0,0,0,-1,0
2025 Montana's Brier,7fe8b4ff,-1,3,0,0,0,0,0,0,8,1,0,1,2,0
2025 Montana's Brier,7fe8b4ff,3,-4,-2,-3,0,0,1,-1,7,0,0,0,-2,0
2025 Montana's Brier,7fe8b4ff,-3,-2,0,-1,0,0,0,0,6,1,0,1,1,0
2025 Montana's Brier,7fe8b4ff,0,1,2,0,0,0,0,-1,5,0,0,0,-1,0
2025 Montana's Brier,7fe8b4ff,-2,-1,2,0,0,0,0,0,4,1,0,1,1,0
2025 Montana's Brier,7fe8b4ff,-1,0,0,-2,0,0,0,-1,3,0,0,0,0,0
2025 Montana's Brier,7fe8b4ff,0,-1,-2,4,-1,-1,0,-2,2,0,0,1,0,0
2025 Montana's Brier,7fe8b4ff,-3,-3,0,-3,0,0,0,-3,1,0,0,0,-2,0
2025 Montana's Brier,7fe8b4ff,1,0,1,0,1,1,0,-2,0,1,0,1,-1,0
2025 Montana's Brier,afd6727f,2,0,-2,3,-1,-1,0,-1,9,0,0,0,0,1
2025 Montana's Brier,afd6727f,0,1,0,-2,0,0,0,-2,8,0,0,1,0,1
2025 Montana's Brier,afd6727f,0,-1,1,0,0,0,0,-3,7,0,0,0,0,1
2025 Montana's Brier,afd6727f,0,0,0,0,0,0,0,-4,6,0,0,1,0,1
2025 Montana's Brier,afd6727f,-1,-1,-2,-1,0,0,0,-5,5,0,0,0,-2,1
2025 Montana's Brier,afd6727f,0,0,2,-1,0,0,0,-4,4,1,0,1,1,1
2025 Montana's Brier,afd6727f,0,0,-1,5,-1,-1,0,-5,3,0,0,0,1,1
2025 Montana's Brier,afd6727f,0,0,-1,0,0,0,0,-6,2,0,0,1,0,1
2025 Montana's Brier,afd6727f,0,-1,0,4,-1,-1,0,-7,1,0,0,0,-1,1
2025 Montana's Brier,afd6727f,0,0,3,1,0,0,0,-6,0,1,0,1,3,1
2025 Montana's Brier,f9c82bb7,4,0,-1,-1,0,-1,0,-1,9,0,0,0,-2,0
2025 Montana's Brier,f9c82bb7,0,1,-1,-2,0,0,0,0,8,1,0,1,1,0
2025 Montana's Brier,f9c82bb7,0,-2,-1,-5,0,0,0,-1,7,0,0,0,-3,0
2025 Montana's Brier,f9c82bb7,0,0,-3,-1,0,0,0,0,6,1,0,1,1,0
2025 Montana's Brier,f9c82bb7,1,-2,0,0,0,0,0,-1,5,0,0,0,-1,0
2025 Montana's Brier,f9c82bb7,0,0,-2,2,0,0,0,0,4,1,0,1,1,0
2025 Montana's Brier,f9c82bb7,1,0,2,-1,0,0,0,-1,3,0,0,0,-2,0
2025 Montana's Brier,f9c82bb7,2,-1,-1,0,0,0,0,0,2,1,0,1,2,0
2025 Montana's Brier,f9c82bb7,0,0,-1,2,-1,-1,0,-1,1,0,0,0,1,0
2025 Montana's Brier,f9c82bb7,0,0,-2,-1,0,0,0,-2,0,0,0,1,-2,0
2025 Montana's Brier,56eea1db,2,-4,0,0,0,0,0,1,9,1,1,0,0,1
2025 Montana's Brier,56eea1db,1,2,0,0,0,0,0,2,8,1,1,1,0,1
2025 Montana's Brier,56eea1db,-2,2,-4,0,0,1,0,3,7,1,1,0,0,1
2025 Montana's Brier,56eea1db,-4,1,-1,-2,1,2,0,4,6,1,1,1,-1,1
2025 Montana's Brier,56eea1db,1,5,1,6,-1,0,-2,5,5,1,1,0,3,1
2025 Montana's Brier,56eea1db,0,1,0,2,-1,-1,0,4,4,0,1,1,-1,1
2025 Montana's Brier,56eea1db,1,-2,0,0,0,0,0,5,3,1,1,0,1,1
2025 Montana's Brier,56eea1db,0,0,0,1,0,0,0,4,2,0,1,1,-3,1
2025 Montana's Brier,56eea1db,-1,2,4,0,-1,0,-1,5,1,1,1,0,2,1
2025 Montana's Brier,56eea1db,-1,-4,3,4,-1,-1,0,4,0,0,1,1,1,1
2025 Montana's Brier,a49169d2,-2,0,0,0,0,0,0,-1,9,0,0,0,0,1
2025 Montana's Brier,a49169d2,0,-2,-1,-2,0,0,0,-2,8,0,0,1,-2,1
2025 Montana's Brier,a49169d2,0,1,3,2,0,0,0,-1,7,1,0,0,2,1
2025 Montana's Brier,a49169d2,0,0,2,0,0,0,0,-2,6,0,0,1,0,1
2025 Montana's Brier,a49169d2,-1,0,-4,5,0,-1,1,-3,5,0,0,0,0,1
2025 Montana's Brier,a49169d2,0,0,-2,5,-1,-1,0,-4,4,0,0,1,2,1
2025 Montana's Brier,a49169d2,-1,0,-1,1,0,0,0,-5,3,0,0,0,-1,1
2025 Montana's Brier,a49169d2,0,0,0,2,0,0,0,-4,2,1,0,1,2,1
2025 Montana's Brier,a49169d2,0,-4,0,1,0,0,1,-5,1,0,0,0,-1,1
2025 Montana's Brier,ba699829,0,0,0,2,0,0,0,1,9,1,1,0,0,1
2025 Montana's Brier,ba699829,0,-2,1,0,0,0,0,2,8,1,1,1,1,1
2025 Montana's Brier,ba699829,3,0,0,-2,0,0,0,1,7,0,1,0,0,1
2025 Montana's Brier,ba699829,0,3,3,1,0,0,0,0,6,0,1,1,-1,1
2025 Montana's Brier,ba699829,0,4,3,3,0,0,-1,1,5,1,1,0,2,1
2025 Montana's Brier,ba699829,0,-2,-1,1,0,0,0,0,4,0,1,1,-1,1
2025 Montana's Brier,ba699829,0,2,0,2,0,0,0,1,3,1,1,0,2,1
2025 Montana's Brier,ba699829,0,0,2,2,0,0,0,0,2,0,1,1,-1,1
2025 Montana's Brier,ba699829,4,0,0,-3,0,0,-1,1,1,1,1,0,-2,1
2025 Montana's Brier,ba699829,0,0,2,3,0,0,0,2,0,1,1,1,1,1
2025 Montana's Brier,8eb69d3a,-1,-1,-2,0,0,0,0,1,9,1,1,0,1,0
2025 Montana's Brier,8eb69d3a,2,-1,1,1,0,0,0,0,8,0,1,1,-1,0
2025 Montana's Brier,8eb69d3a,0,0,0,0,0,0,0,1,7,1,1,0,1,0
2025 Montana's Brier,8eb69d3a,0,-1,-4,0,1,0,1,0,6,0,1,1,-1,0
2025 Montana's Brier,8eb69d3a,0,-1,-2,-1,0,0,0,1,5,1,1,0,1,0
2025 Montana's Brier,8eb69d3a,0,4,2,-2,0,0,0,0,4,0,1,1,-1,0
2025 Montana's Brier,8eb69d3a,-1,-2,-2,-4,1,1,0,1,3,1,1,0,-1,0
2025 Montana's Brier,8eb69d3a,0,1,-1,0,0,0,0,2,2,1,1,1,1,0
2025 Montana's Brier,8eb69d3a,0,-1,-2,-3,0,0,0,1,1,0,1,0,-3,0
2025 Montana's Brier,f7c0cd5f,0,0,-1,2,0,0,0,-1,9,0,0,0,-1,0
2025 Montana's Brier,f7c0cd5f,0,-2,2,0,0,1,0,0,8,1,0,1,1,0
2025 Montana's Brier,f7c0cd5f,0,-1,-2,-1,0,0,0,-1,7,0,0,0,0,0
2025 Montana's Brier,f7c0cd5f,-1,0,1,0,0,0,0,-2,6,0,0,1,-2,0
2025 Montana's Brier,f7c0cd5f,0,0,1,0,0,0,0,-1,5,1,0,0,2,0
2025 Montana's Brier,f7c0cd5f,0,-1,-1,-1,0,0,0,-2,4,0,0,1,-2,0
2025 Montana's Brier,f7c0cd5f,2,0,3,0,0,0,0,-1,3,1,0,0,0,0
2025 Montana's Brier,f7c0cd5f,0,-2,0,-5,1,1,0,0,2,1,0,1,-1,0
2025 Montana's Brier,f7c0cd5f,-1,0,-3,0,0,0,0,1,1,1,0,0,1,0
2025 Montana's Brier,f7c0cd5f,0,0,2,1,0,0,0,0,0,0,0,1,1,0
2024 Montana's Brier,b8a3b23d,-4,-2,-4,3,0,1,0,1,9,1,1,0,1,1
2024 Montana's Brier,b8a3b23d,0,2,3,7,-1,-1,0,0,8,0,1,1,1,1
2024 Montana's Brier,b8a3b23d,0,0,0,-4,1,0,1,-1,7,0,1,0,-4,1
2024 Montana's Brier,b8a3b23d,0,-6,0,-4,1,2,0,0,6,1,1,1,1,1
2024 Montana's Brier,b8a3b23d,-1,-2,1,4,-1,-1,0,-1,5,0,1,0,1,1
2024 Montana's Brier,b8a3b23d,0,0,0,3,0,0,0,-2,4,0,1,1,-1,1
2024 Montana's Brier,b8a3b23d,0,-1,-1,3,0,0,0,-1,3,1,1,0,3,1
2024 Montana's Brier,b8a3b23d,4,0,0,4,-1,-2,0,-2,2,0,1,1,-1,1
2024 Montana's Brier,b8a3b23d,0,0,-4,0,1,1,0,-1,1,1,1,0,0,1
2024 Montana's Brier,e56bbdb5,0,0,-1,-4,1,1,0,1,9,1,1,0,0,1
2024 Montana's Brier,e56bbdb5,0,-3,-3,0,1,1,0,2,8,1,1,1,1,1
2024 Montana's Brier,e56bbdb5,0,0,0,2,0,0,0,1,7,0,1,0,-1,1
2024 Montana's Brier,e56bbdb5,0,-4,4,4,-1,1,-1,2,6,1,1,1,2,1
2024 Montana's Brier,e56bbdb5,0,0,0,-6,1,0,1,1,5,0,1,0,-3,1
2024 Montana's Brier,e56bbdb5,0,-3,4,2,-1,0,-1,2,4,1,1,1,3,1
2024 Montana's Brier,e56bbdb5,0,0,2,4,0,0,0,1,3,0,1,0,1,1
2024 Montana's Brier,e56bbdb5,0,4,0,0,0,-1,0,0,2,0,1,1,-1,1
2024 Montana's Brier,e56bbdb5,-4,-1,-2,-1,0,1,0,1,1,1,1,0,-1,1
2024 Montana's Brier,e56bbdb5,0,-2,0,-3,0,0,0,2,0,1,1,1,-1,1
2024 Montana's Brier,e56bbdb5,0,0,0,0,0,0,0,3,-1,1,1,0,1,1
2024 Montana's Brier,2c53a2cf,1,-1,-1,3,0,0,0,-1,9,0,0,0,-1,0
2024 Montana's Brier,2c53a2cf,1,1,2,-4,0,1,-1,0,8,1,0,1,1,0
2024 Montana's Brier,2c53a2cf,1,1,1,-1,1,0,1,-1,7,0,0,0,-1,0
2024 Montana's Brier,2c53a2cf,0,0,-3,0,0,0,0,0,6,1,0,1,1,0
2024 Montana's Brier,2c53a2cf,1,0,1,1,0,0,0,-1,5,0,0,0,-1,0
2024 Montana's Brier,2c53a2cf,0,0,0,-3,1,1,0,0,4,1,0,1,-1,0
2024 Montana's Brier,2c53a2cf,-2,3,2,3,0,0,0,1,3,1,0,0,3,0
2024 Montana's Brier,2c53a2cf,0,0,0,-3,0,0,0,0,2,0,0,1,-2,0
2024 Montana's Brier,2c53a2cf,2,0,-4,2,1,1,0,1,1,1,0,0,-1,0
2024 Montana's Brier,39f5d1e9,-1,-2,0,0,0,0,0,1,9,1,1,0,0,1
2024 Montana's Brier,39f5d1e9,0,0,2,-2,0,0,0,2,8,1,1,1,3,1
2024 Montana's Brier,39f5d1e9,-1,0,0,2,0,0,0,1,7,0,1,0,-1,1
2024 Montana's Brier,39f5d1e9,-1,0,0,-2,0,0,0,2,6,1,1,1,1,1
2024 Montana's Brier,39f5d1e9,0,-2,0,-5,1,0,1,1,5,0,1,0,-3,1
2024 Montana's Brier,39f5d1e9,2,1,0,4,0,0,0,2,4,1,1,1,3,1
2024 Montana's Brier,39f5d1e9,0,0,3,-2,1,0,1,1,3,0,1,0,0,1
2024 Montana's Brier,39f5d1e9,-1,0,0,4,-1,-1,0,0,2,0,1,1,1,1
2024 Montana's Brier,39f5d1e9,0,5,2,0,0,-1,0,-1,1,0,1,0,-1,1
2024 Montana's Brier,475bdc88,5,0,0,0,0,-2,1,-1,9,0,0,0,0,0
2024 Montana's Brier,475bdc88,0,0,-6,-4,1,0,1,-2,8,0,0,1,-3,0
2024 Montana's Brier,475bdc88,-1,3,2,-5,1,1,0,-1,7,1,0,0,1,0
2024 Montana's Brier,475bdc88,-2,0,-1,-4,2,0,2,-2,6,0,0,1,-2,0
2024 Montana's Brier,475bdc88,0,-1,-3,-6,1,1,0,-1,5,1,0,0,-3,0
2024 Montana's Brier,475bdc88,0,-3,-3,-8,2,2,0,0,4,1,0,1,-4,0
2024 Montana's Brier,475bdc88,0,-3,0,-5,1,1,0,1,3,1,0,0,-3,0
2024 Montana's Brier,475bdc88,0,0,2,0,0,0,0,2,2,1,0,1,1,0
2024 Montana's Brier,74150a59,-2,0,-3,-1,1,0,1,-1,9,0,0,0,-2,0
2024 Montana's Brier,74150a59,-1,4,-2,0,0,0,-1,0,8,1,0,1,1,0
2024 Montana's Brier,74150a59,0,1,0,-4,0,0,0,-1,7,0,0,0,-3,0
2024 Montana's Brier,74150a59,0,3,1,-7,0,1,-1,0,6,1,0,1,-3,0
2024 Montana's Brier,74150a59,0,0,0,4,-1,0,-1,1,5,1,0,0,2,0
2024 Montana's Brier,74150a59,0,0,0,0,0,0,0,0,4,0,0,1,-4,0
2024 Montana's Brier,74150a59,-3,2,0,0,0,0,0,1,3,1,0,0,0,0
2024 Montana's Brier,74150a59,0,0,0,0,0,0,0,2,2,1,0,1,1,0
2024 Montana's Brier,d7755b2f,0,-2,-3,-1,0,0,0,-1,9,0,0,0,-2,0
2024 Montana's Brier,d7755b2f,-1,-1,3,1,-1,0,-1,0,8,1,0,1,1,0
2024 Montana's Brier,d7755b2f,-2,-5,-2,-6,1,0,1,-1,7,0,0,0,-2,0
2024 Montana's Brier,d7755b2f,-2,-5,-2,-2,0,1,0,0,6,1,0,1,1,0
2024 Montana's Brier,d7755b2f,1,0,0,2,0,0,0,-1,5,0,0,0,-1,0
2024 Montana's Brier,d7755b2f,2,0,-2,-1,0,0,0,0,4,1,0,1,1,0
2024 Montana's Brier,d7755b2f,0,0,-2,-1,0,0,0,-1,3,0,0,0,-1,0
2024 Montana's Brier,d7755b2f,0,1,-2,-5,1,1,0,0,2,1,0,1,-2,0
2024 Montana's Brier,273fe839,2,0,0,-1,0,0,0,-1,9,0,0,0,0,0
2024 Montana's Brier,273fe839,-1,4,0,0,0,-1,0,-2,8,0,0,1,0,0
2024 Montana's Brier,273fe839,0,0,-2,-4,1,0,1,-3,7,0,0,0,-3,0
2024 Montana's Brier,273fe839,3,6,2,2,0,0,-2,-2,6,1,0,1,2,0
2024 Montana's Brier,273fe839,0,2,2,0,0,-1,0,-3,5,0,0,0,0,0
2024 Montana's Brier,273fe839,2,0,-6,4,2,0,2,-4,4,0,0,1,-1,0
2024 Montana's Brier,273fe839,-1,1,3,1,0,0,0,-3,3,1,0,0,2,0
2024 Montana's Brier,273fe839,-1,0,1,5,-1,-1,0,-4,2,0,0,1,1,0
2024 Montana's Brier,273fe839,1,-2,0,-2,0,-1,0,-5,1,0,0,0,0,0
2024 Montana's Brier,273fe839,0,2,3,-1,0,0,0,-6,0,0,0,1,-3,0
2024 Montana's Brier,e1e3f468,0,-1,0,2,-1,-1,0,-1,9,0,0,0,0,0
2024 Montana's Brier,e1e3f468,2,-1,-3,-1,0,0,0,-2,8,0,0,1,-5,0
2024 Montana's Brier,e1e3f468,0,-4,1,-2,1,1,0,-1,7,1,0,0,1,0
2024 Montana's Brier,e1e3f468,1,0,2,3,0,0,0,-2,6,0,0,1,1,0
2024 Montana's Brier,e1e3f468,2,0,0,0,0,0,0,-3,5,0,0,0,0,0
2024 Montana's Brier,e1e3f468,-1,1,-3,5,-1,-1,0,-4,4,0,0,1,-1,0
2024 Montana's Brier,e1e3f468,1,4,3,-2,0,0,-1,-3,3,1,0,0,1,0
2024 Montana's Brier,e1e3f468,-4,-1,0,0,0,0,1,-4,2,0,0,1,0,0
2024 Montana's Brier,e1e3f468,0,-1,0,5,-1,-1,0,-5,1,0,0,0,1,0
2024 Montana's Brier,7b971e45,-4,0,-4,-3,0,0,1,-1,9,0,0,0,-2,0
2024 Montana's Brier,7b971e45,0,-1,-1,0,0,0,0,0,8,1,0,1,1,0
2024 Montana's Brier,7b971e45,-1,-3,-1,-7,1,0,1,-1,7,0,0,0,-3,0
2024 Montana's Brier,7b971e45,4,-4,0,-4,1,2,-1,0,6,1,0,1,1,0
2024 Montana's Brier,7b971e45,0,-4,2,0,0,0,1,-1,5,0,0,0,0,0
2024 Montana's Brier,7b971e45,0,1,-3,1,0,0,0,-2,4,0,0,1,-2,0
2024 Montana's Brier,7b971e45,-3,0,-1,-4,1,1,0,-1,3,1,0,0,1,0
2024 Montana's Brier,7b971e45,0,-2,-1,0,0,0,0,-2,2,0,0,1,-4,0
2024 Montana's Brier,49b63875,0,-3,0,-3,0,0,0,-1,9,0,0,0,0,1
2024 Montana's Brier,49b63875,0,-2,1,4,-1,-1,0,-2,8,0,0,1,2,1
2024 Montana's Brier,49b63875,0,3,-2,-1,0,0,0,-3,7,0,0,0,-1,1
2024 Montana's Brier,49b63875,0,1,-3,-2,0,0,0,-2,6,1,0,1,1,1
2024 Montana's Brier,49b63875,0,-1,-1,-2,0,0,0,-3,5,0,0,0,-2,1
2024 Montana's Brier,49b63875,-1,-1,-2,0,0,0,0,-2,4,1,0,1,0,1
2024 Montana's Brier,49b63875,3,1,-4,-1,0,0,0,-1,3,1,0,0,1,1
2024 Montana's Brier,49b63875,-3,-4,1,4,-2,-2,1,-2,2,0,0,1,2,1
2024 Montana's Brier,49b63875,-5,-1,1,1,0,0,2,-3,1,0,0,0,-2,1
2024 Montana's Brier,49b63875,1,0,2,3,0,0,0,-2,0,1,0,1,1,1
2024 Montana's Brier,83524e98,0,-3,-2,0,0,0,0,1,9,1,1,0,0,1
2024 Montana's Brier,83524e98,0,0,3,0,0,0,0,2,8,1,1,1,0,1
2024 Montana's Brier,83524e98,0,-1,1,0,0,0,0,3,7,1,1,0,0,1
2024 Montana's Brier,83524e98,0,-3,4,5,-1,0,-1,4,6,1,1,1,4,1
2024 Montana's Brier,83524e98,-1,2,1,7,-2,-2,0,3,5,0,1,0,3,1
2024 Montana's Brier,83524e98,-1,0,3,-2,0,0,0,2,4,0,1,1,-2,1
2024 Montana's Brier,83524e98,-4,2,2,8,-2,1,-2,3,3,1,1,0,2,1
2024 Montana's Brier,83524e98,-1,1,-2,-2,0,0,0,2,2,0,1,1,-2,1
2024 Montana's Brier,640493b7,0,-2,2,0,0,0,0,-1,9,0,0,0,0,0
2024 Montana's Brier,640493b7,0,2,3,1,0,0,0,-2,8,0,0,1,-1,0
2024 Montana's Brier,640493b7,0,0,-1,1,0,0,0,-1,7,1,0,0,0,0
2024 Montana's Brier,640493b7,2,1,7,0,-2,0,-2,0,6,1,0,1,2,0
2024 Montana's Brier,640493b7,-2,0,0,-1,0,0,0,-1,5,0,0,0,0,0
2024 Montana's Brier,640493b7,1,-3,1,1,0,0,0,-2,4,0,0,1,-1,0
2024 Montana's Brier,640493b7,-2,0,-6,-1,0,0,0,-1,3,1,0,0,-1,0
2024 Montana's Brier,640493b7,-2,1,-2,-4,1,1,0,0,2,1,0,1,1,0
2024 Montana's Brier,640493b7,0,-2,2,-1,0,0,0,-1,1,0,0,0,-2,0
2024 Montana's Brier,640493b7,0,1,-2,-8,2,2,0,0,0,1,0,1,-1,0
2024 Montana's Brier,01642bb9,-1,0,2,0,0,0,0,1,9,1,1,0,2,1
2024 Montana's Brier,01642bb9,-1,3,-2,-2,-1,-1,0,0,8,0,1,1,-1,1
2024 Montana's Brier,01642bb9,-1,0,0,0,0,0,0,1,7,1,1,0,0,1
2024 Montana's Brier,01642bb9,1,2,-1,3,0,0,0,2,6,1,1,1,2,1
2024 Montana's Brier,01642bb9,0,1,0,0,0,-1,1,1,5,0,1,0,-3,1
2024 Montana's Brier,01642bb9,0,-1,-2,3,0,0,0,2,4,1,1,1,2,1
2024 Montana's Brier,01642bb9,1,0,-2,0,0,0,0,1,3,0,1,0,-2,1
2024 Montana's Brier,01642bb9,1,0,2,0,0,0,0,2,2,1,1,1,0,1
2024 Montana's Brier,01642bb9,1,2,1,-2,1,1,0,3,1,1,1,0,1,1
2024 Montana's Brier,01642bb9,1,0,-1,1,0,0,0,2,0,0,1,1,-1,1
2024 Montana's Brier,1b1faba3,-4,2,0,0,0,1,0,1,9,1,1,0,0,0
2024 Montana's Brier,1b1faba3,0,1,2,0,0,0,0,2,8,1,1,1,0,0
2024 Montana's Brier,1b1faba3,-3,1,-1,0,0,0,0,3,7,1,1,0,2,0
2024 Montana's Brier,1b1faba3,-1,0,5,-3,-1,-1,0,2,6,0,1,1,-2,0
2024 Montana's Brier,1b1faba3,-1,-2,5,-6,2,2,0,3,5,1,1,0,-1,0
2024 Montana's Brier,1b1faba3,0,-1,-1,0,0,0,0,4,4,1,1,1,1,0
2024 Montana's Brier,1b1faba3,6,-2,-2,0,0,-1,0,3,3,0,1,0,0,0
2024 Montana's Brier,1b1faba3,0,-1,1,5,-1,-1,0,2,2,0,1,1,2,0
2024 Montana's Brier,1b1faba3,-3,-2,3,0,0,0,0,1,1,0,1,0,-1,0
2024 Montana's Brier,1b1faba3,-6,0,-2,-4,1,2,0,2,0,1,1,1,-2,0
2024 Montana's Brier,43660650,-4,0,0,-5,1,2,0,1,9,1,1,0,-2,0
2024 Montana's Brier,43660650,2,2,-5,-2,1,1,0,2,8,1,1,1,1,0
2024 Montana's Brier,43660650,-3,-1,3,-3,-1,-2,2,1,7,0,1,0,-2,0
2024 Montana's Brier,43660650,3,0,-2,0,1,1,0,2,6,1,1,1,1,0
2024 Montana's Brier,43660650,0,1,1,0,0,0,0,1,5,0,1,0,-1,0
2024 Montana's Brier,43660650,0,-3,2,3,-1,0,-1,2,4,1,1,1,2,0
2024 Montana's Brier,43660650,-3,-3,2,-2,0,-1,1,1,3,0,1,0,-1,0
2024 Montana's Brier,43660650,5,-2,-4,-6,2,2,0,2,2,1,1,1,-4,0
2024 Montana's Brier,b214bcbf,-2,-1,0,4,-1,-1,0,-1,9,0,0,0,1,1
2024 Montana's Brier,b214bcbf,0,3,0,2,-1,-1,0,-2,8,0,0,1,0,1
2024 Montana's Brier,b214bcbf,-2,0,-2,-4,0,0,0,-3,7,0,0,0,-2,1
2024 Montana's Brier,b214bcbf,-2,-3,0,-1,0,1,0,-2,6,1,0,1,1,1
2024 Montana's Brier,b214bcbf,0,-1,-1,7,-1,-1,0,-3,5,0,0,0,1,1
2024 Montana's Brier,b214bcbf,-1,0,0,0,0,0,0,-4,4,0,0,1,-1,1
2024 Montana's Brier,b214bcbf,-1,-4,2,1,0,1,0,-3,3,1,0,0,2,1
2024 Montana's Brier,b214bcbf,-1,0,0,1,0,0,0,-4,2,0,0,1,-1,1
2024 Montana's Brier,b214bcbf,1,-2,-2,-1,0,0,0,-3,1,1,0,0,1,1
2024 Montana's Brier,b214bcbf,0,0,5,4,-2,-2,0,-4,0,0,0,1,1,1
2024 Montana's Brier,0c4e44d9,1,2,0,2,0,0,0,1,9,1,1,0,0,1
2024 Montana's Brier,0c4e44d9,-1,0,-1,8,-2,0,-2,2,8,1,1,1,3,1
2024 Montana's Brier,0c4e44d9,1,1,1,-3,0,0,0,1,7,0,1,0,-2,1
2024 Montana's Brier,0c4e44d9,0,1,0,0,0,0,0,2,6,1,1,1,0,1
2024 Montana's Brier,0c4e44d9,-3,-3,-4,1,1,2,0,3,5,1,1,0,1,1
2024 Montana's Brier,0c4e44d9,2,-1,-1,0,0,-1,1,2,4,0,1,1,0,1
2024 Montana's Brier,0c4e44d9,-1,0,2,0,0,0,0,1,3,0,1,0,-1,1
2024 Montana's Brier,0c4e44d9,1,6,1,-2,0,0,-1,2,2,1,1,1,1,1
2024 Montana's Brier,0c4e44d9,3,3,-1,2,-1,-1,0,1,1,0,1,0,1,1
2024 Montana's Brier,d86495bf,0,0,-1,5,-1,0,-1,1,9,1,1,0,2,1
2024 Montana's Brier,d86495bf,0,0,1,0,0,0,0,0,8,0,1,1,-1,1
2024 Montana's Brier,d86495bf,0,0,0,5,-1,0,-1,1,7,1,1,0,4,1
2024 Montana's Brier,d86495bf,0,0,5,3,-2,-2,0,0,6,0,1,1,2,1
2024 Montana's Brier,d86495bf,0,3,1,0,0,0,0,-1,5,0,1,0,-1,1
2024 Montana's Brier,d86495bf,0,0,0,-3,0,0,0,0,4,1,1,1,-1,1
2024 Montana's Brier,d86495bf,-7,2,-2,-1,1,2,0,1,3,1,1,0,1,1
2024 Montana's Brier,d86495bf,0,1,4,0,-1,-1,0,0,2,0,1,1,-1,1
2024 Montana's Brier,41cef7ae,0,-4,-1,-4,1,2,0,1,9,1,1,0,1,1
2024 Montana's Brier,41cef7ae,3,-1,1,5,0,0,0,0,8,0,1,1,1,1
2024 Montana's Brier,41cef7ae,0,3,-2,6,-1,-1,0,-1,7,0,1,0,2,1
2024 Montana's Brier,41cef7ae,0,2,0,0,0,0,0,-2,6,0,1,1,-1,1
2024 Montana's Brier,41cef7ae,0,3,3,1,0,0,0,-1,5,1,1,0,5,1
2024 Montana's Brier,41cef7ae,2,4,4,3,0,0,0,-2,4,0,1,1,-1,1
2024 Montana's Brier,41cef7ae,-4,2,-2,1,0,0,0,-1,3,1,1,0,1,1
2024 Montana's Brier,41cef7ae,0,-3,-4,7,0,-1,2,-2,2,0,1,1,1,1
2024 Montana's Brier,ab819a54,0,0,-4,3,0,0,0,1,9,1,1,0,0,1
2024 Montana's Brier,ab819a54,-2,2,-5,2,1,1,0,2,8,1,1,1,1,1
2024 Montana's Brier,ab819a54,0,3,4,0,-1,-1,0,1,7,0,1,0,-1,1
2024 Montana's Brier,ab819a54,-1,-2,-4,-1,0,0,0,2,6,1,1,1,1,1
2024 Montana's Brier,ab819a54,2,2,4,0,0,0,0,1,5,0,1,0,-1,1
2024 Montana's Brier,ab819a54,3,1,4,2,0,0,0,2,4,1,1,1,2,1
2024 Montana's Brier,ab819a54,0,5,-1,0,0,0,0,1,3,0,1,0,-1,1
2024 Montana's Brier,ab819a54,1,2,2,-2,1,1,0,2,2,1,1,1,0,1
2024 Montana's Brier,ab819a54,1,-2,-3,2,0,0,0,3,1,1,1,0,2,1
2024 Montana's Brier,8430e322,-2,-2,-3,-4,1,0,1,-1,9,0,0,0,-3,0
2024 Montana's Brier,8430e322,0,1,1,-1,0,0,0,0,8,1,0,1,-1,0
2024 Montana's Brier,8430e322,0,0,-2,3,-1,0,-1,1,7,1,0,0,2,0
2024 Montana's Brier,8430e322,0,0,-5,-4,2,0,2,0,6,0,0,1,-5,0
2024 Montana's Brier,8430e322,0,-1,-4,2,1,1,0,1,5,1,0,0,1,0
2024 Montana's Brier,8430e322,0,1,2,-2,0,0,0,0,4,0,0,1,-1,0
2024 Montana's Brier,8430e322,0,0,-4,0,1,2,-1,1,3,1,0,0,0,0
2024 Montana's Brier,8430e322,0,-3,-3,-4,1,1,0,2,2,1,0,1,-5,0
2024 Montana's Brier,eae1e0bc,-2,2,-1,3,-1,-1,0,-1,9,0,0,0,-1,0
2024 Montana's Brier,eae1e0bc,0,-1,1,2,0,0,0,0,8,1,0,1,-1,0
2024 Montana's Brier,eae1e0bc,-4,2,-2,-1,0,1,0,1,7,1,0,0,1,0
2024 Montana's Brier,eae1e0bc,1,-5,5,4,-2,-2,1,0,6,0,0,1,1,0
2024 Montana's Brier,eae1e0bc,4,2,-1,-3,0,0,0,-1,5,0,0,0,-2,0
2024 Montana's Brier,eae1e0bc,1,2,0,-3,1,1,0,0,4,1,0,1,-1,0
2024 Montana's Brier,eae1e0bc,-1,3,1,0,0,0,-1,1,3,1,0,0,1,0
2024 Montana's Brier,eae1e0bc,-2,-6,-2,-4,0,0,1,0,2,0,0,1,-3,0
2024 Montana's Brier,e5862cfe,-2,2,-1,2,0,0,0,-1,9,0,0,0,-1,0
2024 Montana's Brier,e5862cfe,-1,-2,0,-3,0,0,0,0,8,1,0,1,1,0
2024 Montana's Brier,e5862cfe,-1,0,1,0,0,0,0,-1,7,0,0,0,-1,0
2024 Montana's Brier,e5862cfe,-4,-1,0,0,0,1,0,0,6,1,0,1,1,0
2024 Montana's Brier,e5862cfe,-1,1,0,1,0,0,0,-1,5,0,0,0,-1,0
2024 Montana's Brier,e5862cfe,-1,-2,-1,0,0,0,0,0,4,1,0,1,1,0
2024 Montana's Brier,e5862cfe,0,0,0,0,0,0,0,-1,3,0,0,0,0,0
2024 Montana's Brier,e5862cfe,0,-3,-3,-4,0,0,0,-2,2,0,0,1,-2,0
2024 Montana's Brier,e5862cfe,2,-2,-2,-3,0,0,0,-1,1,1,0,0,-2,0
2024 Montana's Brier,6a258b9c,1,2,2,0,-1,-1,0,-1,9,0,0,0,-1,1
2024 Montana's Brier,6a258b9c,-3,-1,5,0,-1,1,-1,0,8,1,0,1,0,1
2024 Montana's Brier,6a258b9c,0,-1,2,0,0,0,0,1,7,1,0,0,0,1
2024 Montana's Brier,6a258b9c,4,2,0,-3,1,1,-1,2,6,1,0,1,0,1
2024 Montana's Brier,6a258b9c,0,-1,2,0,0,0,0,3,5,1,0,0,0,1
2024 Montana's Brier,6a258b9c,0,0,0,-1,0,0,0,4,4,1,0,1,2,1
2024 Montana's Brier,6a258b9c,-1,-1,-1,4,-1,-1,0,3,3,0,0,0,2,1
2024 Montana's Brier,6a258b9c,-1,2,1,4,-1,-1,0,2,2,0,0,1,-1,1
2024 Montana's Brier,6a258b9c,-1,0,-2,-4,1,1,0,3,1,1,0,0,1,1
2024 Montana's Brier,6a258b9c,-2,4,0,-6,1,-1,1,2,0,0,0,1,-3,1
2024 Montana's Brier,6a258b9c,-2,-2,-1,0,0,1,0,3,-1,1,0,0,1,1
2024 Montana's Brier,2f9a97c4,3,-1,3,2,-1,-1,0,-1,9,0,0,0,-1,0
2024 Montana's Brier,2f9a97c4,0,6,0,-1,-1,0,-2,0,8,1,0,1,1,0
2024 Montana's Brier,2f9a97c4,-1,2,0,0,0,0,0,-1,7,0,0,0,-1,0
2024 Montana's Brier,2f9a97c4,0,-3,-3,-2,0,0,0,0,6,1,0,1,1,0
2024 Montana's Brier,2f9a97c4,1,-1,-1,-6,1,0,1,-1,5,0,0,0,-3,0
2024 Montana's Brier,2f9a97c4,0,0,-1,1,0,0,0,0,4,1,0,1,2,0
2024 Montana's Brier,2f9a97c4,0,5,-1,-2,0,0,0,-1,3,0,0,0,-2,0
2024 Montana's Brier,2f9a97c4,0,2,1,2,-1,0,-1,0,2,1,0,1,2,0
2024 Montana's Brier,2f9a97c4,0,-1,0,-4,1,0,1,-1,1,0,0,0,-3,0
2024 Montana's Brier,ac087cee,1,1,1,3,0,0,0,-1,9,0,0,0,1,1
2024 Montana's Brier,ac087cee,1,0,2,0,0,0,0,-2,8,0,0,1,-3,1
2024 Montana's Brier,ac087cee,0,2,-1,2,0,0,0,-1,7,1,0,0,2,1
2024 Montana's Brier,ac087cee,0,-1,-5,-4,0,0,0,-2,6,0,0,1,-2,1
2024 Montana's Brier,ac087cee,2,-3,0,0,0,0,0,-1,5,1,0,0,1,1
2024 Montana's Brier,ac087cee,2,-1,-1,7,-1,-1,0,-2,4,0,0,1,2,1
2024 Montana's Brier,ac087cee,0,-3,0,0,-1,-1,0,-3,3,0,0,0,-2,1
2024 Montana's Brier,ac087cee,-2,3,0,1,0,0,0,-2,2,1,0,1,2,1
2024 Montana's Brier,ac087cee,0,3,-3,0,0,0,0,-3,1,0,0,0,-1,1
2024 Montana's Brier,ac087cee,1,4,0,1,0,0,-1,-2,0,1,0,1,1,1
2024 Montana's Brier,61545c38,-3,0,4,8,-2,-3,1,-1,9,0,0,0,3,1
2024 Montana's Brier,61545c38,1,-1,2,0,0,0,0,-2,8,0,0,1,-1,1
2024 Montana's Brier,61545c38,-4,4,0,0,0,1,-1,-1,7,1,0,0,0,1
2024 Montana's Brier,61545c38,0,4,2,3,0,0,0,0,6,1,0,1,2,1
2024 Montana's Brier,61545c38,2,2,3,0,0,0,0,-1,5,0,0,0,-1,1
2024 Montana's Brier,61545c38,0,1,1,-4,1,1,0,0,4,1,0,1,1,1
2024 Montana's Brier,61545c38,0,3,1,4,-1,-1,0,-1,3,0,0,0,0,1
2024 Montana's Brier,61545c38,0,0,2,1,0,0,0,-2,2,0,0,1,-1,1
2024 Montana's Brier,61545c38,4,-1,0,-3,1,1,-1,-1,1,1,0,0,1,1
2024 Montana's Brier,4f68d09f,0,2,0,-2,1,1,0,1,9,1,1,0,0,0
2024 Montana's Brier,4f68d09f,1,1,3,2,-1,0,-1,2,8,1,1,1,2,0
2024 Montana's Brier,4f68d09f,0,3,2,-5,1,0,1,1,7,0,1,0,-2,0
2024 Montana's Brier,4f68d09f,1,0,0,-2,1,1,0,2,6,1,1,1,0,0
2024 Montana's Brier,4f68d09f,2,3,0,0,0,0,0,3,5,1,1,0,2,0
2024 Montana's Brier,4f68d09f,-1,3,2,2,0,0,0,2,4,0,1,1,-1,0
2024 Montana's Brier,4f68d09f,-3,1,-1,1,0,0,0,3,3,1,1,0,1,0
2024 Montana's Brier,4f68d09f,0,-3,0,4,-1,-1,1,2,2,0,1,1,-1,0
2024 Montana's Brier,4f68d09f,1,0,0,-1,0,0,0,3,1,1,1,0,-1,0
2024 Montana's Brier,4f68d09f,0,1,0,-2,1,1,0,4,0,1,1,1,-1,0
2024 Montana's Brier,c2115f24,1,-1,-3,3,0,1,-1,1,9,1,1,0,1,0
2024 Montana's Brier,c2115f24,0,-3,-4,0,0,0,0,0,8,0,1,1,-1,0
2024 Montana's Brier,c2115f24,-1,0,0,0,0,0,0,1,7,1,1,0,0,0
2024 Montana's Brier,c2115f24,-1,0,5,2,0,0,0,2,6,1,1,1,2,0
2024 Montana's Brier,c2115f24,0,-1,-3,-4,1,0,1,1,5,0,1,0,-4,0
2024 Montana's Brier,c2115f24,-3,6,2,2,-1,0,-2,2,4,1,1,1,2,0
2024 Montana's Brier,c2115f24,-1,-2,0,0,0,0,0,1,3,0,1,0,-1,0
2024 Montana's Brier,c2115f24,2,-6,1,2,0,0,0,2,2,1,1,1,2,0
2024 Montana's Brier,c2115f24,2,-2,-6,-4,1,0,1,1,1,0,1,0,-5,0
2024 Montana's Brier,5c8b44a7,1,-1,-2,-2,0,0,0,-1,9,0,0,0,-1,0
2024 Montana's Brier,5c8b44a7,-1,-5,-2,-7,2,3,0,0,8,1,0,1,-2,0
2024 Montana's Brier,5c8b44a7,1,1,-3,-3,0,0,0,1,7,1,0,0,1,0
2024 Montana's Brier,5c8b44a7,0,-3,-2,2,-1,-2,2,0,6,0,0,1,1,0
2024 Montana's Brier,5c8b44a7,-1,1,-6,-2,1,0,1,-1,5,0,0,0,-2,0
2024 Montana's Brier,5c8b44a7,0,2,-5,-4,1,1,-1,0,4,1,0,1,0,0
2024 Montana's Brier,5c8b44a7,3,-2,-4,-3,0,0,0,1,3,1,0,0,-1,0
2024 Montana's Brier,5c8b44a7,0,0,-3,-4,0,0,0,2,2,1,0,1,-1,0
2024 Montana's Brier,589b128b,-1,0,-1,1,-1,-1,0,-1,9,0,0,0,0,0
2024 Montana's Brier,589b128b,-1,-6,0,0,0,0,0,-2,8,0,0,1,-2,0
2024 Montana's Brier,589b128b,0,-2,2,-2,0,0,0,-1,7,1,0,0,-1,0
2024 Montana's Brier,589b128b,-3,-1,-1,2,0,0,0,0,6,1,0,1,0,0
2024 Montana's Brier,589b128b,0,0,-1,-7,1,1,0,1,5,1,0,0,-1,0
2024 Montana's Brier,589b128b,0,0,0,0,0,0,0,2,4,1,0,1,0,0
2024 Montana's Brier,589b128b,0,0,-2,4,0,0,0,3,3,1,0,0,2,0
2024 Montana's Brier,589b128b,0,0,-1,-4,1,0,1,2,2,0,0,1,-4,0
2024 Montana's Brier,94d74b98,0,0,0,0,0,0,0,1,9,1,1,0,0,1
2024 Montana's Brier,94d74b98,2,1,-3,5,0,0,0,2,8,1,1,1,2,1
2024 Montana's Brier,94d74b98,2,2,0,-3,0,0,0,1,7,0,1,0,-2,1
2024 Montana's Brier,94d74b98,1,-1,2,0,0,0,0,2,6,1,1,1,2,1
2024 Montana's Brier,94d74b98,0,-1,0,-3,0,0,0,1,5,0,1,0,-2,1
2024 Montana's Brier,94d74b98,0,-2,3,0,1,1,0,2,4,1,1,1,2,1
2024 Montana's Brier,94d74b98,3,0,4,-7,1,-1,2,1,3,0,1,0,-2,1
2024 Montana's Brier,94d74b98,1,1,2,2,0,0,0,2,2,1,1,1,0,1
2024 Montana's Brier,94d74b98,0,0,0,4,-1,0,-1,3,1,1,1,0,2,1
2024 Montana's Brier,94d74b98,0,5,-2,-5,1,-1,1,2,0,0,1,1,-2,1
2024 Montana's Brier,94d74b98,1,0,2,0,0,0,-1,3,-1,1,1,0,1,1
2024 Montana's Brier,38590588,0,0,1,-5,1,1,0,1,9,1,1,0,-1,1
2024 Montana's Brier,38590588,-1,0,0,3,0,0,0,2,8,1,1,1,1,1
2024 Montana's Brier,38590588,-4,-1,0,-3,-1,-1,1,1,7,0,1,0,-2,1
2024 Montana's Brier,38590588,-1,1,-1,0,0,0,0,2,6,1,1,1,2,1
2024 Montana's Brier,38590588,2,3,0,3,0,0,0,1,5,0,1,0,1,1
2024 Montana's Brier,38590588,0,2,0,0,0,0,0,0,4,0,1,1,-1,1
2024 Montana's Brier,38590588,0,0,2,1,0,0,0,1,3,1,1,0,0,1
2024 Montana's Brier,38590588,-1,2,-1,-1,0,0,0,2,2,1,1,1,1,1
2024 Montana's Brier,38590588,2,1,3,-3,0,0,0,1,1,0,1,0,-2,1
2024 Montana's Brier,38590588,2,0,-3,-1,0,0,0,2,0,1,1,1,2,1
2024 Montana's Brier,84585086,-1,0,0,0,0,0,0,1,9,1,1,0,1,1
2024 Montana's Brier,84585086,2,4,0,-1,0,0,0,0,8,0,1,1,0,1
2024 Montana's Brier,84585086,5,2,4,-1,-1,-1,0,-1,7,0,1,0,-1,1
2024 Montana's Brier,84585086,0,5,-3,-2,2,2,0,0,6,1,1,1,0,1
2024 Montana's Brier,84585086,0,-4,0,-1,0,0,0,1,5,1,1,0,2,1
2024 Montana's Brier,84585086,0,-4,-2,4,-1,-1,1,0,4,0,1,1,-1,1
2024 Montana's Brier,84585086,-1,-4,-4,0,0,0,0,1,3,1,1,0,1,1
2024 Montana's Brier,84585086,0,2,4,0,0,0,0,0,2,0,1,1,-1,1
2024 Montana's Brier,84585086,0,1,0,0,0,0,0,1,1,1,1,0,2,1
2024 Montana's Brier,84585086,2,4,-4,-2,1,0,1,0,0,0,1,1,-3,1
2024 Montana's Brier,84585086,0,1,-2,2,0,0,0,1,-1,1,1,0,1,1
2024 Montana's Brier,3a1029ee,3,1,1,-1,1,1,0,1,9,1,1,0,-1,1
2024 Montana's Brier,3a1029ee,0,-2,1,2,1,1,0,2,8,1,1,1,2,1
2024 Montana's Brier,3a1029ee,0,-1,0,0,0,0,0,1,7,0,1,0,0,1
2024 Montana's Brier,3a1029ee,0,0,-1,0,0,0,0,0,6,0,1,1,-1,1
2024 Montana's Brier,3a1029ee,0,-1,0,-4,1,2,0,1,5,1,1,0,0,1
2024 Montana's Brier,3a1029ee,0,0,0,1,0,0,0,2,4,1,1,1,3,1
2024 Montana's Brier,3a1029ee,0,3,0,0,0,0,0,1,3,0,1,0,-1,1
2024 Montana's Brier,3a1029ee,0,0,0,2,0,0,0,2,2,1,1,1,0,1
2024 Montana's Brier,3a1029ee,0,1,1,0,0,0,0,3,1,1,1,0,3,1
2024 Montana's Brier,fafb3362,2,2,-2,-2,0,0,0,-1,9,0,0,0,-2,1
2024 Montana's Brier,fafb3362,1,4,5,4,0,0,0,0,8,1,0,1,4,1
2024 Montana's Brier,fafb3362,0,-2,1,5,-1,-1,0,-1,7,0,0,0,3,1
2024 Montana's Brier,fafb3362,0,-1,-1,0,0,0,0,-2,6,0,0,1,-2,1
2024 Montana's Brier,fafb3362,1,-4,1,-2,0,1,0,-1,5,1,0,0,1,1
2024 Montana's Brier,fafb3362,-1,1,-1,0,1,0,1,-2,4,0,0,1,-2,1
2024 Montana's Brier,fafb3362,0,-1,1,4,-1,0,-1,-1,3,1,0,0,0,1
2024 Montana's Brier,fafb3362,1,1,-1,2,0,0,0,0,2,1,0,1,0,1
2024 Montana's Brier,fafb3362,-2,1,0,-4,1,1,0,1,1,1,0,0,-1,1
2024 Montana's Brier,fafb3362,1,-1,0,2,0,0,0,2,0,1,0,1,1,1
2024 Montana's Brier,cddd3980,-1,-4,2,5,-1,0,-1,1,9,1,1,0,3,1
2024 Montana's Brier,cddd3980,2,-1,1,-1,0,0,0,0,8,0,1,1,-2,1
2024 Montana's Brier,cddd3980,-2,1,-3,-3,0,0,0,1,7,1,1,0,1,1
2024 Montana's Brier,cddd3980,0,3,-4,-1,0,-1,0,0,6,0,1,1,-2,1
2024 Montana's Brier,cddd3980,0,-3,5,4,-1,0,-1,1,5,1,1,0,2,1
2024 Montana's Brier,cddd3980,0,-4,2,2,0,0,1,0,4,0,1,1,1,1
2024 Montana's Brier,cddd3980,0,1,-1,-2,0,0,0,-1,3,0,1,0,-2,1
2024 Montana's Brier,cddd3980,-3,-3,0,-8,2,2,0,0,2,1,1,1,-1,1
2024 Montana's Brier,cddd3980,-1,5,3,6,-1,0,-1,1,1,1,1,0,4,1
2024 Montana's Brier,8e9ece2c,-3,-2,-2,-1,0,0,0,1,9,1,1,0,1,0
2024 Montana's Brier,8e9ece2c,0,0,-1,2,-1,-1,0,0,8,0,1,1,-2,0
2024 Montana's Brier,8e9ece2c,3,1,-4,0,0,0,0,1,7,1,1,0,1,0
2024 Montana's Brier,8e9ece2c,0,6,-1,1,0,-1,0,0,6,0,1,1,-1,0
2024 Montana's Brier,8e9ece2c,-3,2,0,4,0,0,0,1,5,1,1,0,2,0
2024 Montana's Brier,8e9ece2c,-1,1,-1,-2,0,0,0,0,4,0,1,1,-2,0
2024 Montana's Brier,8e9ece2c,-3,-1,0,-3,0,0,0,1,3,1,1,0,-1,0
2024 Montana's Brier,8e9ece2c,0,-4,-4,-6,1,1,0,2,2,1,1,1,-1,0
2024 Montana's Brier,8e9ece2c,0,-3,-1,-3,0,0,0,3,1,1,1,0,1,0
2024 Montana's Brier,8e9ece2c,4,0,0,-2,0,-1,0,2,0,0,1,1,1,0
2024 Montana's Brier,5b3ca1f3,-2,3,2,2,-1,-1,1,-1,9,0,0,0,-1,0
2024 Montana's Brier,5b3ca1f3,0,-1,-3,-2,1,1,0,0,8,1,0,1,-1,0
2024 Montana's Brier,5b3ca1f3,-2,-4,0,0,-1,3,-2,1,7,1,0,0,1,0
2024 Montana's Brier,5b3ca1f3,0,2,3,2,0,-1,0,0,6,0,0,1,-1,0
2024 Montana's Brier,5b3ca1f3,-3,2,-2,-5,2,2,0,1,5,1,0,0,-1,0
2024 Montana's Brier,5b3ca1f3,3,-2,2,6,-1,0,-1,2,4,1,0,1,3,0
2024 Montana's Brier,5b3ca1f3,-2,1,2,0,0,0,0,1,3,0,0,0,-2,0
2024 Montana's Brier,5b3ca1f3,3,0,2,-2,1,1,0,2,2,1,0,1,0,0
2024 Montana's Brier,5b3ca1f3,-3,-5,0,0,0,2,0,3,1,1,0,0,0,0
2024 Montana's Brier,161e6021,4,0,4,0,0,-1,0,-1,9,0,0,0,-1,1
2024 Montana's Brier,161e6021,0,0,-1,3,0,0,0,0,8,1,0,1,3,1
2024 Montana's Brier,161e6021,0,0,0,-1,0,0,0,-1,7,0,0,0,-2,1
2024 Montana's Brier,161e6021,1,0,1,2,0,0,0,0,6,1,0,1,3,1
2024 Montana's Brier,161e6021,1,1,-1,1,0,0,0,-1,5,0,0,0,0,1
2024 Montana's Brier,161e6021,-2,1,3,8,-2,-2,0,-2,4,0,0,1,3,1
2024 Montana's Brier,161e6021,-4,1,3,1,0,0,1,-3,3,0,0,0,-1,1
2024 Montana's Brier,161e6021,0,2,-5,0,1,1,0,-2,2,1,0,1,1,1
2024 Montana's Brier,374ff1c8,0,2,1,1,0,0,0,1,9,1,1,0,2,1
2024 Montana's Brier,374ff1c8,-1,3,3,1,0,0,0,0,8,0,1,1,-1,1
2024 Montana's Brier,374ff1c8,-1,4,-1,4,0,0,0,1,7,1,1,0,2,1
2024 Montana's Brier,374ff1c8,1,0,0,-6,1,0,1,0,6,0,1,1,-2,1
2024 Montana's Brier,374ff1c8,-2,1,-4,-3,1,1,0,1,5,1,1,0,-1,1
2024 Montana's Brier,374ff1c8,2,-1,3,5,0,0,0,2,4,1,1,1,3,1
2024 Montana's Brier,374ff1c8,-1,1,-1,5,0,0,0,1,3,0,1,0,1,1
2024 Montana's Brier,374ff1c8,4,0,2,7,-1,-2,0,0,2,0,1,1,2,1
2024 Montana's Brier,2c545c21,-2,3,2,5,0,0,0,1,9,1,1,0,2,1
2024 Montana's Brier,2c545c21,-2,0,1,3,0,0,0,0,8,0,1,1,2,1
2024 Montana's Brier,2c545c21,0,3,2,5,-1,-1,0,-1,7,0,1,0,1,1
2024 Montana's Brier,2c545c21,0,2,2,-3,0,0,0,-2,6,0,1,1,-2,1
2024 Montana's Brier,2c545c21,3,0,0,2,0,0,-1,-1,5,1,1,0,2,1
2024 Montana's Brier,2c545c21,3,2,5,2,0,0,0,-2,4,0,1,1,-1,1
2024 Montana's Brier,2c545c21,-5,3,0,3,0,1,0,-1,3,1,1,0,2,1
2024 Montana's Brier,2c545c21,-2,-4,1,2,0,0,1,-2,2,0,1,1,-1,1
2024 Montana's Brier,2c545c21,-5,3,1,1,0,1,0,-1,1,1,1,0,2,1
2024 Montana's Brier,58ecc1ce,0,-5,1,-2,1,2,0,1,9,1,1,0,2,1
2024 Montana's Brier,58ecc1ce,0,2,-1,1,0,0,0,0,8,0,1,1,-1,1
2024 Montana's Brier,58ecc1ce,0,6,-1,-4,1,1,0,1,7,1,1,0,1,1
2024 Montana's Brier,58ecc1ce,-1,2,-3,0,0,0,0,0,6,0,1,1,-2,1
2024 Montana's Brier,58ecc1ce,-2,1,0,2,0,0,0,1,5,1,1,0,2,1
2024 Montana's Brier,58ecc1ce,-1,1,0,4,-1,-1,0,0,4,0,1,1,1,1
2024 Montana's Brier,58ecc1ce,1,2,-1,3,0,0,0,-1,3,0,1,0,1,1
2024 Montana's Brier,58ecc1ce,4,3,0,1,0,-1,0,-2,2,0,1,1,-1,1
2024 Montana's Brier,58ecc1ce,0,0,0,0,0,0,0,-1,1,1,1,0,1,1
2024 Montana's Brier,0d2773e0,-3,0,0,5,0,0,0,1,9,1,1,0,2,1
2024 Montana's Brier,0d2773e0,0,-1,0,3,0,0,0,0,8,0,1,1,-1,1
2024 Montana's Brier,0d2773e0,-4,-5,-3,-2,0,1,0,1,7,1,1,0,-1,1
2024 Montana's Brier,0d2773e0,-3,1,3,3,0,0,0,2,6,1,1,1,2,1
2024 Montana's Brier,0d2773e0,-2,2,0,3,-1,-1,0,1,5,0,1,0,1,1
2024 Montana's Brier,0d2773e0,-1,0,0,4,-1,-1,0,0,4,0,1,1,1,1
2024 Montana's Brier,0d2773e0,1,1,3,2,0,0,0,-1,3,0,1,0,-1,1
2024 Montana's Brier,0d2773e0,-1,1,0,0,0,0,0,0,2,1,1,1,1,1
2024 Montana's Brier,0d2773e0,-2,2,1,-2,0,0,0,-1,1,0,1,0,-2,1
2024 Montana's Brier,0d2773e0,-3,2,0,0,0,1,0,0,0,1,1,1,-1,1
2024 Montana's Brier,2a838590,-1,-3,0,3,-1,-1,0,-1,9,0,0,0,0,1
2024 Montana's Brier,2a838590,-3,2,-1,6,0,0,0,-2,8,0,0,1,-1,1
2024 Montana's Brier,2a838590,0,0,-2,-2,0,0,0,-1,7,1,0,0,1,1
2024 Montana's Brier,2a838590,-3,-2,2,4,-1,-1,2,-2,6,0,0,1,1,1
2024 Montana's Brier,2a838590,0,-1,0,1,-1,-1,0,-3,5,0,0,0,-1,1
2024 Montana's Brier,2a838590,0,-1,1,-3,1,1,0,-2,4,1,0,1,1,1
2024 Montana's Brier,2a838590,0,0,5,1,-1,-1,0,-3,3,0,0,0,-1,1
2024 Montana's Brier,2a838590,-1,2,0,4,-1,0,-1,-2,2,1,0,1,2,1
2024 Montana's Brier,2a838590,0,2,3,3,0,0,0,-3,1,0,0,0,-1,1
2024 Montana's Brier,2a838590,-3,0,-6,0,0,2,-1,-2,0,1,0,1,2,1
2024 Montana's Brier,10d1cd08,-2,2,-2,-3,1,0,1,-1,9,0,0,0,-2,1
2024 Montana's Brier,10d1cd08,0,0,-1,1,0,0,0,0,8,1,0,1,1,1
2024 Montana's Brier,10d1cd08,0,2,1,1,0,0,0,-1,7,0,0,0,-1,1
2024 Montana's Brier,10d1cd08,0,-5,-1,1,0,1,0,0,6,1,0,1,2,1
2024 Montana's Brier,10d1cd08,0,0,-2,3,-1,-1,0,-1,5,0,0,0,2,1
2024 Montana's Brier,10d1cd08,3,1,-2,0,0,0,0,-2,4,0,0,1,0,1
2024 Montana's Brier,10d1cd08,1,-1,2,0,0,0,0,-3,3,0,0,0,-2,1
2024 Montana's Brier,10d1cd08,0,0,3,0,0,0,0,-2,2,1,0,1,1,1
2024 Montana's Brier,10d1cd08,0,3,-2,2,0,0,0,-3,1,0,0,0,-1,1
2024 Montana's Brier,10d1cd08,-4,0,4,-1,0,1,0,-2,0,1,0,1,1,1
2024 Montana's Brier,47b11b1f,2,2,-1,1,0,0,0,-1,9,0,0,0,-1,0
2024 Montana's Brier,47b11b1f,1,-1,-2,-3,1,1,0,0,8,1,0,1,-2,0
2024 Montana's Brier,47b11b1f,0,-1,-3,-3,1,1,0,1,7,1,0,0,1,0
2024 Montana's Brier,47b11b1f,0,-4,0,1,-1,-1,0,0,6,0,0,1,0,0
2024 Montana's Brier,47b11b1f,1,-3,3,3,0,0,0,-1,5,0,0,0,1,0
2024 Montana's Brier,47b11b1f,2,0,-2,1,-1,-1,0,-2,4,0,0,1,-1,0
2024 Montana's Brier,47b11b1f,2,1,1,5,0,0,0,-1,3,1,0,0,2,0
2024 Montana's Brier,47b11b1f,-2,0,0,0,0,0,0,-2,2,0,0,1,-1,0
2024 Montana's Brier,47b11b1f,0,1,-3,-1,-1,0,-1,-1,1,1,0,0,-1,0
2024 Montana's Brier,47b11b1f,3,2,-2,-7,1,1,0,0,0,1,0,1,-2,0
2024 Montana's Brier,f4588ccd,0,-5,2,-3,0,-1,2,-1,9,0,0,0,-2,0
2024 Montana's Brier,f4588ccd,-4,-6,-3,-5,0,2,0,0,8,1,0,1,-1,0
2024 Montana's Brier,f4588ccd,0,1,-3,-1,1,1,0,1,7,1,0,0,1,0
2024 Montana's Brier,f4588ccd,-2,-5,0,0,0,0,1,0,6,0,0,1,-3,0
2024 Montana's Brier,f4588ccd,-3,0,-1,-5,1,1,0,1,5,1,0,0,-1,0
2024 Montana's Brier,f4588ccd,0,-4,-2,0,0,0,0,2,4,1,0,1,1,0
2024 Montana's Brier,f4588ccd,0,0,-1,-3,0,0,0,1,3,0,0,0,-2,0
2024 Montana's Brier,f4588ccd,4,-4,-1,-2,0,0,-1,2,2,1,0,1,1,0
2024 Montana's Brier,3718b7fd,3,4,0,1,0,-1,0,-1,9,0,0,0,-1,0
2024 Montana's Brier,3718b7fd,1,3,0,-4,1,1,0,0,8,1,0,1,1,0
2024 Montana's Brier,3718b7fd,2,-3,-2,-2,0,0,0,-1,7,0,0,0,-2,0
2024 Montana's Brier,3718b7fd,1,0,0,-4,0,0,0,0,6,1,0,1,1,0
2024 Montana's Brier,3718b7fd,1,0,0,-1,0,0,0,-1,5,0,0,0,-3,0
2024 Montana's Brier,3718b7fd,1,2,-1,-3,0,0,0,0,4,1,0,1,-2,0
2024 Montana's Brier,3718b7fd,-1,0,-2,-2,0,0,0,1,3,1,0,0,1,0
2024 Montana's Brier,3718b7fd,4,-2,0,2,-1,-2,0,0,2,0,0,1,-1,0
2024 Montana's Brier,9bf5d89d,0,0,-2,2,-1,-1,0,-1,9,0,0,0,0,0
2024 Montana's Brier,9bf5d89d,-1,3,-1,2,-1,-1,0,-2,8,0,0,1,0,0
2024 Montana's Brier,9bf5d89d,4,0,3,-3,-1,-2,0,-3,7,0,0,0,-2,0
2024 Montana's Brier,9bf5d89d,1,0,3,4,0,0,0,-2,6,1,0,1,2,0
2024 Montana's Brier,9bf5d89d,1,1,0,2,0,0,0,-3,5,0,0,0,-1,0
2024 Montana's Brier,9bf5d89d,0,-2,2,2,0,1,0,-2,4,1,0,1,2,0
2024 Montana's Brier,9bf5d89d,2,2,1,-2,0,-1,1,-3,3,0,0,0,-2,0
2024 Montana's Brier,9bf5d89d,0,7,-3,-6,2,2,-1,-2,2,1,0,1,-1,0
2024 Montana's Brier,9bf5d89d,1,-1,0,-2,0,2,-1,-1,1,1,0,0,1,0
2024 Montana's Brier,9bf5d89d,-2,4,2,2,-2,-3,0,-2,0,0,0,1,-1,0
2024 Montana's Brier,72900e80,-1,2,0,2,0,0,0,1,9,1,1,0,0,1
2024 Montana's Brier,72900e80,-1,3,1,3,0,0,0,2,8,1,1,1,3,1
2024 Montana's Brier,72900e80,0,-1,3,-2,0,0,0,1,7,0,1,0,-2,1
2024 Montana's Brier,72900e80,3,0,1,2,0,0,0,2,6,1,1,1,2,1
2024 Montana's Brier,72900e80,3,0,4,2,-2,-2,0,1,5,0,1,0,0,1
2024 Montana's Brier,72900e80,0,0,2,0,0,0,0,0,4,0,1,1,-2,1
2024 Montana's Brier,72900e80,-3,1,1,-6,1,1,0,1,3,1,1,0,-1,1
2024 Montana's Brier,72900e80,-3,1,-1,-4,1,1,0,2,2,1,1,1,-2,1
2024 Montana's Brier,72900e80,-4,0,-2,5,-1,2,-2,3,1,1,1,0,3,1
2024 Montana's Brier,72900e80,3,2,0,2,0,0,0,2,0,0,1,1,-1,1
2024 Montana's Brier,72900e80,-2,3,-1,3,0,0,0,3,-1,1,1,0,2,1
2024 Montana's Brier,c75bb0e4,0,-1,-1,0,1,1,0,1,9,1,1,0,0,1
2024 Montana's Brier,c75bb0e4,-4,1,0,-1,0,1,0,2,8,1,1,1,1,1
2024 Montana's Brier,c75bb0e4,6,-1,4,0,-1,-3,1,1,7,0,1,0,-1,1
2024 Montana's Brier,c75bb0e4,0,-3,-1,4,-1,0,-1,2,6,1,1,1,3,1
2024 Montana's Brier,c75bb0e4,0,3,1,1,0,0,0,1,5,0,1,0,-1,1
2024 Montana's Brier,c75bb0e4,-3,0,2,0,0,1,0,2,4,1,1,1,2,1
2024 Montana's Brier,c75bb0e4,0,0,-4,4,0,-1,1,1,3,0,1,0,2,1
2024 Montana's Brier,c75bb0e4,-3,-2,4,8,-3,-3,2,0,2,0,1,1,2,1
2024 Montana's Brier,a15f5ed8,2,1,3,2,-1,-1,0,-1,9,0,0,0,1,1
2024 Montana's Brier,a15f5ed8,1,0,-4,3,1,0,1,-2,8,0,0,1,-1,1
2024 Montana's Brier,a15f5ed8,-3,-3,-1,1,0,1,0,-1,7,1,0,0,2,1
2024 Montana's Brier,a15f5ed8,0,4,1,-3,0,-1,0,-2,6,0,0,1,-2,1
2024 Montana's Brier,a15f5ed8,3,3,3,1,0,0,0,-1,5,1,0,0,2,1
2024 Montana's Brier,a15f5ed8,3,-1,0,-2,1,0,1,-2,4,0,0,1,-2,1
2024 Montana's Brier,a15f5ed8,-4,4,0,-2,0,0,0,-1,3,1,0,0,1,1
2024 Montana's Brier,a15f5ed8,0,-3,-3,-5,1,0,1,-2,2,0,0,1,-3,1
2024 Montana's Brier,a15f5ed8,0,-6,0,0,0,0,0,-1,1,1,0,0,0,1
2024 Montana's Brier,a15f5ed8,1,-4,-3,2,0,1,0,0,0,1,0,1,2,1
2024 Montana's Brier,a15f5ed8,2,0,-4,4,-1,-1,0,-1,-1,0,0,0,1,1
2024 Montana's Brier,94a7837d,-2,-2,-1,-6,1,0,1,-1,9,0,0,0,-3,0
2024 Montana's Brier,94a7837d,-4,-1,1,-4,1,2,0,0,8,1,0,1,-2,0
2024 Montana's Brier,94a7837d,0,-5,-4,-2,0,1,0,1,7,1,0,0,1,0
2024 Montana's Brier,94a7837d,0,-1,-1,-2,0,0,0,0,6,0,0,1,-2,0
2024 Montana's Brier,94a7837d,-2,-1,3,-4,1,1,0,1,5,1,0,0,1,0
2024 Montana's Brier,94a7837d,0,0,0,-2,0,0,0,0,4,0,0,1,-3,0
2024 Montana's Brier,94a7837d,-3,4,-2,0,0,0,-1,1,3,1,0,0,1,0
2024 Montana's Brier,94a7837d,0,0,0,0,0,0,0,0,2,0,0,1,-1,0
2024 Montana's Brier,4c1f2c86,-1,2,-2,1,0,0,0,1,9,1,1,0,0,1
2024 Montana's Brier,4c1f2c86,-1,-1,-2,1,0,1,-1,2,8,1,1,1,1,1
2024 Montana's Brier,4c1f2c86,0,1,3,6,-1,-1,0,1,7,0,1,0,3,1
2024 Montana's Brier,4c1f2c86,3,4,0,7,-2,-3,0,0,6,0,1,1,3,1
2024 Montana's Brier,4c1f2c86,1,5,2,-1,0,0,0,-1,5,0,1,0,-1,1
2024 Montana's Brier,4c1f2c86,3,1,1,-1,1,1,0,0,4,1,1,1,-1,1
2024 Montana's Brier,4c1f2c86,-4,0,0,2,0,1,0,1,3,1,1,0,3,1
2024 Montana's Brier,4c1f2c86,-3,-5,0,-3,0,0,2,0,2,0,1,1,-3,1
2024 Montana's Brier,28e66bba,0,1,4,4,-1,0,-1,1,9,1,1,0,3,0
2024 Montana's Brier,28e66bba,-1,-1,-1,-2,0,0,0,0,8,0,1,1,-3,0
2024 Montana's Brier,28e66bba,-1,0,-2,-2,0,0,0,1,7,1,1,0,1,0
2024 Montana's Brier,28e66bba,-2,-2,-5,-6,1,0,1,0,6,0,1,1,-4,0
2024 Montana's Brier,28e66bba,-4,-2,0,-4,1,2,0,1,5,1,1,0,1,0
2024 Montana's Brier,28e66bba,0,-2,-1,0,0,0,0,0,4,0,1,1,-3,0
2024 Montana's Brier,28e66bba,0,0,0,-6,1,1,0,1,3,1,1,0,-1,0
2024 Montana's Brier,28e66bba,0,-1,-1,-2,0,0,0,2,2,1,1,1,1,0
2024 Montana's Brier,52da1e2f,2,-1,1,2,0,0,0,-1,9,0,0,0,-1,0
2024 Montana's Brier,52da1e2f,0,-2,-2,-3,1,1,0,0,8,1,0,1,1,0
2024 Montana's Brier,52da1e2f,1,-6,-1,0,0,0,0,-1,7,0,0,0,-2,0
2024 Montana's Brier,52da1e2f,1,-1,3,-5,1,1,0,0,6,1,0,1,-2,0
2024 Montana's Brier,52da1e2f,0,-3,-2,-6,0,1,0,1,5,1,0,0,-2,0
2024 Montana's Brier,52da1e2f,-2,4,0,3,0,0,-1,2,4,1,0,1,3,0
2024 Montana's Brier,52da1e2f,2,0,-3,0,0,0,0,1,3,0,0,0,-1,0
2024 Montana's Brier,52da1e2f,0,3,-6,0,1,1,-1,2,2,1,0,1,1,0
2024 Montana's Brier,52da1e2f,2,0,-4,-3,1,0,1,1,1,0,0,0,-3,0
2024 Montana's Brier,7c65ee12,0,-3,-6,2,1,0,1,-1,9,0,0,0,-2,0
2024 Montana's Brier,7c65ee12,-7,-4,-2,-7,1,2,0,0,8,1,0,1,-2,0
2024 Montana's Brier,7c65ee12,1,-2,0,-4,1,2,0,1,7,1,0,0,-2,0
2024 Montana's Brier,7c65ee12,0,-1,2,-4,1,1,0,2,6,1,0,1,1,0
2024 Montana's Brier,7c65ee12,0,0,-2,0,0,0,0,1,5,0,0,0,-2,0
2024 Montana's Brier,7c65ee12,-4,-3,-4,1,0,1,0,2,4,1,0,1,1,0
2024 Montana's Brier,7c65ee12,-6,-1,0,-2,0,0,0,1,3,0,0,0,0,0
2024 Montana's Brier,7c65ee12,0,-1,0,7,-1,-1,0,0,2,0,0,1,1,0
2024 Montana's Brier,88e31cd9,3,1,1,1,0,0,0,-1,9,0,0,0,1,1
2024 Montana's Brier,88e31cd9,-1,-2,2,0,-1,-1,0,-2,8,0,0,1,0,1
2024 Montana's Brier,88e31cd9,0,-4,-2,2,-1,-1,1,-3,7,0,0,0,-1,1
2024 Montana's Brier,88e31cd9,-3,0,4,6,-2,0,-2,-2,6,1,0,1,3,1
2024 Montana's Brier,88e31cd9,2,1,6,5,-1,-1,0,-3,5,0,0,0,1,1
2024 Montana's Brier,88e31cd9,0,0,2,5,-1,-1,0,-4,4,0,0,1,2,1
2024 Montana's Brier,88e31cd9,-6,7,0,2,0,-1,1,-5,3,0,0,0,-1,1
2024 Montana's Brier,88e31cd9,2,0,3,2,0,1,-1,-4,2,1,0,1,2,1
2024 Montana's Brier,da04ea14,-2,-5,1,2,0,0,1,-1,9,0,0,0,-1,1
2024 Montana's Brier,da04ea14,1,-2,1,3,-1,0,-1,0,8,1,0,1,2,1
2024 Montana's Brier,da04ea14,0,0,2,0,0,0,0,-1,7,0,0,0,-1,1
2024 Montana's Brier,da04ea14,-1,-3,-1,0,0,0,0,0,6,1,0,1,1,1
2024 Montana's Brier,da04ea14,-1,-1,-4,4,0,-1,1,-1,5,0,0,0,-2,1
2024 Montana's Brier,da04ea14,-1,1,1,-1,0,0,0,0,4,1,0,1,2,1
2024 Montana's Brier,da04ea14,0,1,0,0,0,0,0,-1,3,0,0,0,-1,1
2024 Montana's Brier,da04ea14,-1,1,3,4,0,0,0,0,2,1,0,1,2,1
2024 Montana's Brier,da04ea14,2,4,1,0,0,-1,0,-1,1,0,0,0,0,1
2024 Montana's Brier,da04ea14,-2,-4,4,3,-1,-1,1,-2,0,0,0,1,1,1
2024 Montana's Brier,15748d86,3,-2,0,0,0,0,0,-1,9,0,0,0,0,1
2024 Montana's Brier,15748d86,0,4,3,1,0,0,0,-2,8,0,0,1,-2,1
2024 Montana's Brier,15748d86,4,0,4,0,0,0,-1,-1,7,1,0,0,2,1
2024 Montana's Brier,15748d86,0,-2,0,1,-1,-1,0,-2,6,0,0,1,0,1
2024 Montana's Brier,15748d86,2,-1,-1,1,0,0,0,-3,5,0,0,0,1,1
2024 Montana's Brier,15748d86,0,-2,3,3,0,0,0,-4,4,0,0,1,-1,1
2024 Montana's Brier,15748d86,-1,-2,0,0,0,0,0,-3,3,1,0,0,1,1
2024 Montana's Brier,15748d86,0,1,4,0,-1,-1,0,-4,2,0,0,1,-1,1
2024 Montana's Brier,15748d86,-1,1,-2,0,0,0,0,-3,1,1,0,0,1,1
2024 Montana's Brier,15748d86,1,1,0,4,-1,-1,0,-4,0,0,0,1,2,1
2024 Montana's Brier,bb609ddd,4,-1,1,1,0,0,-1,1,9,1,1,0,2,1
2024 Montana's Brier,bb609ddd,2,4,4,2,0,-1,0,0,8,0,1,1,-1,1
2024 Montana's Brier,bb609ddd,-2,0,0,-3,1,1,0,1,7,1,1,0,1,1
2024 Montana's Brier,bb609ddd,0,2,1,0,0,0,0,0,6,0,1,1,-1,1
2024 Montana's Brier,bb609ddd,0,3,0,0,0,1,-1,1,5,1,1,0,0,1
2024 Montana's Brier,bb609ddd,-1,4,1,3,0,0,-1,2,4,1,1,1,2,1
2024 Montana's Brier,bb609ddd,0,2,0,4,0,0,0,1,3,0,1,0,-1,1
2024 Montana's Brier,bb609ddd,0,3,1,6,-1,0,-1,2,2,1,1,1,3,1
2024 Montana's Brier,e66cc328,-1,1,2,3,0,0,0,-1,9,0,0,0,-1,0
2024 Montana's Brier,e66cc328,-2,0,1,-4,1,1,0,0,8,1,0,1,1,0
2024 Montana's Brier,e66cc328,5,3,1,-4,0,-1,0,-1,7,0,0,0,-2,0
2024 Montana's Brier,e66cc328,1,1,-3,0,0,0,0,0,6,1,0,1,1,0
2024 Montana's Brier,e66cc328,-3,-1,-3,2,0,0,0,-1,5,0,0,0,-2,0
2024 Montana's Brier,e66cc328,0,-2,1,0,0,0,0,0,4,1,0,1,1,0
2024 Montana's Brier,e66cc328,0,-4,-1,-1,0,0,1,-1,3,0,0,0,-4,0
2024 Montana's Brier,e66cc328,0,-1,-4,-7,2,2,0,0,2,1,0,1,-1,0
2024 Montana's Brier,46719ee1,0,1,-2,1,0,0,0,-1,9,0,0,0,0,1
2024 Montana's Brier,46719ee1,-2,0,0,4,-1,-1,0,-2,8,0,0,1,-1,1
2024 Montana's Brier,46719ee1,0,0,3,0,0,0,0,-1,7,1,0,0,2,1
2024 Montana's Brier,46719ee1,2,1,3,0,0,0,0,-2,6,0,0,1,0,1
2024 Montana's Brier,46719ee1,1,-1,0,5,-1,-1,0,-3,5,0,0,0,1,1
2024 Montana's Brier,46719ee1,4,2,1,1,0,-1,0,-4,4,0,0,1,1,1
2024 Montana's Brier,46719ee1,0,-4,1,6,0,0,1,-5,3,0,0,0,1,1
2024 Montana's Brier,46719ee1,0,2,1,3,-1,-1,0,-6,2,0,0,1,-1,1
2024 Montana's Brier,46719ee1,0,1,-6,-1,1,1,0,-5,1,1,0,0,1,1
2024 Montana's Brier,be2aac8f,-3,2,-1,3,-1,0,-1,1,9,1,1,0,2,1
2024 Montana's Brier,be2aac8f,0,-1,0,0,0,0,0,0,8,0,1,1,-2,1
2024 Montana's Brier,be2aac8f,1,1,1,7,-1,0,-1,1,7,1,1,0,3,1
2024 Montana's Brier,be2aac8f,0,-2,2,0,0,0,0,0,6,0,1,1,-2,1
2024 Montana's Brier,be2aac8f,1,1,2,3,0,1,-1,1,5,1,1,0,2,1
2024 Montana's Brier,be2aac8f,-1,2,2,0,0,0,0,0,4,0,1,1,-1,1
2024 Montana's Brier,be2aac8f,-1,1,-2,3,0,0,0,1,3,1,1,0,4,1
2024 Montana's Brier,be2aac8f,-1,-1,2,4,0,0,1,0,2,0,1,1,-1,1
2024 Montana's Brier,31cd4c9d,-2,1,1,5,0,0,0,1,9,1,1,0,2,0
2024 Montana's Brier,31cd4c9d,-4,-1,0,0,0,0,1,0,8,0,1,1,-1,0
2024 Montana's Brier,31cd4c9d,3,-2,3,-4,1,1,0,1,7,1,1,0,0,0
2024 Montana's Brier,31cd4c9d,3,0,-4,-3,0,0,0,2,6,1,1,1,-1,0
2024 Montana's Brier,31cd4c9d,0,-4,-2,-4,1,2,0,3,5,1,1,0,-2,0
2024 Montana's Brier,31cd4c9d,0,-2,-3,0,0,0,0,4,4,1,1,1,1,0
2024 Montana's Brier,31cd4c9d,5,4,2,0,0,0,0,3,3,0,1,0,-1,0
2024 Montana's Brier,31cd4c9d,-2,-2,-3,0,1,1,0,4,2,1,1,1,-1,0
2024 Montana's Brier,31cd4c9d,0,0,0,1,0,0,0,5,1,1,1,0,2,0
2024 Montana's Brier,31cd4c9d,5,0,-4,0,0,-1,0,4,0,0,1,1,-1,0
2024 Montana's Brier,fec7a26a,1,1,-2,0,0,0,0,-1,9,0,0,0,-1,1
2024 Montana's Brier,fec7a26a,0,2,3,-1,0,0,0,0,8,1,0,1,-1,1
2024 Montana's Brier,fec7a26a,0,0,2,-1,0,0,0,1,7,1,0,0,1,1
2024 Montana's Brier,fec7a26a,0,0,0,3,0,0,0,0,6,0,0,1,-1,1
2024 Montana's Brier,fec7a26a,-1,0,-1,0,0,0,0,1,5,1,0,0,0,1
2024 Montana's Brier,fec7a26a,1,-2,0,1,0,1,0,2,4,1,0,1,3,1
2024 Montana's Brier,fec7a26a,3,4,4,0,-1,-3,1,1,3,0,0,0,-1,1
2024 Montana's Brier,fec7a26a,-1,-1,-2,-1,1,1,0,2,2,1,0,1,1,1
2024 Montana's Brier,fec7a26a,2,4,2,3,0,0,0,1,1,0,0,0,2,1
2024 Montana's Brier,fec7a26a,0,1,3,-1,0,0,0,0,0,0,0,1,-3,1
2024 Montana's Brier,fec7a26a,0,2,0,0,0,0,0,1,-1,1,0,0,1,1
2024 Montana's Brier,94d30c38,0,0,-1,0,0,0,0,1,9,1,1,0,1,1
2024 Montana's Brier,94d30c38,4,1,-1,-4,1,-1,1,0,8,0,1,1,-4,1
2024 Montana's Brier,94d30c38,1,1,-1,-4,1,1,-1,1,7,1,1,0,-1,1
2024 Montana's Brier,94d30c38,-1,0,4,4,0,0,0,2,6,1,1,1,3,1
2024 Montana's Brier,94d30c38,1,-1,-1,0,0,0,0,1,5,0,1,0,-1,1
2024 Montana's Brier,94d30c38,2,4,3,0,-1,0,-2,2,4,1,1,1,1,1
2024 Montana's Brier,94d30c38,1,3,-3,0,0,0,0,1,3,0,1,0,-2,1
2024 Montana's Brier,94d30c38,1,1,3,5,-1,0,-1,2,2,1,1,1,3,1
2024 Montana's Brier,94d30c38,0,-1,0,-1,0,0,0,1,1,0,1,0,-2,1
2024 Montana's Brier,94d30c38,2,2,3,4,-1,0,-1,2,0,1,1,1,4,1
2024 Montana's Brier,9267c88f,0,-2,0,0,0,0,0,-1,9,0,0,0,0,1
2024 Montana's Brier,9267c88f,-1,2,0,4,0,0,0,-2,8,0,0,1,1,1
2024 Montana's Brier,9267c88f,0,-3,1,-3,0,0,0,-3,7,0,0,0,-2,1
2024 Montana's Brier,9267c88f,0,0,-2,2,0,0,0,-2,6,1,0,1,2,1
2024 Montana's Brier,9267c88f,4,0,0,0,0,-1,0,-3,5,0,0,0,0,1
2024 Montana's Brier,9267c88f,-1,0,-2,-1,0,0,0,-4,4,0,0,1,-2,1
2024 Montana's Brier,9267c88f,2,1,0,0,0,0,0,-3,3,1,0,0,0,1
2024 Montana's Brier,9267c88f,0,2,0,2,0,0,0,-2,2,1,0,1,2,1
2024 Montana's Brier,9267c88f,0,0,0,0,0,0,0,-3,1,0,0,0,-1,1
2024 Montana's Brier,9267c88f,0,1,0,0,0,0,0,-2,0,1,0,1,1,1
2024 Montana's Brier,94c938f3,-2,0,0,2,0,0,0,-1,9,0,0,0,-1,0
2024 Montana's Brier,94c938f3,-2,0,0,-8,2,2,0,0,8,1,0,1,1,0
2024 Montana's Brier,94c938f3,-2,0,-3,-2,0,0,0,-1,7,0,0,0,-2,0
2024 Montana's Brier,94c938f3,-4,-2,0,0,0,0,0,0,6,1,0,1,0,0
2024 Montana's Brier,94c938f3,0,-2,0,0,0,0,0,1,5,1,0,0,0,0
2024 Montana's Brier,94c938f3,1,0,-5,0,1,1,0,2,4,1,0,1,1,0
2024 Montana's Brier,94c938f3,-1,0,0,-4,1,0,1,1,3,0,0,0,-2,0
2024 Montana's Brier,94c938f3,0,-1,0,0,0,0,0,2,2,1,0,1,2,0
2024 Montana's Brier,94c938f3,0,3,0,-3,0,0,0,1,1,0,0,0,-2,0
2024 Montana's Brier,2370db83,-1,2,-4,4,-1,-1,0,-1,9,0,0,0,0,0
2024 Montana's Brier,2370db83,1,-3,-1,3,0,0,0,-2,8,0,0,1,-1,0
2024 Montana's Brier,2370db83,-1,3,-4,3,0,0,0,-1,7,1,0,0,1,0
2024 Montana's Brier,2370db83,5,0,-3,1,-1,-1,0,-2,6,0,0,1,0,0
2024 Montana's Brier,2370db83,0,-1,-1,0,0,0,0,-3,5,0,0,0,-1,0
2024 Montana's Brier,2370db83,-3,1,0,4,0,0,0,-2,4,1,0,1,2,0
2024 Montana's Brier,2370db83,0,0,-2,0,0,0,0,-3,3,0,0,0,0,0
2024 Montana's Brier,2370db83,0,-1,0,0,0,0,0,-4,2,0,0,1,-2,0
2024 Montana's Brier,2370db83,0,0,-2,1,0,0,0,-3,1,1,0,0,2,0
2024 Montana's Brier,2370db83,-1,-1,4,-3,1,0,1,-4,0,0,0,1,-2,0
2024 Montana's Brier,1e02ddc3,0,0,2,0,0,0,0,-1,9,0,0,0,0,1
2024 Montana's Brier,1e02ddc3,1,0,-2,0,0,0,0,-2,8,0,0,1,0,1
2024 Montana's Brier,1e02ddc3,0,-1,0,0,0,0,0,-3,7,0,0,0,0,1
2024 Montana's Brier,1e02ddc3,0,-1,2,4,-1,-1,0,-4,6,0,0,1,2,1
2024 Montana's Brier,1e02ddc3,1,1,-1,2,-1,-1,0,-5,5,0,0,0,1,1
2024 Montana's Brier,1e02ddc3,-1,-3,3,0,0,0,0,-6,4,0,0,1,0,1
2024 Montana's Brier,1e02ddc3,-1,4,2,-3,0,-1,0,-7,3,0,0,0,-2,1
2024 Montana's Brier,1e02ddc3,3,1,0,3,0,0,-1,-6,2,1,0,1,1,1
2024 Montana's Brier,1e02ddc3,-1,3,0,4,-1,-1,0,-7,1,0,0,0,2,1
2024 Montana's Brier,d6d1dd99,1,0,3,1,0,0,0,1,9,1,1,0,2,1
2024 Montana's Brier,d6d1dd99,0,-1,-3,4,0,0,0,0,8,0,1,1,-1,1
2024 Montana's Brier,d6d1dd99,1,1,0,0,0,0,0,1,7,1,1,0,0,1
2024 Montana's Brier,d6d1dd99,-1,-3,-4,-1,0,0,0,2,6,1,1,1,1,1
2024 Montana's Brier,d6d1dd99,3,4,0,2,0,0,0,1,5,0,1,0,1,1
2024 Montana's Brier,d6d1dd99,0,3,2,6,-1,-1,0,0,4,0,1,1,1,1
2024 Montana's Brier,d6d1dd99,0,4,0,0,0,-1,0,-1,3,0,1,0,-2,1
2024 Montana's Brier,d6d1dd99,0,2,0,-2,1,1,0,0,2,1,1,1,-1,1
2024 Montana's Brier,d6d1dd99,0,0,-1,0,0,0,0,1,1,1,1,0,-1,1
2024 Montana's Brier,d6d1dd99,0,0,0,0,0,0,0,2,0,1,1,1,1,1
2024 Montana's Brier,90eefb05,0,0,0,0,0,0,0,-1,9,0,0,0,0,0
2024 Montana's Brier,90eefb05,1,3,-1,0,0,0,0,-2,8,0,0,1,-2,0
2024 Montana's Brier,90eefb05,0,-2,-1,-2,0,0,0,-1,7,1,0,0,1,0
2024 Montana's Brier,90eefb05,3,1,-4,-2,1,0,1,-2,6,0,0,1,-3,0
2024 Montana's Brier,90eefb05,0,-2,-1,1,0,0,0,-1,5,1,0,0,1,0
2024 Montana's Brier,90eefb05,1,3,0,1,0,0,0,-2,4,0,0,1,2,0
2024 Montana's Brier,90eefb05,1,1,2,0,0,0,0,-3,3,0,0,0,-2,0
2024 Montana's Brier,90eefb05,0,0,-4,0,1,1,0,-2,2,1,0,1,1,0
2024 Montana's Brier,90eefb05,2,0,0,-4,1,0,1,-3,1,0,0,0,-2,0
2024 Montana's Brier,20c6a41f,-1,-2,-2,-1,0,0,0,1,9,1,1,0,1,1
2024 Montana's Brier,20c6a41f,-1,1,-4,4,1,0,1,0,8,0,1,1,1,1
2024 Montana's Brier,20c6a41f,4,-2,0,3,-2,-3,0,-1,7,0,1,0,1,1
2024 Montana's Brier,20c6a41f,-1,2,0,5,-1,-1,0,-2,6,0,1,1,1,1
2024 Montana's Brier,20c6a41f,-2,0,0,4,-1,-1,0,-3,5,0,1,0,1,1
2024 Montana's Brier,20c6a41f,0,1,0,-1,0,0,0,-4,4,0,1,1,0,1
2024 Montana's Brier,20c6a41f,0,1,2,6,-1,-1,0,-5,3,0,1,0,1,1
2024 Montana's Brier,20c6a41f,-1,1,0,4,-1,-1,0,-6,2,0,1,1,1,1
2024 Montana's Brier,399dd911,0,3,0,0,0,0,0,1,9,1,1,0,0,1
2024 Montana's Brier,399dd911,0,3,0,0,0,0,0,2,8,1,1,1,0,1
2024 Montana's Brier,399dd911,2,-2,0,0,0,0,0,3,7,1,1,0,3,1
2024 Montana's Brier,399dd911,0,3,2,0,0,0,0,2,6,0,1,1,-1,1
2024 Montana's Brier,399dd911,0,1,-3,0,0,0,0,3,5,1,1,0,-1,1
2024 Montana's Brier,399dd911,0,3,0,-3,0,0,0,4,4,1,1,1,0,1
2024 Montana's Brier,399dd911,0,0,0,4,-1,0,-1,5,3,1,1,0,3,1
2024 Montana's Brier,399dd911,0,0,-1,4,-1,-1,0,4,2,0,1,1,-1,1
2024 Montana's Brier,399dd911,-4,0,1,1,0,1,0,5,1,1,1,0,1,1
2024 Montana's Brier,69b613b3,0,0,2,0,0,0,0,1,9,1,1,0,2,1
2024 Montana's Brier,69b613b3,0,-1,-3,-3,0,0,0,0,8,0,1,1,-2,1
2024 Montana's Brier,69b613b3,0,2,2,0,0,0,0,1,7,1,1,0,0,1
2024 Montana's Brier,69b613b3,-2,-4,0,3,0,1,0,2,6,1,1,1,2,1
2024 Montana's Brier,69b613b3,0,1,-4,3,-1,-1,0,1,5,0,1,0,0,1
2024 Montana's Brier,69b613b3,0,1,2,0,0,0,0,0,4,0,1,1,-1,1
2024 Montana's Brier,69b613b3,0,0,-2,0,0,0,0,1,3,1,1,0,1,1
2024 Montana's Brier,69b613b3,0,2,2,3,0,0,0,0,2,0,1,1,1,1
2024 Montana's Brier,69b613b3,0,0,0,8,-2,-2,0,-1,1,0,1,0,1,1
2024 Montana's Brier,43b40593,0,-4,0,1,0,0,1,-1,9,0,0,0,1,1
2024 Montana's Brier,43b40593,0,0,-2,0,0,0,0,-2,8,0,0,1,0,1
2024 Montana's Brier,43b40593,3,2,0,5,0,0,0,-3,7,0,0,0,1,1
2024 Montana's Brier,43b40593,1,0,-4,-2,1,0,1,-4,6,0,0,1,-3,1
2024 Montana's Brier,43b40593,0,0,0,2,0,0,0,-3,5,1,0,0,3,1
2024 Montana's Brier,43b40593,0,-1,0,-2,0,0,0,-4,4,0,0,1,-2,1
2024 Montana's Brier,43b40593,0,0,1,4,-1,0,-1,-3,3,1,0,0,3,1
2024 Montana's Brier,43b40593,0,0,0,0,0,0,0,-4,2,0,0,1,-1,1
2024 Montana's Brier,43b40593,0,1,0,-2,0,0,0,-3,1,1,0,0,-1,1
2024 Montana's Brier,43b40593,0,4,0,0,0,0,-1,-2,0,1,0,1,1,1
2024 Montana's Brier,6ca7dc92,1,1,-6,1,1,1,0,1,9,1,1,0,1,0
2024 Montana's Brier,6ca7dc92,-1,-2,0,1,0,0,0,0,8,0,1,1,-2,0
2024 Montana's Brier,6ca7dc92,-2,0,4,5,0,0,0,1,7,1,1,0,2,0
2024 Montana's Brier,6ca7dc92,0,0,1,-3,0,0,0,0,6,0,1,1,-2,0
2024 Montana's Brier,6ca7dc92,1,0,3,1,0,0,0,1,5,1,1,0,2,0
2024 Montana's Brier,6ca7dc92,0,0,0,-2,0,0,0,0,4,0,1,1,-2,0
2024 Montana's Brier,6ca7dc92,1,0,1,0,0,0,0,1,3,1,1,0,0,0
2024 Montana's Brier,6ca7dc92,-2,-2,-1,-7,1,1,0,2,2,1,1,1,-2,0
2024 Montana's Brier,6ca7dc92,0,0,-1,1,0,0,0,3,1,1,1,0,2,0
2023 Tim Hortons Brier,c1f4dbd1,0,-1,-1,-1,0,0,0,1,9,1,1,0,1,1
2023 Tim Hortons Brier,c1f4dbd1,0,0,4,0,-1,-1,0,0,8,0,1,1,-1,1
2023 Tim Hortons Brier,c1f4dbd1,0,0,1,0,0,0,0,1,7,1,1,0,0,1
2023 Tim Hortons Brier,c1f4dbd1,0,0,0,1,0,0,0,2,6,1,1,1,2,1
2023 Tim Hortons Brier,c1f4dbd1,-1,0,0,-3,0,0,0,1,5,0,1,0,-3,1
2023 Tim Hortons Brier,c1f4dbd1,5,-3,0,2,0,1,-1,2,4,1,1,1,3,1
2023 Tim Hortons Brier,c1f4dbd1,0,1,3,8,-2,-2,0,1,3,0,1,0,1,1
2023 Tim Hortons Brier,c1f4dbd1,-1,-2,2,-2,0,0,0,0,2,0,1,1,0,1
2023 Tim Hortons Brier,c1f4dbd1,2,1,4,0,-1,-1,0,-1,1,0,1,0,1,1
2023 Tim Hortons Brier,ae168fc6,-3,0,1,0,0,0,0,1,9,1,1,0,0,1
2023 Tim Hortons Brier,ae168fc6,1,-4,3,0,0,0,0,2,8,1,1,1,2,1
2023 Tim Hortons Brier,ae168fc6,2,0,0,0,0,0,0,1,7,0,1,0,0,1
2023 Tim Hortons Brier,ae168fc6,3,1,-2,0,0,-1,0,0,6,0,1,1,-1,1
2023 Tim Hortons Brier,ae168fc6,1,-3,4,-6,1,1,0,1,5,1,1,0,-1,1
2023 Tim Hortons Brier,ae168fc6,-2,4,-1,3,0,0,0,2,4,1,1,1,2,1
2023 Tim Hortons Brier,ae168fc6,1,2,2,2,0,0,0,1,3,0,1,0,-1,1
2023 Tim Hortons Brier,ae168fc6,0,3,-2,1,0,0,0,2,2,1,1,1,1,1
2023 Tim Hortons Brier,ae168fc6,0,2,0,4,-1,-1,0,1,1,0,1,0,-1,1
2023 Tim Hortons Brier,ae168fc6,-4,2,3,0,0,1,0,2,0,1,1,1,1,1
2023 Tim Hortons Brier,42e84d22,0,-3,0,-1,1,2,0,1,9,1,1,0,1,1
2023 Tim Hortons Brier,42e84d22,0,0,0,4,-1,-1,0,0,8,0,1,1,1,1
2023 Tim Hortons Brier,42e84d22,1,-5,0,-2,0,0,1,-1,7,0,1,0,-1,1
2023 Tim Hortons Brier,42e84d22,-4,3,0,4,-1,1,-1,0,6,1,1,1,1,1
2023 Tim Hortons Brier,42e84d22,1,2,4,1,0,-1,0,-1,5,0,1,0,-1,1
2023 Tim Hortons Brier,42e84d22,0,0,-1,1,0,0,0,0,4,1,1,1,0,1
2023 Tim Hortons Brier,42e84d22,0,0,0,1,0,0,0,1,3,1,1,0,0,1
2023 Tim Hortons Brier,42e84d22,0,0,0,0,0,0,0,2,2,1,1,1,0,1
2023 Tim Hortons Brier,42e84d22,-1,0,0,2,0,0,0,3,1,1,1,0,2,1
2023 Tim Hortons Brier,42e84d22,0,-1,0,0,0,0,0,2,0,0,1,1,-2,1
2023 Tim Hortons Brier,0f4f7138,-2,2,1,0,0,-1,1,-1,9,0,0,0,-3,0
2023 Tim Hortons Brier,0f4f7138,0,-2,-2,2,0,0,0,0,8,1,0,1,1,0
2023 Tim Hortons Brier,0f4f7138,0,-6,-4,0,1,0,2,-1,7,0,0,0,-3,0
2023 Tim Hortons Brier,0f4f7138,-3,-3,0,0,0,1,0,0,6,1,0,1,0,0
2023 Tim Hortons Brier,0f4f7138,-2,0,0,-1,0,0,0,1,5,1,0,0,2,0
2023 Tim Hortons Brier,0f4f7138,0,-3,0,3,-1,-1,0,0,4,0,0,1,-1,0
2023 Tim Hortons Brier,0f4f7138,-1,-4,-3,0,0,1,0,1,3,1,0,0,-1,0
2023 Tim Hortons Brier,0f4f7138,1,0,-2,-2,0,0,0,2,2,1,0,1,-1,0
2023 Tim Hortons Brier,e12bd76a,0,-3,-1,0,0,0,0,-1,9,0,0,0,-1,0
2023 Tim Hortons Brier,e12bd76a,-3,0,1,-5,1,3,0,0,8,1,0,1,-1,0
2023 Tim Hortons Brier,e12bd76a,-3,-1,-3,-1,0,1,0,1,7,1,0,0,1,0
2023 Tim Hortons Brier,e12bd76a,1,-3,2,-3,0,0,0,0,6,0,0,1,1,0
2023 Tim Hortons Brier,e12bd76a,1,-1,2,2,-1,-1,0,-1,5,0,0,0,0,0
2023 Tim Hortons Brier,e12bd76a,-6,-2,-2,1,0,0,2,-2,4,0,0,1,-1,0
2023 Tim Hortons Brier,e12bd76a,0,0,1,-1,1,1,0,-1,3,1,0,0,0,0
2023 Tim Hortons Brier,e12bd76a,0,0,1,-5,1,1,0,0,2,1,0,1,-1,0
2023 Tim Hortons Brier,e12bd76a,-3,-1,2,2,0,0,0,1,1,1,0,0,2,0
2023 Tim Hortons Brier,e12bd76a,-2,-2,0,-1,0,0,0,0,0,0,0,1,-2,0
2023 Tim Hortons Brier,f144706e,-2,1,2,-3,1,1,0,1,9,1,1,0,-1,0
2023 Tim Hortons Brier,f144706e,-2,0,0,-4,1,2,0,2,8,1,1,1,-1,0
2023 Tim Hortons Brier,f144706e,-4,0,-1,-1,0,1,0,3,7,1,1,0,1,0
2023 Tim Hortons Brier,f144706e,0,-2,-1,1,0,0,0,2,6,0,1,1,-1,0
2023 Tim Hortons Brier,f144706e,-1,-2,2,2,1,1,0,3,5,1,1,0,2,0
2023 Tim Hortons Brier,f144706e,-1,-1,-1,-5,1,0,1,2,4,0,1,1,-2,0
2023 Tim Hortons Brier,f144706e,3,-1,-4,0,0,0,0,3,3,1,1,0,1,0
2023 Tim Hortons Brier,f144706e,-2,3,-5,-4,1,-1,2,2,2,0,1,1,-5,0
2023 Tim Hortons Brier,be4d5ae4,1,0,4,4,0,0,0,1,9,1,1,0,4,1
2023 Tim Hortons Brier,be4d5ae4,3,5,1,3,0,0,0,0,8,0,1,1,2,1
2023 Tim Hortons Brier,be4d5ae4,0,3,0,4,-1,-1,0,-1,7,0,1,0,0,1
2023 Tim Hortons Brier,be4d5ae4,2,5,4,0,0,-1,0,-2,6,0,1,1,-1,1
2023 Tim Hortons Brier,be4d5ae4,-1,0,0,-2,1,1,0,-1,5,1,1,0,0,1
2023 Tim Hortons Brier,be4d5ae4,-2,1,-1,-3,1,2,0,0,4,1,1,1,2,1
2023 Tim Hortons Brier,be4d5ae4,1,2,2,0,0,0,0,-1,3,0,1,0,0,1
2023 Tim Hortons Brier,be4d5ae4,2,6,-2,6,0,-1,0,-2,2,0,1,1,2,1
2023 Tim Hortons Brier,019e00ff,1,-3,0,2,-1,-1,0,-1,9,0,0,0,0,0
2023 Tim Hortons Brier,019e00ff,0,0,-4,-1,2,0,2,-2,8,0,0,1,-1,0
2023 Tim Hortons Brier,019e00ff,-2,-2,-2,0,0,0,0,-1,7,1,0,0,1,0
2023 Tim Hortons Brier,019e00ff,-1,-3,-3,-4,0,0,0,-2,6,0,0,1,-4,0
2023 Tim Hortons Brier,019e00ff,-2,-1,-7,-4,2,3,0,-1,5,1,0,0,-1,0
2023 Tim Hortons Brier,019e00ff,0,-2,2,0,0,0,0,0,4,1,0,1,2,0
2023 Tim Hortons Brier,019e00ff,-1,0,0,4,-1,-1,0,-1,3,0,0,0,-1,0
2023 Tim Hortons Brier,019e00ff,1,-3,-4,-1,0,0,0,0,2,1,0,1,-1,0
2023 Tim Hortons Brier,019e00ff,0,0,-4,-1,1,1,0,1,1,1,0,0,-1,0
2023 Tim Hortons Brier,5d0ddcf3,-3,0,-3,7,-1,0,-1,1,9,1,1,0,3,0
2023 Tim Hortons Brier,5d0ddcf3,1,2,-2,5,-1,-1,0,0,8,0,1,1,2,0
2023 Tim Hortons Brier,5d0ddcf3,0,1,2,-2,0,0,0,-1,7,0,1,0,-1,0
2023 Tim Hortons Brier,5d0ddcf3,-2,4,3,2,0,0,0,0,6,1,1,1,0,0
2023 Tim Hortons Brier,5d0ddcf3,-5,1,0,-3,1,2,0,1,5,1,1,0,-2,0
2023 Tim Hortons Brier,5d0ddcf3,-4,0,1,-1,0,0,0,2,4,1,1,1,1,0
2023 Tim Hortons Brier,5d0ddcf3,0,3,1,0,0,-2,1,1,3,0,1,0,-1,0
2023 Tim Hortons Brier,5d0ddcf3,2,-3,3,-2,-1,0,-1,2,2,1,1,1,1,0
2023 Tim Hortons Brier,5d0ddcf3,-2,3,-3,-4,1,0,1,1,1,0,1,0,-2,0
2023 Tim Hortons Brier,5d0ddcf3,-1,0,4,-3,0,1,-1,2,0,1,1,1,-2,0
2023 Tim Hortons Brier,b3842353,0,-2,-3,-1,1,0,1,-1,9,0,0,0,-2,0
2023 Tim Hortons Brier,b3842353,0,-2,0,-2,0,0,0,0,8,1,0,1,-1,0
2023 Tim Hortons Brier,b3842353,-4,0,-4,1,0,1,0,1,7,1,0,0,3,0
2023 Tim Hortons Brier,b3842353,-2,1,0,-2,0,0,0,0,6,0,0,1,0,0
2023 Tim Hortons Brier,b3842353,0,1,-2,-2,0,0,0,-1,5,0,0,0,-3,0
2023 Tim Hortons Brier,b3842353,0,-2,-5,-1,2,2,0,0,4,1,0,1,1,0
2023 Tim Hortons Brier,b3842353,0,-1,-4,0,0,0,0,-1,3,0,0,0,0,0
2023 Tim Hortons Brier,b3842353,-2,4,1,-2,0,0,0,-2,2,0,0,1,-1,0
2023 Tim Hortons Brier,b3842353,0,-4,-1,3,0,1,0,-1,1,1,0,0,2,0
2023 Tim Hortons Brier,357d7a17,-1,0,-5,-1,0,0,0,-1,9,0,0,0,-2,0
2023 Tim Hortons Brier,357d7a17,0,2,-3,-2,1,1,0,0,8,1,0,1,1,0
2023 Tim Hortons Brier,357d7a17,4,0,-4,0,1,-1,1,-1,7,0,0,0,0,0
2023 Tim Hortons Brier,357d7a17,0,1,-4,0,0,0,0,-2,6,0,0,1,0,0
2023 Tim Hortons Brier,357d7a17,-3,0,-2,-5,0,0,1,-3,5,0,0,0,-3,0
2023 Tim Hortons Brier,357d7a17,-1,0,-4,0,0,0,0,-2,4,1,0,1,1,0
2023 Tim Hortons Brier,357d7a17,-1,0,-1,3,-1,-1,0,-3,3,0,0,0,1,0
2023 Tim Hortons Brier,357d7a17,-1,-6,-1,3,-1,-1,1,-4,2,0,0,1,1,0
2023 Tim Hortons Brier,357d7a17,-1,-3,-4,-1,0,0,0,-5,1,0,0,0,-3,0
2023 Tim Hortons Brier,2bf9bdd1,2,-3,1,-1,1,1,0,1,9,1,1,0,-1,1
2023 Tim Hortons Brier,2bf9bdd1,2,2,0,0,0,0,-2,2,8,1,1,1,2,1
2023 Tim Hortons Brier,2bf9bdd1,-4,-2,-2,-1,1,0,3,1,7,0,1,0,-1,1
2023 Tim Hortons Brier,2bf9bdd1,-4,-1,-1,-2,0,1,0,2,6,1,1,1,1,1
2023 Tim Hortons Brier,2bf9bdd1,5,0,0,0,0,-2,1,1,5,0,1,0,-1,1
2023 Tim Hortons Brier,2bf9bdd1,-4,-4,0,2,0,1,0,2,4,1,1,1,1,1
2023 Tim Hortons Brier,2bf9bdd1,0,-2,-4,0,-1,-1,0,1,3,0,1,0,-1,1
2023 Tim Hortons Brier,2bf9bdd1,3,1,4,-4,0,1,-2,2,2,1,1,1,1,1
2023 Tim Hortons Brier,2bf9bdd1,-3,-3,-4,4,-1,-1,0,1,1,0,1,0,1,1
2023 Tim Hortons Brier,2bf9bdd1,1,0,2,3,-1,-2,0,0,0,0,1,1,1,1
2023 Tim Hortons Brier,6e20204d,0,-4,-3,-1,0,0,0,-1,9,0,0,0,-2,0
2023 Tim Hortons Brier,6e20204d,-3,-3,1,-3,1,1,0,0,8,1,0,1,-1,0
2023 Tim Hortons Brier,6e20204d,-1,-2,0,1,0,0,0,1,7,1,0,0,2,0
2023 Tim Hortons Brier,6e20204d,2,0,1,-2,0,0,0,0,6,0,0,1,0,0
2023 Tim Hortons Brier,6e20204d,0,1,1,6,-1,-1,0,-1,5,0,0,0,1,0
2023 Tim Hortons Brier,6e20204d,4,1,0,3,-1,-1,0,-2,4,0,0,1,0,0
2023 Tim Hortons Brier,6e20204d,-1,1,-2,-3,0,0,0,-3,3,0,0,0,-1,0
2023 Tim Hortons Brier,6e20204d,-1,2,0,-4,1,1,0,-2,2,1,0,1,1,0
2023 Tim Hortons Brier,6e20204d,0,0,0,0,0,0,0,-3,1,0,0,0,-1,0
2023 Tim Hortons Brier,6e20204d,-2,-4,-4,-6,2,3,0,-2,0,1,0,1,-1,0
2023 Tim Hortons Brier,016b4812,1,4,0,0,0,-1,0,-1,9,0,0,0,-1,1
2023 Tim Hortons Brier,016b4812,1,-2,0,1,0,0,0,0,8,1,0,1,1,1
2023 Tim Hortons Brier,016b4812,0,-1,0,1,0,0,0,-1,7,0,0,0,-1,1
2023 Tim Hortons Brier,016b4812,2,0,-1,0,0,0,0,0,6,1,0,1,1,1
2023 Tim Hortons Brier,016b4812,3,1,0,3,-1,-1,0,-1,5,0,0,0,1,1
2023 Tim Hortons Brier,016b4812,1,4,1,1,0,0,0,-2,4,0,0,1,-1,1
2023 Tim Hortons Brier,016b4812,0,2,-3,-2,0,0,0,-1,3,1,0,0,1,1
2023 Tim Hortons Brier,016b4812,0,3,0,2,0,0,0,-2,2,0,0,1,-1,1
2023 Tim Hortons Brier,016b4812,1,3,3,5,0,0,0,-1,1,1,0,0,3,1
2023 Tim Hortons Brier,4d942a79,0,3,-1,-5,1,0,1,-1,9,0,0,0,-2,0
2023 Tim Hortons Brier,4d942a79,-1,1,-3,-6,1,1,0,0,8,1,0,1,-2,0
2023 Tim Hortons Brier,4d942a79,2,-2,-1,-3,1,1,0,1,7,1,0,0,-1,0
2023 Tim Hortons Brier,4d942a79,2,0,-1,-3,0,0,0,2,6,1,0,1,1,0
2023 Tim Hortons Brier,4d942a79,-1,0,-3,-1,0,0,0,1,5,0,0,0,-2,0
2023 Tim Hortons Brier,4d942a79,2,1,-1,-3,0,0,0,2,4,1,0,1,-1,0
2023 Tim Hortons Brier,4d942a79,5,0,-1,-3,0,0,-1,3,3,1,0,0,1,0
2023 Tim Hortons Brier,4d942a79,5,0,0,0,0,-1,0,2,2,0,0,1,-1,0
2023 Tim Hortons Brier,60c9b55d,1,4,1,0,0,0,0,1,9,1,1,0,2,1
2023 Tim Hortons Brier,60c9b55d,0,3,1,6,-2,-2,0,0,8,0,1,1,3,1
2023 Tim Hortons Brier,60c9b55d,-1,2,1,6,-1,-1,0,-1,7,0,1,0,3,1
2023 Tim Hortons Brier,60c9b55d,0,0,4,1,-1,-2,1,-2,6,0,1,1,-1,1
2023 Tim Hortons Brier,60c9b55d,-1,1,0,3,0,0,0,-1,5,1,1,0,2,1
2023 Tim Hortons Brier,60c9b55d,1,-2,-1,-1,0,0,0,-2,4,0,1,1,-2,1
2023 Tim Hortons Brier,60c9b55d,0,2,0,2,0,0,0,-1,3,1,1,0,2,1
2023 Tim Hortons Brier,60c9b55d,2,2,1,4,0,0,0,-2,2,0,1,1,1,1
2023 Tim Hortons Brier,954471cf,-1,-4,-1,-4,1,1,0,1,9,1,1,0,-2,0
2023 Tim Hortons Brier,954471cf,2,2,5,5,-1,0,-2,2,8,1,1,1,4,0
2023 Tim Hortons Brier,954471cf,-1,3,0,0,0,0,0,1,7,0,1,0,-1,0
2023 Tim Hortons Brier,954471cf,0,-4,-2,0,0,1,0,2,6,1,1,1,1,0
2023 Tim Hortons Brier,954471cf,0,-1,0,-4,1,0,1,1,5,0,1,0,-3,0
2023 Tim Hortons Brier,954471cf,1,-2,-2,-3,1,1,0,2,4,1,1,1,0,0
2023 Tim Hortons Brier,954471cf,-2,0,3,-5,0,0,0,3,3,1,1,0,-1,0
2023 Tim Hortons Brier,954471cf,2,-3,-1,-5,1,1,0,4,2,1,1,1,-1,0
2023 Tim Hortons Brier,954471cf,0,0,1,-5,1,1,0,5,1,1,1,0,-1,0
2023 Tim Hortons Brier,b86169e8,0,-2,2,0,0,0,0,1,9,1,1,0,1,0
2023 Tim Hortons Brier,b86169e8,0,2,-1,2,0,0,0,0,8,0,1,1,-1,0
2023 Tim Hortons Brier,b86169e8,0,-1,0,-3,1,1,0,1,7,1,1,0,-1,0
2023 Tim Hortons Brier,b86169e8,-4,1,-2,-3,0,0,0,2,6,1,1,1,1,0
2023 Tim Hortons Brier,b86169e8,-1,1,1,0,0,0,0,1,5,0,1,0,0,0
2023 Tim Hortons Brier,b86169e8,-2,1,-2,-5,0,0,0,0,4,0,1,1,-4,0
2023 Tim Hortons Brier,b86169e8,0,-6,-3,0,0,0,0,1,3,1,1,0,1,0
2023 Tim Hortons Brier,b86169e8,0,-2,0,-3,0,0,0,0,2,0,1,1,-3,0
2023 Tim Hortons Brier,eb87c3fa,0,2,0,2,0,0,0,-1,9,0,0,0,-1,0
2023 Tim Hortons Brier,eb87c3fa,-1,4,-3,-3,1,1,0,0,8,1,0,1,0,0
2023 Tim Hortons Brier,eb87c3fa,2,-4,-2,4,0,0,0,1,7,1,0,0,3,0
2023 Tim Hortons Brier,eb87c3fa,-1,-1,-5,-5,0,0,0,0,6,0,0,1,-4,0
2023 Tim Hortons Brier,eb87c3fa,-1,3,1,-7,1,1,-1,1,5,1,0,0,-2,0
2023 Tim Hortons Brier,eb87c3fa,1,-4,-4,0,0,1,0,2,4,1,0,1,1,0
2023 Tim Hortons Brier,eb87c3fa,2,0,-1,1,0,0,0,1,3,0,0,0,-1,0
2023 Tim Hortons Brier,eb87c3fa,0,-4,-1,-7,1,1,0,2,2,1,0,1,-2,0
2023 Tim Hortons Brier,3cb0606e,1,-1,0,-2,0,0,0,1,9,1,1,0,0,0
2023 Tim Hortons Brier,3cb0606e,-2,-3,-3,-3,0,0,0,2,8,1,1,1,-1,0
2023 Tim Hortons Brier,3cb0606e,2,-1,1,-1,0,0,0,3,7,1,1,0,0,0
2023 Tim Hortons Brier,3cb0606e,-3,0,2,-1,0,0,0,4,6,1,1,1,1,0
2023 Tim Hortons Brier,3cb0606e,-1,2,1,3,-1,-1,0,3,5,0,1,0,2,0
2023 Tim Hortons Brier,3cb0606e,2,0,-1,1,0,0,0,2,4,0,1,1,-1,0
2023 Tim Hortons Brier,3cb0606e,-3,1,1,2,-1,0,-1,3,3,1,1,0,2,0
2023 Tim Hortons Brier,3cb0606e,0,-5,2,0,0,0,2,2,2,0,1,1,-1,0
2023 Tim Hortons Brier,3cb0606e,-3,-2,-1,-6,1,1,0,3,1,1,1,0,-1,0
2023 Tim Hortons Brier,3cb0606e,-1,1,0,-3,1,1,0,4,0,1,1,1,-1,0
2023 Tim Hortons Brier,3cb0606e,-2,-5,-1,-4,2,3,0,5,-1,1,1,0,-1,0
2023 Tim Hortons Brier,9ceadf51,1,4,3,3,-1,-1,0,-1,9,0,0,0,-1,1
2023 Tim Hortons Brier,9ceadf51,1,1,-1,5,-1,0,-1,0,8,1,0,1,2,1
2023 Tim Hortons Brier,9ceadf51,0,3,0,-1,0,0,0,-1,7,0,0,0,-2,1
2023 Tim Hortons Brier,9ceadf51,0,-2,0,-2,1,1,0,0,6,1,0,1,1,1
2023 Tim Hortons Brier,9ceadf51,1,0,4,1,0,0,0,-1,5,0,0,0,1,1
2023 Tim Hortons Brier,9ceadf51,3,0,3,4,-1,-1,0,-2,4,0,0,1,-1,1
2023 Tim Hortons Brier,9ceadf51,-1,1,0,2,-1,1,-2,-1,3,1,0,0,1,1
2023 Tim Hortons Brier,9ceadf51,1,4,8,6,-3,-4,0,-2,2,0,0,1,2,1
2023 Tim Hortons Brier,9ceadf51,0,4,6,0,0,0,0,-3,1,0,0,0,-1,1
2023 Tim Hortons Brier,9ceadf51,1,-1,4,3,-1,2,-2,-2,0,1,0,1,1,1
2023 Tim Hortons Brier,e93e8de9,4,2,-4,0,0,0,0,-1,9,0,0,0,-1,1
2023 Tim Hortons Brier,e93e8de9,2,-2,1,1,0,0,0,0,8,1,0,1,2,1
2023 Tim Hortons Brier,e93e8de9,4,2,3,4,-1,-1,0,-1,7,0,0,0,1,1
2023 Tim Hortons Brier,e93e8de9,2,2,0,3,0,0,0,-2,6,0,0,1,-1,1
2023 Tim Hortons Brier,e93e8de9,4,4,-1,-3,0,1,-2,-1,5,1,0,0,1,1
2023 Tim Hortons Brier,e93e8de9,1,-2,4,3,-2,-2,0,-2,4,0,0,1,-1,1
2023 Tim Hortons Brier,e93e8de9,0,-4,4,-7,1,1,0,-1,3,1,0,0,-1,1
2023 Tim Hortons Brier,e93e8de9,2,-1,4,-2,1,1,0,0,2,1,0,1,1,1
2023 Tim Hortons Brier,e93e8de9,4,0,0,-2,0,-2,0,-1,1,0,0,0,0,1
2023 Tim Hortons Brier,e93e8de9,-1,5,5,0,-2,-3,0,-2,0,0,0,1,1,1
2023 Tim Hortons Brier,f4eacf6c,-2,-1,-1,-3,1,1,0,1,9,1,1,0,-1,0
2023 Tim Hortons Brier,f4eacf6c,-2,-1,-4,5,0,2,-1,2,8,1,1,1,2,0
2023 Tim Hortons Brier,f4eacf6c,0,2,3,1,-1,-1,0,1,7,0,1,0,-1,0
2023 Tim Hortons Brier,f4eacf6c,-1,-1,-1,-2,0,0,0,2,6,1,1,1,1,0
2023 Tim Hortons Brier,f4eacf6c,0,-3,2,2,-1,-1,0,1,5,0,1,0,-1,0
2023 Tim Hortons Brier,f4eacf6c,0,-1,1,-2,0,0,0,2,4,1,1,1,0,0
2023 Tim Hortons Brier,f4eacf6c,-3,3,1,2,0,0,0,3,3,1,1,0,0,0
2023 Tim Hortons Brier,f4eacf6c,0,0,-2,-4,1,2,-1,4,2,1,1,1,-1,0
2023 Tim Hortons Brier,f4eacf6c,0,2,-1,-3,1,1,0,5,1,1,1,0,1,0
2023 Tim Hortons Brier,f4eacf6c,-1,0,-1,0,0,-1,1,4,0,0,1,1,-1,0
2023 Tim Hortons Brier,36d0b1ba,2,-5,-2,-7,1,0,1,-1,9,0,0,0,-2,0
2023 Tim Hortons Brier,36d0b1ba,0,3,0,3,0,1,-1,0,8,1,0,1,3,0
2023 Tim Hortons Brier,36d0b1ba,-1,-1,1,-1,0,0,0,-1,7,0,0,0,-1,0
2023 Tim Hortons Brier,36d0b1ba,-2,-2,0,0,0,0,0,0,6,1,0,1,1,0
2023 Tim Hortons Brier,36d0b1ba,-3,0,0,2,-1,-1,0,-1,5,0,0,0,1,0
2023 Tim Hortons Brier,36d0b1ba,0,1,-5,3,0,-1,1,-2,4,0,0,1,-1,0
2023 Tim Hortons Brier,36d0b1ba,0,0,-3,-2,1,1,0,-1,3,1,0,0,-2,0
2023 Tim Hortons Brier,36d0b1ba,0,1,-1,-4,1,1,0,0,2,1,0,1,-1,0
2023 Tim Hortons Brier,36d0b1ba,0,4,-1,-2,0,0,-1,1,1,1,0,0,1,0
2023 Tim Hortons Brier,36d0b1ba,2,-3,-1,-2,0,0,0,0,0,0,0,1,-3,0
2023 Tim Hortons Brier,f375b98a,-8,0,0,-3,0,2,0,1,9,1,1,0,-1,1
2023 Tim Hortons Brier,f375b98a,-1,0,-1,4,-1,0,-1,2,8,1,1,1,2,1
2023 Tim Hortons Brier,f375b98a,4,0,0,5,-1,-2,0,1,7,0,1,0,1,1
2023 Tim Hortons Brier,f375b98a,-1,1,1,1,0,0,0,0,6,0,1,1,-1,1
2023 Tim Hortons Brier,f375b98a,1,-4,-1,-2,0,1,0,1,5,1,1,0,1,1
2023 Tim Hortons Brier,f375b98a,0,1,-5,3,0,0,0,0,4,0,1,1,-1,1
2023 Tim Hortons Brier,f375b98a,1,-2,0,-3,0,0,0,1,3,1,1,0,-1,1
2023 Tim Hortons Brier,f375b98a,-1,0,2,6,-1,0,-1,2,2,1,1,1,2,1
2023 Tim Hortons Brier,f375b98a,-1,2,7,-1,-1,-1,0,1,1,0,1,0,-1,1
2023 Tim Hortons Brier,f375b98a,-3,1,0,0,0,0,0,2,0,1,1,1,2,1
2023 Tim Hortons Brier,fd1bc71e,1,6,3,0,-1,0,-2,1,9,1,1,0,2,1
2023 Tim Hortons Brier,fd1bc71e,4,1,0,6,-1,-1,0,0,8,0,1,1,1,1
2023 Tim Hortons Brier,fd1bc71e,1,-1,-1,2,0,0,1,-1,7,0,1,0,-1,1
2023 Tim Hortons Brier,fd1bc71e,0,0,1,-3,1,1,0,0,6,1,1,1,-1,1
2023 Tim Hortons Brier,fd1bc71e,2,1,2,2,0,0,0,1,5,1,1,0,3,1
2023 Tim Hortons Brier,fd1bc71e,2,0,1,-1,0,0,0,0,4,0,1,1,-1,1
2023 Tim Hortons Brier,fd1bc71e,0,1,2,3,-1,0,-1,1,3,1,1,0,2,1
2023 Tim Hortons Brier,fd1bc71e,0,1,4,1,-2,-2,0,0,2,0,1,1,-1,1
2023 Tim Hortons Brier,f5068930,-2,-3,0,0,0,0,0,-1,9,0,0,0,0,0
2023 Tim Hortons Brier,f5068930,-1,-3,-6,1,0,0,0,-2,8,0,0,1,-2,0
2023 Tim Hortons Brier,f5068930,0,2,3,2,0,0,0,-1,7,1,0,0,2,0
2023 Tim Hortons Brier,f5068930,2,2,3,1,0,0,0,-2,6,0,0,1,-1,0
2023 Tim Hortons Brier,f5068930,-1,-3,-5,-2,0,0,0,-1,5,1,0,0,1,0
2023 Tim Hortons Brier,f5068930,2,1,-1,1,-1,-1,0,-2,4,0,0,1,1,0
2023 Tim Hortons Brier,f5068930,-2,2,-3,4,-1,-1,0,-3,3,0,0,0,-1,0
2023 Tim Hortons Brier,f5068930,-1,-3,-3,-2,1,1,0,-2,2,1,0,1,-3,0
2023 Tim Hortons Brier,f5068930,0,0,0,-2,0,0,0,-1,1,1,0,0,0,0
2023 Tim Hortons Brier,0e178be4,-2,2,2,2,0,0,0,-1,9,0,0,0,-1,0
2023 Tim Hortons Brier,0e178be4,-4,1,1,3,0,0,0,0,8,1,0,1,2,0
2023 Tim Hortons Brier,0e178be4,1,-2,3,1,-1,-1,0,-1,7,0,0,0,-1,0
2023 Tim Hortons Brier,0e178be4,-2,1,0,3,0,1,0,0,6,1,0,1,0,0
2023 Tim Hortons Brier,0e178be4,1,-1,-3,-5,1,1,0,1,5,1,0,0,-2,0
2023 Tim Hortons Brier,0e178be4,0,-5,2,-1,0,1,0,2,4,1,0,1,1,0
2023 Tim Hortons Brier,0e178be4,-1,1,-1,-5,1,0,1,1,3,0,0,0,-3,0
2023 Tim Hortons Brier,0e178be4,-2,-1,-3,-2,0,0,0,2,2,1,0,1,-2,0
2023 Tim Hortons Brier,d4cbbec9,0,-3,2,0,0,0,0,-1,9,0,0,0,0,0
2023 Tim Hortons Brier,d4cbbec9,1,1,-4,-3,1,0,1,-2,8,0,0,1,-1,0
2023 Tim Hortons Brier,d4cbbec9,-1,0,1,0,0,0,0,-1,7,1,0,0,1,0
2023 Tim Hortons Brier,d4cbbec9,-1,4,2,-4,1,0,1,-2,6,0,0,1,0,0
2023 Tim Hortons Brier,d4cbbec9,0,-2,4,1,0,0,0,-3,5,0,0,0,-1,0
2023 Tim Hortons Brier,d4cbbec9,0,-1,1,-5,1,1,0,-2,4,1,0,1,-2,0
2023 Tim Hortons Brier,d4cbbec9,1,-2,-1,0,0,0,0,-1,3,1,0,0,1,0
2023 Tim Hortons Brier,d4cbbec9,0,2,0,2,-1,-1,0,-2,2,0,0,1,-1,0
2023 Tim Hortons Brier,d4cbbec9,-2,0,0,-4,1,1,0,-1,1,1,0,0,-1,0
2023 Tim Hortons Brier,ff557730,-3,5,1,1,0,0,0,1,9,1,1,0,0,1
2023 Tim Hortons Brier,ff557730,1,2,1,3,1,1,-1,2,8,1,1,1,2,1
2023 Tim Hortons Brier,ff557730,-3,4,1,0,0,0,0,1,7,0,1,0,-1,1
2023 Tim Hortons Brier,ff557730,0,-1,0,3,-1,0,-1,2,6,1,1,1,3,1
2023 Tim Hortons Brier,ff557730,-2,0,3,-1,0,0,0,1,5,0,1,0,-1,1
2023 Tim Hortons Brier,ff557730,2,-1,4,2,0,1,-1,2,4,1,1,1,0,1
2023 Tim Hortons Brier,ff557730,-4,1,0,-1,0,1,-1,3,3,1,1,0,1,1
2023 Tim Hortons Brier,ff557730,2,3,2,-2,0,0,0,2,2,0,1,1,-2,1
2023 Tim Hortons Brier,ff557730,-1,-1,-2,2,0,0,0,3,1,1,1,0,2,1
2023 Tim Hortons Brier,61d66c99,-2,4,-1,0,0,0,0,-1,9,0,0,0,-2,1
2023 Tim Hortons Brier,61d66c99,0,-2,0,3,0,0,0,0,8,1,0,1,1,1
2023 Tim Hortons Brier,61d66c99,-3,-5,-1,0,0,0,1,-1,7,0,0,0,-2,1
2023 Tim Hortons Brier,61d66c99,0,-1,-2,0,0,0,0,0,6,1,0,1,2,1
2023 Tim Hortons Brier,61d66c99,1,5,-1,-3,0,0,0,-1,5,0,0,0,-2,1
2023 Tim Hortons Brier,61d66c99,-3,2,-2,3,0,0,-1,0,4,1,0,1,2,1
2023 Tim Hortons Brier,61d66c99,0,-2,-1,8,-2,-2,0,-1,3,0,0,0,1,1
2023 Tim Hortons Brier,61d66c99,-2,0,0,0,0,0,0,-2,2,0,0,1,-1,1
2023 Tim Hortons Brier,61d66c99,-2,-2,-4,0,0,1,0,-1,1,1,0,0,2,1
2023 Tim Hortons Brier,61d66c99,0,2,-2,5,-1,-1,0,-2,0,0,0,1,1,1
2023 Tim Hortons Brier,ef4b697c,0,-1,0,0,0,0,0,1,9,1,1,0,1,0
2023 Tim Hortons Brier,ef4b697c,3,-2,2,3,0,-1,0,0,8,0,1,1,1,0
2023 Tim Hortons Brier,ef4b697c,0,0,-1,-6,1,0,1,-1,7,0,1,0,-4,0
2023 Tim Hortons Brier,ef4b697c,-1,0,1,4,0,0,0,0,6,1,1,1,2,0
2023 Tim Hortons Brier,ef4b697c,0,0,0,1,0,0,0,-1,5,0,1,0,-1,0
2023 Tim Hortons Brier,ef4b697c,0,2,0,2,0,0,0,0,4,1,1,1,2,0
2023 Tim Hortons Brier,ef4b697c,0,2,2,0,0,0,0,-1,3,0,1,0,-1,0
2023 Tim Hortons Brier,ef4b697c,-1,0,-3,-4,1,1,0,0,2,1,1,1,0,0
2023 Tim Hortons Brier,ef4b697c,0,-1,-4,-1,1,1,0,1,1,1,1,0,-1,0
2023 Tim Hortons Brier,ef4b697c,-1,3,0,-2,0,0,-1,2,0,1,1,1,1,0
2023 Tim Hortons Brier,ef4b697c,2,-1,0,0,0,0,0,1,-1,0,1,0,-2,0
2023 Tim Hortons Brier,458ee39d,-3,1,0,2,0,0,0,1,9,1,1,0,2,1
2023 Tim Hortons Brier,458ee39d,0,4,-3,0,1,-2,2,0,8,0,1,1,-2,1
2023 Tim Hortons Brier,458ee39d,0,1,0,4,-1,0,-1,1,7,1,1,0,2,1
2023 Tim Hortons Brier,458ee39d,0,0,1,1,0,0,0,0,6,0,1,1,-2,1
2023 Tim Hortons Brier,458ee39d,-1,5,3,5,-1,0,-2,1,5,1,1,0,4,1
2023 Tim Hortons Brier,458ee39d,0,-1,8,2,-2,-2,0,0,4,0,1,1,-1,1
2023 Tim Hortons Brier,458ee39d,1,0,0,5,0,0,-1,1,3,1,1,0,2,1
2023 Tim Hortons Brier,458ee39d,-3,2,1,2,0,0,1,0,2,0,1,1,-1,1
2023 Tim Hortons Brier,cc930375,-1,4,4,-1,0,0,-1,1,9,1,1,0,1,1
2023 Tim Hortons Brier,cc930375,1,1,-4,2,-1,-1,0,0,8,0,1,1,-1,1
2023 Tim Hortons Brier,cc930375,0,2,0,-1,0,1,-1,1,7,1,1,0,-1,1
2023 Tim Hortons Brier,cc930375,0,2,-1,1,0,1,-1,2,6,1,1,1,1,1
2023 Tim Hortons Brier,cc930375,-4,2,-5,-1,1,0,2,1,5,0,1,0,-4,1
2023 Tim Hortons Brier,cc930375,1,-1,0,4,0,0,0,2,4,1,1,1,3,1
2023 Tim Hortons Brier,cc930375,1,-1,4,2,-1,-1,0,1,3,0,1,0,-1,1
2023 Tim Hortons Brier,cc930375,-1,-1,0,3,0,1,-1,2,2,1,1,1,2,1
2023 Tim Hortons Brier,cc930375,-2,2,1,6,-1,-1,0,1,1,0,1,0,2,1
2023 Tim Hortons Brier,cc930375,0,2,1,3,-1,-2,0,0,0,0,1,1,2,1
2023 Tim Hortons Brier,5ebc0952,1,-4,-1,-2,0,1,0,1,9,1,1,0,1,1
2023 Tim Hortons Brier,5ebc0952,0,6,2,5,-1,-2,0,0,8,0,1,1,1,1
2023 Tim Hortons Brier,5ebc0952,-3,3,4,6,-3,-3,1,-1,7,0,1,0,3,1
2023 Tim Hortons Brier,5ebc0952,6,5,1,3,-1,-3,0,-2,6,0,1,1,1,1
2023 Tim Hortons Brier,5ebc0952,0,0,0,3,0,0,0,-3,5,0,1,0,-1,1
2023 Tim Hortons Brier,5ebc0952,-4,0,2,-3,1,2,0,-2,4,1,1,1,1,1
2023 Tim Hortons Brier,5ebc0952,2,1,2,-1,0,0,0,-3,3,0,1,0,-1,1
2023 Tim Hortons Brier,5ebc0952,-4,3,1,-4,1,2,-1,-2,2,1,1,1,-1,1
2023 Tim Hortons Brier,e7248f5e,-2,2,2,-2,1,1,0,1,9,1,1,0,0,0
2023 Tim Hortons Brier,e7248f5e,1,-1,-1,1,0,0,0,2,8,1,1,1,1,0
2023 Tim Hortons Brier,e7248f5e,2,1,1,2,-1,-1,0,1,7,0,1,0,-2,0
2023 Tim Hortons Brier,e7248f5e,0,-1,0,-3,0,0,0,2,6,1,1,1,1,0
2023 Tim Hortons Brier,e7248f5e,-2,-1,1,6,-1,-1,0,1,5,0,1,0,-1,0
2023 Tim Hortons Brier,e7248f5e,1,0,-1,2,0,0,0,2,4,1,1,1,2,0
2023 Tim Hortons Brier,e7248f5e,-2,3,-1,-1,0,0,0,1,3,0,1,0,-2,0
2023 Tim Hortons Brier,e7248f5e,0,-2,0,-1,0,0,0,2,2,1,1,1,1,0
2023 Tim Hortons Brier,e7248f5e,-2,0,0,-3,0,0,0,1,1,0,1,0,-3,0
2023 Tim Hortons Brier,aec3b9cb,0,-1,1,-1,1,1,0,1,9,1,1,0,2,1
2023 Tim Hortons Brier,aec3b9cb,1,4,2,4,-1,-2,0,0,8,0,1,1,1,1
2023 Tim Hortons Brier,aec3b9cb,-2,5,2,3,0,-2,1,-1,7,0,1,0,3,1
2023 Tim Hortons Brier,aec3b9cb,0,2,-5,3,0,-1,1,-2,6,0,1,1,1,1
2023 Tim Hortons Brier,aec3b9cb,1,-1,3,4,-1,-1,1,-3,5,0,1,0,-1,1
2023 Tim Hortons Brier,aec3b9cb,-4,0,0,4,-1,1,-1,-2,4,1,1,1,2,1
2023 Tim Hortons Brier,aec3b9cb,1,0,1,0,0,-1,1,-3,3,0,1,0,0,1
2023 Tim Hortons Brier,aec3b9cb,2,-1,0,0,0,0,0,-4,2,0,1,1,-1,1
2023 Tim Hortons Brier,df4fee12,1,1,1,0,0,0,0,1,9,1,1,0,2,1
2023 Tim Hortons Brier,df4fee12,2,-2,0,1,0,0,0,0,8,0,1,1,-1,1
2023 Tim Hortons Brier,df4fee12,0,2,1,5,-1,0,-1,1,7,1,1,0,3,1
2023 Tim Hortons Brier,df4fee12,0,4,-4,-6,2,0,2,0,6,0,1,1,-3,1
2023 Tim Hortons Brier,df4fee12,1,0,-1,0,0,0,-1,1,5,1,1,0,1,1
2023 Tim Hortons Brier,df4fee12,2,4,0,4,-1,-2,0,0,4,0,1,1,3,1
2023 Tim Hortons Brier,df4fee12,-6,1,-1,-2,0,0,1,-1,3,0,1,0,-2,1
2023 Tim Hortons Brier,df4fee12,-2,2,-2,-6,1,1,0,0,2,1,1,1,-1,1
2023 Tim Hortons Brier,df4fee12,-1,-1,0,-3,0,0,0,1,1,1,1,0,1,1
2023 Tim Hortons Brier,f9632eb6,0,0,-2,2,0,0,0,1,9,1,1,0,2,1
2023 Tim Hortons Brier,f9632eb6,0,4,2,1,0,0,0,0,8,0,1,1,-1,1
2023 Tim Hortons Brier,f9632eb6,3,1,1,5,0,0,0,1,7,1,1,0,2,1
2023 Tim Hortons Brier,f9632eb6,-2,4,-1,2,0,0,0,0,6,0,1,1,-1,1
2023 Tim Hortons Brier,f9632eb6,0,2,1,-2,0,0,0,1,5,1,1,0,-1,1
2023 Tim Hortons Brier,f9632eb6,1,-1,2,2,0,1,0,2,4,1,1,1,3,1
2023 Tim Hortons Brier,f9632eb6,0,1,-1,7,-1,-1,0,1,3,0,1,0,4,1
2023 Tim Hortons Brier,f9632eb6,-8,-4,1,-2,0,0,3,0,2,0,1,1,-1,1
2023 Tim Hortons Brier,be09db7f,-3,0,2,0,0,0,1,-1,9,0,0,0,-1,0
2023 Tim Hortons Brier,be09db7f,-5,2,-4,0,0,0,0,0,8,1,0,1,0,0
2023 Tim Hortons Brier,be09db7f,-1,-3,-2,-2,1,1,0,1,7,1,0,0,1,0
2023 Tim Hortons Brier,be09db7f,1,-1,1,-4,0,0,0,0,6,0,0,1,-3,0
2023 Tim Hortons Brier,be09db7f,-1,1,-2,0,0,1,-1,1,5,1,0,0,1,0
2023 Tim Hortons Brier,be09db7f,2,-2,1,2,-1,-1,0,0,4,0,0,1,-1,0
2023 Tim Hortons Brier,be09db7f,0,3,-6,0,0,1,-1,1,3,1,0,0,-1,0
2023 Tim Hortons Brier,be09db7f,0,5,0,-3,1,1,-1,2,2,1,0,1,0,0
2023 Tim Hortons Brier,be09db7f,-3,0,4,-2,-1,0,-1,3,1,1,0,0,1,0
2023 Tim Hortons Brier,8a78303f,1,0,2,0,0,0,0,1,9,1,1,0,0,1
2023 Tim Hortons Brier,8a78303f,1,1,4,0,-1,0,-1,2,8,1,1,1,1,1
2023 Tim Hortons Brier,8a78303f,1,0,3,2,-1,-1,0,1,7,0,1,0,-1,1
2023 Tim Hortons Brier,8a78303f,0,3,3,5,0,0,0,2,6,1,1,1,3,1
2023 Tim Hortons Brier,8a78303f,-1,-1,4,3,0,0,0,1,5,0,1,0,-1,1
2023 Tim Hortons Brier,8a78303f,-2,1,1,2,0,0,0,2,4,1,1,1,2,1
2023 Tim Hortons Brier,8a78303f,-2,1,0,2,0,0,0,1,3,0,1,0,-1,1
2023 Tim Hortons Brier,8a78303f,0,0,-2,-1,0,0,0,2,2,1,1,1,2,1
2023 Tim Hortons Brier,e5166313,3,-1,2,1,0,0,0,-1,9,0,0,0,0,1
2023 Tim Hortons Brier,e5166313,3,1,1,4,-1,-3,0,-2,8,0,0,1,1,1
2023 Tim Hortons Brier,e5166313,2,-3,0,-1,0,0,0,-3,7,0,0,0,-1,1
2023 Tim Hortons Brier,e5166313,0,0,1,5,-1,0,-1,-2,6,1,0,1,3,1
2023 Tim Hortons Brier,e5166313,2,4,1,4,0,0,0,-3,5,0,0,0,1,1
2023 Tim Hortons Brier,e5166313,2,1,6,-1,0,0,0,-4,4,0,0,1,-1,1
2023 Tim Hortons Brier,e5166313,-2,1,0,4,-1,0,-1,-3,3,1,0,0,5,1
2023 Tim Hortons Brier,e5166313,2,-4,0,-3,1,0,2,-4,2,0,0,1,-2,1
2023 Tim Hortons Brier,58e6248e,3,1,2,4,-1,-1,0,-1,9,0,0,0,0,1
2023 Tim Hortons Brier,58e6248e,-3,3,1,2,-1,-1,0,-2,8,0,0,1,1,1
2023 Tim Hortons Brier,58e6248e,-1,3,2,1,0,0,0,-3,7,0,0,0,1,1
2023 Tim Hortons Brier,58e6248e,-1,0,-1,-5,1,0,1,-4,6,0,0,1,-3,1
2023 Tim Hortons Brier,58e6248e,-3,3,0,4,-1,0,-1,-3,5,1,0,0,3,1
2023 Tim Hortons Brier,58e6248e,1,-2,2,5,-1,-1,0,-4,4,0,0,1,1,1
2023 Tim Hortons Brier,58e6248e,1,1,0,1,0,0,0,-5,3,0,0,0,-1,1
2023 Tim Hortons Brier,58e6248e,3,-2,0,7,-1,0,-1,-4,2,1,0,1,3,1
2023 Tim Hortons Brier,cc34ae70,-1,1,-3,-3,1,1,0,1,9,1,1,0,-2,0
2023 Tim Hortons Brier,cc34ae70,-1,-1,-2,-4,1,1,0,2,8,1,1,1,-1,0
2023 Tim Hortons Brier,cc34ae70,0,-4,0,2,0,1,0,3,7,1,1,0,1,0
2023 Tim Hortons Brier,cc34ae70,3,-2,0,0,-1,-1,0,2,6,0,1,1,0,0
2023 Tim Hortons Brier,cc34ae70,0,0,0,-3,0,0,0,1,5,0,1,0,-2,0
2023 Tim Hortons Brier,cc34ae70,-1,-1,-1,-2,0,0,0,2,4,1,1,1,1,0
2023 Tim Hortons Brier,cc34ae70,0,0,-1,0,0,0,0,1,3,0,1,0,-1,0
2023 Tim Hortons Brier,cc34ae70,0,-3,-3,-2,0,0,0,2,2,1,1,1,1,0
2023 Tim Hortons Brier,cc34ae70,4,-2,0,0,0,-1,0,1,1,0,1,0,-1,0
2023 Tim Hortons Brier,f5b54ab5,0,-2,-1,1,0,0,0,-1,9,0,0,0,-1,0
2023 Tim Hortons Brier,f5b54ab5,-2,0,-1,5,-1,0,-1,0,8,1,0,1,2,0
2023 Tim Hortons Brier,f5b54ab5,-2,-5,-1,-1,0,0,1,-1,7,0,0,0,-2,0
2023 Tim Hortons Brier,f5b54ab5,-3,-2,-4,-1,0,0,0,0,6,1,0,1,-1,0
2023 Tim Hortons Brier,f5b54ab5,0,-3,2,-1,0,0,0,1,5,1,0,0,2,0
2023 Tim Hortons Brier,f5b54ab5,0,-6,-2,-4,0,0,1,0,4,0,0,1,-4,0
2023 Tim Hortons Brier,f5b54ab5,0,-2,0,-1,0,0,0,1,3,1,0,0,2,0
2023 Tim Hortons Brier,f5b54ab5,-2,-4,-4,-3,1,0,3,0,2,0,0,1,-2,0
2023 Tim Hortons Brier,f5b54ab5,1,3,2,-1,0,0,0,1,1,1,0,0,3,0
2023 Tim Hortons Brier,f5b54ab5,0,2,-3,-4,1,0,1,0,0,0,0,1,-3,0
2023 Tim Hortons Brier,15625930,2,-2,3,-1,-1,-1,0,-1,9,0,0,0,0,1
2023 Tim Hortons Brier,15625930,0,1,-6,-5,0,0,0,-2,8,0,0,1,-4,1
2023 Tim Hortons Brier,15625930,-1,0,3,2,0,0,0,-1,7,1,0,0,2,1
2023 Tim Hortons Brier,15625930,0,0,2,-1,0,0,0,-2,6,0,0,1,-1,1
2023 Tim Hortons Brier,15625930,3,2,-1,8,-2,0,-2,-1,5,1,0,0,4,1
2023 Tim Hortons Brier,15625930,5,4,1,7,-1,-1,0,-2,4,0,0,1,1,1
2023 Tim Hortons Brier,15625930,1,4,-3,2,1,0,1,-3,3,0,0,0,0,1
2023 Tim Hortons Brier,15625930,0,4,-3,-3,0,0,0,-4,2,0,0,1,-2,1
2023 Tim Hortons Brier,15625930,0,4,1,-2,0,1,-2,-3,1,1,0,0,0,1
2023 Tim Hortons Brier,15625930,4,1,1,4,0,0,-1,-2,0,1,0,1,1,1
2023 Tim Hortons Brier,5248cc3a,-1,2,3,4,-1,-1,0,-1,9,0,0,0,1,0
2023 Tim Hortons Brier,5248cc3a,-5,0,0,-4,1,0,1,-2,8,0,0,1,-3,0
2023 Tim Hortons Brier,5248cc3a,1,3,0,-4,1,1,-1,-1,7,1,0,0,-2,0
2023 Tim Hortons Brier,5248cc3a,0,-1,-5,0,1,1,0,0,6,1,0,1,1,0
2023 Tim Hortons Brier,5248cc3a,3,0,3,6,-1,-2,0,-1,5,0,0,0,3,0
2023 Tim Hortons Brier,5248cc3a,3,0,-3,-4,0,0,0,-2,4,0,0,1,-2,0
2023 Tim Hortons Brier,5248cc3a,-2,0,5,-1,0,0,0,-1,3,1,0,0,1,0
2023 Tim Hortons Brier,5248cc3a,1,-1,5,2,-1,-1,0,-2,2,0,0,1,-1,0
2023 Tim Hortons Brier,5248cc3a,-1,-1,-5,3,0,0,0,-1,1,1,0,0,2,0
2023 Tim Hortons Brier,5248cc3a,4,0,0,3,-1,-2,0,-2,0,0,0,1,0,0
2023 Tim Hortons Brier,12f413f8,2,-1,4,-5,0,0,0,-1,9,0,0,0,-2,0
2023 Tim Hortons Brier,12f413f8,-3,-4,-5,3,0,0,0,0,8,1,0,1,0,0
2023 Tim Hortons Brier,12f413f8,-2,-4,-7,0,1,1,0,1,7,1,0,0,1,0
2023 Tim Hortons Brier,12f413f8,-2,-4,-2,1,-1,-1,0,0,6,0,0,1,-1,0
2023 Tim Hortons Brier,12f413f8,-1,-4,-3,2,0,0,0,1,5,1,0,0,1,0
2023 Tim Hortons Brier,12f413f8,0,-1,0,-7,1,0,1,0,4,0,0,1,-3,0
2023 Tim Hortons Brier,12f413f8,-1,-2,0,-2,0,0,0,1,3,1,0,0,1,0
2023 Tim Hortons Brier,12f413f8,0,-4,-3,-3,0,0,0,0,2,0,0,1,-4,0
2023 Tim Hortons Brier,e7b5023f,-1,-2,-4,-2,1,2,0,1,9,1,1,0,-1,0
2023 Tim Hortons Brier,e7b5023f,-2,2,3,-2,0,0,0,2,8,1,1,1,1,0
2023 Tim Hortons Brier,e7b5023f,1,0,-5,1,1,0,1,1,7,0,1,0,-2,0
2023 Tim Hortons Brier,e7b5023f,-2,0,-1,0,0,0,0,2,6,1,1,1,1,0
2023 Tim Hortons Brier,e7b5023f,1,-3,-3,4,-1,-1,0,1,5,0,1,0,1,0
2023 Tim Hortons Brier,e7b5023f,2,1,-1,0,0,0,0,0,4,0,1,1,-1,0
2023 Tim Hortons Brier,e7b5023f,0,-1,0,-6,2,2,0,1,3,1,1,0,-1,0
2023 Tim Hortons Brier,e7b5023f,1,-6,-1,-7,1,2,0,2,2,1,1,1,-2,0
2023 Tim Hortons Brier,e7b5023f,1,1,-2,0,0,0,0,3,1,1,1,0,1,0
2023 Tim Hortons Brier,e7b5023f,8,0,0,0,0,-2,0,2,0,0,1,1,2,0
2023 Tim Hortons Brier,0b9488b3,1,0,1,0,0,0,0,-1,9,0,0,0,0,0
2023 Tim Hortons Brier,0b9488b3,2,1,3,-3,-1,-2,0,-2,8,0,0,1,-1,0
2023 Tim Hortons Brier,0b9488b3,0,0,4,-1,0,0,0,-1,7,1,0,0,1,0
2023 Tim Hortons Brier,0b9488b3,-1,0,4,4,-2,-2,0,-2,6,0,0,1,1,0
2023 Tim Hortons Brier,0b9488b3,3,1,5,2,-3,-4,0,-3,5,0,0,0,2,0
2023 Tim Hortons Brier,0b9488b3,-5,0,0,-4,0,0,0,-4,4,0,0,1,-3,0
2023 Tim Hortons Brier,0b9488b3,1,-2,-5,-3,1,1,0,-3,3,1,0,0,-1,0
2023 Tim Hortons Brier,0b9488b3,-2,-6,4,0,0,1,0,-2,2,1,0,1,1,0
2023 Tim Hortons Brier,0b9488b3,1,-2,0,-2,1,0,1,-3,1,0,0,0,-2,0
2023 Tim Hortons Brier,0b9488b3,-2,-2,2,0,-1,0,-1,-2,0,1,0,1,2,0
2023 Tim Hortons Brier,0b9488b3,0,0,0,-1,0,0,0,-3,-1,0,0,0,-2,0
2023 Tim Hortons Brier,8b722183,0,-2,0,3,0,0,0,1,9,1,1,0,2,1
2023 Tim Hortons Brier,8b722183,0,2,3,0,-1,-1,0,0,8,0,1,1,1,1
2023 Tim Hortons Brier,8b722183,3,3,1,3,0,-1,0,-1,7,0,1,0,1,1
2023 Tim Hortons Brier,8b722183,0,0,-1,-4,0,0,0,-2,6,0,1,1,-4,1
2023 Tim Hortons Brier,8b722183,2,3,2,-2,1,1,-1,-1,5,1,1,0,1,1
2023 Tim Hortons Brier,8b722183,2,1,3,0,0,0,0,-2,4,0,1,1,-1,1
2023 Tim Hortons Brier,8b722183,0,0,0,8,-2,1,-3,-1,3,1,1,0,3,1
2023 Tim Hortons Brier,8b722183,0,0,3,6,-1,-1,0,-2,2,0,1,1,-1,1
2023 Tim Hortons Brier,8b722183,0,3,0,4,-1,0,-1,-1,1,1,1,0,2,1
2023 Tim Hortons Brier,c3ed3eb9,-1,-1,1,2,0,0,0,1,9,1,1,0,2,1
2023 Tim Hortons Brier,c3ed3eb9,0,5,0,-4,0,0,0,0,8,0,1,1,-3,1
2023 Tim Hortons Brier,c3ed3eb9,-1,-2,-2,-7,2,2,0,1,7,1,1,0,-1,1
2023 Tim Hortons Brier,c3ed3eb9,2,3,-3,-2,0,0,0,2,6,1,1,1,1,1
2023 Tim Hortons Brier,c3ed3eb9,1,-2,1,2,0,0,0,1,5,0,1,0,-1,1
2023 Tim Hortons Brier,c3ed3eb9,0,-3,-1,3,-1,0,-1,2,4,1,1,1,2,1
2023 Tim Hortons Brier,c3ed3eb9,1,-1,1,1,0,0,0,1,3,0,1,0,-1,1
2023 Tim Hortons Brier,c3ed3eb9,2,4,-4,2,0,0,0,2,2,1,1,1,2,1
2023 Tim Hortons Brier,c3ed3eb9,1,-4,-2,-2,0,0,0,1,1,0,1,0,-2,1
2023 Tim Hortons Brier,c3ed3eb9,3,-2,-8,5,2,2,0,2,0,1,1,1,2,1
2023 Tim Hortons Brier,4b0b50e2,-1,0,2,-3,1,1,0,1,9,1,1,0,-2,0
2023 Tim Hortons Brier,4b0b50e2,-3,-1,0,-1,0,0,0,2,8,1,1,1,1,0
2023 Tim Hortons Brier,4b0b50e2,0,0,0,0,0,0,0,1,7,0,1,0,0,0
2023 Tim Hortons Brier,4b0b50e2,0,-2,0,-4,0,0,0,0,6,0,1,1,-2,0
2023 Tim Hortons Brier,4b0b50e2,0,-2,0,0,0,0,0,1,5,1,1,0,1,0
2023 Tim Hortons Brier,4b0b50e2,1,1,2,-7,1,0,1,0,4,0,1,1,-3,0
2023 Tim Hortons Brier,4b0b50e2,0,1,-3,0,0,0,0,1,3,1,1,0,1,0
2023 Tim Hortons Brier,4b0b50e2,0,-2,0,0,0,0,0,0,2,0,1,1,-1,0
2023 Tim Hortons Brier,a8a7d674,0,-1,-6,-5,0,0,0,-1,9,0,0,0,-4,0
2023 Tim Hortons Brier,a8a7d674,0,-2,-2,-5,1,1,0,0,8,1,0,1,-1,0
2023 Tim Hortons Brier,a8a7d674,-1,-3,-1,0,0,0,0,1,7,1,0,0,1,0
2023 Tim Hortons Brier,a8a7d674,3,4,-1,4,0,-2,1,0,6,0,0,1,2,0
2023 Tim Hortons Brier,a8a7d674,0,0,0,5,-1,-2,1,-1,5,0,0,0,1,0
2023 Tim Hortons Brier,a8a7d674,1,-2,0,0,0,-1,1,-2,4,0,0,1,-3,0
2023 Tim Hortons Brier,a8a7d674,2,-6,0,-8,2,3,0,-1,3,1,0,0,-2,0
2023 Tim Hortons Brier,a8a7d674,0,0,-2,-4,1,1,0,0,2,1,0,1,-1,0
2023 Tim Hortons Brier,a8fedef2,0,0,0,-2,0,0,0,1,9,1,1,0,1,1
2023 Tim Hortons Brier,a8fedef2,0,4,0,-2,1,-1,1,0,8,0,1,1,-1,1
2023 Tim Hortons Brier,a8fedef2,-2,-2,-2,0,0,1,-1,1,7,1,1,0,1,1
2023 Tim Hortons Brier,a8fedef2,1,2,5,0,0,0,0,0,6,0,1,1,-1,1
2023 Tim Hortons Brier,a8fedef2,0,0,-1,0,0,0,0,1,5,1,1,0,1,1
2023 Tim Hortons Brier,a8fedef2,0,4,2,3,-1,-2,0,0,4,0,1,1,2,1
2023 Tim Hortons Brier,a8fedef2,0,-2,0,6,-1,-1,0,-1,3,0,1,0,2,1
2023 Tim Hortons Brier,a8fedef2,0,0,0,4,-1,-1,0,-2,2,0,1,1,1,1
2023 Tim Hortons Brier,9931a94c,0,-2,-1,1,0,0,0,-1,9,0,0,0,-1,0
2023 Tim Hortons Brier,9931a94c,0,0,-2,0,0,1,-1,0,8,1,0,1,1,0
2023 Tim Hortons Brier,9931a94c,1,-3,0,2,0,0,0,-1,7,0,0,0,-2,0
2023 Tim Hortons Brier,9931a94c,0,-1,0,-2,0,0,0,0,6,1,0,1,1,0
2023 Tim Hortons Brier,9931a94c,-3,-1,0,-2,0,0,0,-1,5,0,0,0,-2,0
2023 Tim Hortons Brier,9931a94c,2,-3,1,1,0,0,0,0,4,1,0,1,3,0
2023 Tim Hortons Brier,9931a94c,2,-2,0,0,0,-1,0,-1,3,0,0,0,0,0
2023 Tim Hortons Brier,9931a94c,4,-2,1,-7,2,-1,2,-2,2,0,0,1,-2,0
2023 Tim Hortons Brier,9931a94c,1,0,4,1,0,0,0,-1,1,1,0,0,1,0
2023 Tim Hortons Brier,9931a94c,0,0,2,-1,0,0,0,-2,0,0,0,1,-3,0
2023 Tim Hortons Brier,da50418d,2,0,0,4,-1,-1,0,-1,9,0,0,0,3,0
2023 Tim Hortons Brier,da50418d,0,4,4,4,-1,-1,0,-2,8,0,0,1,-1,0
2023 Tim Hortons Brier,da50418d,0,-3,-1,1,0,0,0,-1,7,1,0,0,0,0
2023 Tim Hortons Brier,da50418d,8,3,1,1,0,0,-2,0,6,1,0,1,2,0
2023 Tim Hortons Brier,da50418d,0,-2,0,3,0,0,0,-1,5,0,0,0,1,0
2023 Tim Hortons Brier,da50418d,0,-1,-1,-3,0,0,0,-2,4,0,0,1,-3,0
2023 Tim Hortons Brier,da50418d,-1,4,2,-5,1,1,0,-1,3,1,0,0,-3,0
2023 Tim Hortons Brier,da50418d,-1,-2,1,4,-1,0,-1,0,2,1,0,1,2,0
2023 Tim Hortons Brier,da50418d,0,0,0,2,0,0,0,-1,1,0,0,0,-2,0
2023 Tim Hortons Brier,da50418d,-1,0,-8,-2,3,3,0,0,0,1,0,1,-1,0
2023 Tim Hortons Brier,80a1e61a,0,-4,-1,3,-1,-1,0,-1,9,0,0,0,0,0
2023 Tim Hortons Brier,80a1e61a,1,-2,-1,4,-1,-1,0,-2,8,0,0,1,0,0
2023 Tim Hortons Brier,80a1e61a,-2,3,-1,0,0,0,0,-3,7,0,0,0,0,0
2023 Tim Hortons Brier,80a1e61a,2,-2,-1,-5,0,0,1,-4,6,0,0,1,-2,0
2023 Tim Hortons Brier,80a1e61a,0,-2,-5,-2,2,2,0,-3,5,1,0,0,-1,0
2023 Tim Hortons Brier,80a1e61a,-1,-3,-2,-2,0,1,-1,-2,4,1,0,1,-1,0
2023 Tim Hortons Brier,80a1e61a,-3,-1,-1,1,0,0,0,-1,3,1,0,0,2,0
2023 Tim Hortons Brier,80a1e61a,0,-1,-1,-3,0,0,0,-2,2,0,0,1,-2,0
2023 Tim Hortons Brier,80a1e61a,-2,-2,-1,1,0,0,0,-1,1,1,0,0,2,0
2023 Tim Hortons Brier,08cced47,0,-4,0,-2,0,0,1,-1,9,0,0,0,-2,0
2023 Tim Hortons Brier,08cced47,0,-2,-2,-1,0,0,0,0,8,1,0,1,-1,0
2023 Tim Hortons Brier,08cced47,-2,-2,2,-5,1,1,0,1,7,1,0,0,-3,0
2023 Tim Hortons Brier,08cced47,-2,0,-3,-6,1,1,0,2,6,1,0,1,-2,0
2023 Tim Hortons Brier,08cced47,3,-1,-2,0,0,0,0,3,5,1,0,0,1,0
2023 Tim Hortons Brier,08cced47,-1,-4,-2,0,0,0,0,2,4,0,0,1,0,0
2023 Tim Hortons Brier,08cced47,-3,1,-1,5,0,0,0,1,3,0,0,0,1,0
2023 Tim Hortons Brier,08cced47,0,-2,1,-1,0,0,0,0,2,0,0,1,-1,0
2023 Tim Hortons Brier,abd6ea7f,-1,0,0,1,0,0,0,1,9,1,1,0,2,0
2023 Tim Hortons Brier,abd6ea7f,1,1,-2,-2,0,0,0,0,8,0,1,1,-2,0
2023 Tim Hortons Brier,abd6ea7f,0,2,-2,4,0,0,0,1,7,1,1,0,2,0
2023 Tim Hortons Brier,abd6ea7f,-1,-1,-2,-2,0,0,0,0,6,0,1,1,0,0
2023 Tim Hortons Brier,abd6ea7f,1,3,1,0,0,0,0,-1,5,0,1,0,-1,0
2023 Tim Hortons Brier,abd6ea7f,-1,-3,0,2,0,0,0,0,4,1,1,1,2,0
2023 Tim Hortons Brier,abd6ea7f,2,-1,-3,0,1,0,1,-1,3,0,1,0,-2,0
2023 Tim Hortons Brier,abd6ea7f,-1,0,2,-5,1,1,0,0,2,1,1,1,-1,0
2023 Tim Hortons Brier,abd6ea7f,-1,0,0,0,0,1,-1,1,1,1,1,0,1,0
2023 Tim Hortons Brier,abd6ea7f,0,-2,1,-5,1,0,1,0,0,0,1,1,-2,0
2023 Tim Hortons Brier,44680bee,-1,-3,2,2,-1,-1,0,-1,9,0,0,0,0,0
2023 Tim Hortons Brier,44680bee,1,-2,4,1,0,0,0,-2,8,0,0,1,1,0
2023 Tim Hortons Brier,44680bee,3,1,4,0,-1,-1,0,-3,7,0,0,0,-1,0
2023 Tim Hortons Brier,44680bee,-2,1,-1,0,0,0,0,-2,6,1,0,1,1,0
2023 Tim Hortons Brier,44680bee,-1,-1,-2,-1,0,0,0,-3,5,0,0,0,-2,0
2023 Tim Hortons Brier,44680bee,-1,1,3,2,-1,0,-1,-2,4,1,0,1,2,0
2023 Tim Hortons Brier,44680bee,1,0,-5,5,-1,-1,0,-3,3,0,0,0,-1,0
2023 Tim Hortons Brier,44680bee,3,-2,-3,0,0,0,0,-2,2,1,0,1,1,0
2023 Tim Hortons Brier,44680bee,0,0,1,-2,0,0,0,-3,1,0,0,0,-2,0
2023 Tim Hortons Brier,44680bee,2,-1,1,0,0,0,0,-2,0,1,0,1,1,0
2023 Tim Hortons Brier,44680bee,3,-1,2,-4,1,0,1,-3,-1,0,0,0,-1,0
2023 Tim Hortons Brier,bc564eca,-1,-3,1,-1,0,0,1,-1,9,0,0,0,0,1
2023 Tim Hortons Brier,bc564eca,0,2,1,2,0,0,0,-2,8,0,0,1,-1,1
2023 Tim Hortons Brier,bc564eca,-1,-4,0,1,0,0,0,-1,7,1,0,0,1,1
2023 Tim Hortons Brier,bc564eca,0,-3,4,6,-2,-2,0,-2,6,0,0,1,1,1
2023 Tim Hortons Brier,bc564eca,-1,-1,4,3,-1,-1,0,-3,5,0,0,0,1,1
2023 Tim Hortons Brier,bc564eca,1,0,0,0,0,0,0,-4,4,0,0,1,-1,1
2023 Tim Hortons Brier,bc564eca,0,-1,-1,4,0,0,0,-3,3,1,0,0,2,1
2023 Tim Hortons Brier,bc564eca,0,0,2,0,0,0,0,-4,2,0,0,1,-1,1
2023 Tim Hortons Brier,bc564eca,-1,0,-3,0,0,0,0,-3,1,1,0,0,1,1
2023 Tim Hortons Brier,ab846e8f,-1,-6,0,-1,0,0,1,-1,9,0,0,0,0,0
2023 Tim Hortons Brier,ab846e8f,4,-1,-1,-1,0,-1,0,-2,8,0,0,1,-1,0
2023 Tim Hortons Brier,ab846e8f,0,-3,-1,0,0,0,0,-1,7,1,0,0,1,0
2023 Tim Hortons Brier,ab846e8f,0,-7,2,-4,1,0,2,-2,6,0,0,1,-2,0
2023 Tim Hortons Brier,ab846e8f,-1,-1,-1,1,0,1,-1,-1,5,1,0,0,1,0
2023 Tim Hortons Brier,ab846e8f,2,-4,3,2,-1,-1,0,-2,4,0,0,1,-1,0
2023 Tim Hortons Brier,ab846e8f,-4,-4,-1,1,0,0,0,-1,3,1,0,0,3,0
2023 Tim Hortons Brier,ab846e8f,-3,-3,-2,-6,0,0,0,-2,2,0,0,1,-2,0
2023 Tim Hortons Brier,ab846e8f,-2,3,-4,-6,2,2,0,-1,1,1,0,0,1,0
2023 Tim Hortons Brier,3b98fe0c,0,-1,0,-2,0,0,0,1,9,1,1,0,2,0
2023 Tim Hortons Brier,3b98fe0c,0,-1,3,2,-2,-2,0,0,8,0,1,1,1,0
2023 Tim Hortons Brier,3b98fe0c,-1,2,4,-5,0,-1,0,-1,7,0,1,0,-2,0
2023 Tim Hortons Brier,3b98fe0c,0,-3,-2,1,0,0,0,0,6,1,1,1,1,0
2023 Tim Hortons Brier,3b98fe0c,0,0,-2,-6,0,0,0,-1,5,0,1,0,-3,0
2023 Tim Hortons Brier,3b98fe0c,3,-1,-3,-4,2,2,0,0,4,1,1,1,1,0
2023 Tim Hortons Brier,3b98fe0c,-1,3,0,-1,0,-1,0,-1,3,0,1,0,1,0
2023 Tim Hortons Brier,3b98fe0c,0,1,0,0,0,0,0,-2,2,0,1,1,-2,0
2023 Tim Hortons Brier,3b98fe0c,0,1,0,-2,0,0,0,-1,1,1,1,0,1,0
2023 Tim Hortons Brier,3b98fe0c,-1,1,-1,2,0,0,0,-2,0,0,1,1,-1,0
2023 Tim Hortons Brier,4c3bcf67,0,0,-3,-1,0,1,0,1,9,1,1,0,3,1
2023 Tim Hortons Brier,4c3bcf67,1,0,2,0,-1,-1,0,0,8,0,1,1,0,1
2023 Tim Hortons Brier,4c3bcf67,0,-1,0,-1,0,0,0,-1,7,0,1,0,-2,1
2023 Tim Hortons Brier,4c3bcf67,-1,3,2,3,0,0,0,0,6,1,1,1,2,1
2023 Tim Hortons Brier,4c3bcf67,-1,0,0,-1,0,0,0,-1,5,0,1,0,-1,1
2023 Tim Hortons Brier,4c3bcf67,2,-1,1,0,0,0,0,0,4,1,1,1,0,1
2023 Tim Hortons Brier,4c3bcf67,2,2,0,5,0,0,0,1,3,1,1,0,2,1
2023 Tim Hortons Brier,4c3bcf67,-1,-2,1,5,0,0,0,0,2,0,1,1,2,1
2023 Tim Hortons Brier,ded3dc8a,0,0,0,0,0,0,0,-1,9,0,0,0,-2,1
2023 Tim Hortons Brier,ded3dc8a,0,2,-3,0,0,0,0,0,8,1,0,1,1,1
2023 Tim Hortons Brier,ded3dc8a,0,-2,0,5,-1,-1,0,-1,7,0,0,0,3,1
2023 Tim Hortons Brier,ded3dc8a,0,0,-3,-1,0,0,0,-2,6,0,0,1,-2,1
2023 Tim Hortons Brier,ded3dc8a,4,0,-1,-1,0,0,-1,-1,5,1,0,0,1,1
2023 Tim Hortons Brier,ded3dc8a,0,-2,0,-3,0,0,0,-2,4,0,0,1,-2,1
2023 Tim Hortons Brier,ded3dc8a,0,0,-2,0,0,0,0,-1,3,1,0,0,1,1
2023 Tim Hortons Brier,ded3dc8a,1,1,1,0,0,0,0,-2,2,0,0,1,1,1
2023 Tim Hortons Brier,ded3dc8a,0,2,6,2,-1,-1,0,-3,1,0,0,0,1,1
2023 Tim Hortons Brier,ded3dc8a,-1,0,0,4,-1,-1,0,-4,0,0,0,1,-1,1
2023 Tim Hortons Brier,910d366f,-1,-2,0,0,0,0,0,1,9,1,1,0,0,0
2023 Tim Hortons Brier,910d366f,-1,3,0,0,0,0,0,2,8,1,1,1,1,0
2023 Tim Hortons Brier,910d366f,0,-1,3,-6,0,-1,1,1,7,0,1,0,0,0
2023 Tim Hortons Brier,910d366f,-1,-4,4,-2,-1,-1,2,0,6,0,1,1,-1,0
2023 Tim Hortons Brier,910d366f,0,-1,1,0,0,0,0,1,5,1,1,0,1,0
2023 Tim Hortons Brier,910d366f,3,2,4,0,-1,-1,0,0,4,0,1,1,-4,0
2023 Tim Hortons Brier,910d366f,-1,0,2,-5,1,1,0,1,3,1,1,0,-1,0
2023 Tim Hortons Brier,910d366f,0,-2,0,3,0,0,0,2,2,1,1,1,2,0
2023 Tim Hortons Brier,910d366f,0,1,0,-3,0,0,0,1,1,0,1,0,-2,0
2023 Tim Hortons Brier,989b4042,4,0,2,6,-1,0,-2,1,9,1,1,0,3,0
2023 Tim Hortons Brier,989b4042,0,-1,0,4,-1,-1,0,0,8,0,1,1,-1,0
2023 Tim Hortons Brier,989b4042,0,-3,-4,-2,2,3,0,1,7,1,1,0,-1,0
2023 Tim Hortons Brier,989b4042,0,-2,0,3,0,0,0,2,6,1,1,1,0,0
2023 Tim Hortons Brier,989b4042,1,-1,1,-4,1,1,0,3,5,1,1,0,0,0
2023 Tim Hortons Brier,989b4042,0,0,-2,0,0,0,0,4,4,1,1,1,0,0
2023 Tim Hortons Brier,989b4042,-2,3,-1,0,0,0,-1,5,3,1,1,0,1,0
2023 Tim Hortons Brier,989b4042,0,0,-5,0,0,0,0,4,2,0,1,1,-3,0
2023 Tim Hortons Brier,989b4042,0,1,-4,-4,2,2,0,5,1,1,1,0,-1,0
2023 Tim Hortons Brier,0da23f90,4,2,4,2,-1,0,-2,1,9,1,1,0,2,1
2023 Tim Hortons Brier,0da23f90,2,0,2,2,-1,-1,0,0,8,0,1,1,0,1
2023 Tim Hortons Brier,0da23f90,0,2,3,2,-1,-1,0,-1,7,0,1,0,-1,1
2023 Tim Hortons Brier,0da23f90,-1,0,0,0,0,0,0,0,6,1,1,1,0,1
2023 Tim Hortons Brier,0da23f90,0,-1,2,2,0,0,0,1,5,1,1,0,2,1
2023 Tim Hortons Brier,0da23f90,-2,2,4,5,-1,-1,0,0,4,0,1,1,4,1
2023 Tim Hortons Brier,0da23f90,-4,3,1,4,-1,-1,1,-1,3,0,1,0,5,1
2023 Tim Hortons Brier,0da23f90,0,0,0,-4,1,-6,7,-2,2,0,1,1,-1,1
2023 Tim Hortons Brier,5f1d2e2b,2,0,4,4,-2,-2,0,-1,9,0,0,0,-1,1
2023 Tim Hortons Brier,5f1d2e2b,2,-4,-2,-1,0,1,0,0,8,1,0,1,1,1
2023 Tim Hortons Brier,5f1d2e2b,-1,6,4,5,-2,-3,0,-1,7,0,0,0,2,1
2023 Tim Hortons Brier,5f1d2e2b,0,0,0,0,0,0,0,-2,6,0,0,1,-1,1
2023 Tim Hortons Brier,5f1d2e2b,1,4,-1,1,0,0,0,-1,5,1,0,0,1,1
2023 Tim Hortons Brier,5f1d2e2b,2,3,-5,-1,0,0,0,-2,4,0,0,1,-1,1
2023 Tim Hortons Brier,5f1d2e2b,0,0,-2,-4,1,1,0,-1,3,1,0,0,-1,1
2023 Tim Hortons Brier,5f1d2e2b,1,1,-4,3,1,1,0,0,2,1,0,1,1,1
2023 Tim Hortons Brier,5f1d2e2b,0,0,0,4,-1,-1,0,-1,1,0,0,0,1,1
2023 Tim Hortons Brier,5f1d2e2b,-1,-4,4,2,-1,-1,1,-2,0,0,0,1,-1,1
2023 Tim Hortons Brier,3db7fda0,0,2,2,3,0,0,0,1,9,1,1,0,2,1
2023 Tim Hortons Brier,3db7fda0,2,2,2,0,-1,-1,0,0,8,0,1,1,0,1
2023 Tim Hortons Brier,3db7fda0,3,0,2,5,-1,-1,0,-1,7,0,1,0,3,1
2023 Tim Hortons Brier,3db7fda0,1,-2,6,4,-2,-2,0,-2,6,0,1,1,1,1
2023 Tim Hortons Brier,3db7fda0,0,3,-1,2,-1,-1,0,-3,5,0,1,0,-1,1
2023 Tim Hortons Brier,3db7fda0,0,1,1,-1,0,0,0,-2,4,1,1,1,1,1
2023 Tim Hortons Brier,3db7fda0,0,3,-7,4,0,-1,1,-3,3,0,1,0,-1,1
2023 Tim Hortons Brier,3db7fda0,-2,1,0,-3,0,0,0,-2,2,1,1,1,1,1
2023 Tim Hortons Brier,4d32e805,0,2,2,0,0,0,0,-1,9,0,0,0,0,0
2023 Tim Hortons Brier,4d32e805,2,0,0,-2,0,0,0,-2,8,0,0,1,-2,0
2023 Tim Hortons Brier,4d32e805,0,2,0,1,0,0,0,-1,7,1,0,0,2,0
2023 Tim Hortons Brier,4d32e805,0,-7,-1,3,-1,-1,2,-2,6,0,0,1,1,0
2023 Tim Hortons Brier,4d32e805,2,1,0,0,0,0,0,-3,5,0,0,0,-2,0
2023 Tim Hortons Brier,4d32e805,0,-2,0,0,0,0,0,-2,4,1,0,1,2,0
2023 Tim Hortons Brier,4d32e805,0,-2,2,2,0,0,0,-3,3,0,0,0,-1,0
2023 Tim Hortons Brier,4d32e805,-1,2,-2,0,0,0,0,-2,2,1,0,1,0,0
2023 Tim Hortons Brier,4d32e805,-2,0,0,-2,0,0,0,-1,1,1,0,0,0,0
2023 Tim Hortons Brier,4d32e805,0,0,0,-4,1,1,0,0,0,1,0,1,-2,0
2023 Tim Hortons Brier,3e57ea80,-1,1,3,0,0,0,0,-1,9,0,0,0,-1,1
2023 Tim Hortons Brier,3e57ea80,0,1,2,-2,1,1,0,0,8,1,0,1,1,1
2023 Tim Hortons Brier,3e57ea80,0,0,1,0,0,0,0,-1,7,0,0,0,-2,1
2023 Tim Hortons Brier,3e57ea80,0,-1,1,1,0,0,0,0,6,1,0,1,2,1
2023 Tim Hortons Brier,3e57ea80,0,2,3,0,-1,-1,0,-1,5,0,0,0,-1,1
2023 Tim Hortons Brier,3e57ea80,-2,-1,-2,1,0,0,0,0,4,1,0,1,1,1
2023 Tim Hortons Brier,3e57ea80,-2,0,-2,0,0,0,0,-1,3,0,0,0,0,1
2023 Tim Hortons Brier,3e57ea80,0,0,0,0,0,0,0,-2,2,0,0,1,0,1
2023 Tim Hortons Brier,3e57ea80,0,-1,-1,-1,0,0,0,-3,1,0,0,0,0,1
2023 Tim Hortons Brier,3e57ea80,2,-1,0,4,-1,-1,0,-4,0,0,0,1,1,1
2023 Tim Hortons Brier,e49e5359,-4,-1,-2,2,0,1,0,1,9,1,1,0,0,1
2023 Tim Hortons Brier,e49e5359,4,3,0,-1,0,0,0,2,8,1,1,1,1,1
2023 Tim Hortons Brier,e49e5359,-2,2,-1,2,0,0,0,1,7,0,1,0,-1,1
2023 Tim Hortons Brier,e49e5359,0,0,1,1,0,0,0,2,6,1,1,1,1,1
2023 Tim Hortons Brier,e49e5359,0,1,4,-1,0,0,0,1,5,0,1,0,-1,1
2023 Tim Hortons Brier,e49e5359,0,1,-1,-3,1,1,0,2,4,1,1,1,1,1
2023 Tim Hortons Brier,e49e5359,0,4,2,0,0,0,0,1,3,0,1,0,-1,1
2023 Tim Hortons Brier,e49e5359,0,2,0,2,0,0,-1,2,2,1,1,1,3,1
2023 Tim Hortons Brier,e49e5359,-3,-1,0,0,0,0,1,1,1,0,1,0,-2,1
2023 Tim Hortons Brier,e49e5359,0,-2,2,1,0,0,0,2,0,1,1,1,1,1
2023 Tim Hortons Brier,5fbef69d,1,-2,-1,1,0,0,0,-1,9,0,0,0,-1,0
2023 Tim Hortons Brier,5fbef69d,2,0,1,3,0,0,0,0,8,1,0,1,2,0
2023 Tim Hortons Brier,5fbef69d,4,3,1,-4,1,-1,1,-1,7,0,0,0,-3,0
2023 Tim Hortons Brier,5fbef69d,0,-2,0,-4,1,1,0,0,6,1,0,1,-1,0
2023 Tim Hortons Brier,5fbef69d,1,3,-6,-4,0,0,0,1,5,1,0,0,-1,0
2023 Tim Hortons Brier,5fbef69d,0,0,0,0,0,0,0,2,4,1,0,1,1,0
2023 Tim Hortons Brier,5fbef69d,0,-2,0,-1,0,0,0,1,3,0,0,0,-1,0
2023 Tim Hortons Brier,5fbef69d,0,0,-1,0,0,0,0,2,2,1,0,1,1,0
2023 Tim Hortons Brier,5fbef69d,0,2,0,3,0,0,0,1,1,0,0,0,1,0
2023 Tim Hortons Brier,5fbef69d,0,-1,-2,-1,0,0,0,0,0,0,0,1,-1,0
2023 Tim Hortons Brier,93135e79,4,-1,0,-4,1,1,-1,1,9,1,1,0,1,1
2023 Tim Hortons Brier,93135e79,1,3,3,2,-1,-1,0,0,8,0,1,1,-1,1
2023 Tim Hortons Brier,93135e79,3,-3,0,0,0,0,0,1,7,1,1,0,1,1
2023 Tim Hortons Brier,93135e79,0,0,-1,2,0,0,0,0,6,0,1,1,-1,1
2023 Tim Hortons Brier,93135e79,-1,-2,0,0,0,0,0,1,5,1,1,0,0,1
2023 Tim Hortons Brier,93135e79,0,-2,-1,5,-1,0,-1,2,4,1,1,1,2,1
2023 Tim Hortons Brier,93135e79,0,-1,2,0,0,0,0,1,3,0,1,0,-1,1
2023 Tim Hortons Brier,93135e79,-1,-3,0,0,0,0,0,2,2,1,1,1,1,1
2023 Tim Hortons Brier,93135e79,0,0,1,6,-1,-1,0,1,1,0,1,0,1,1
2023 Tim Hortons Brier,63a3d195,2,-3,0,-2,0,0,0,-1,9,0,0,0,0,1
2023 Tim Hortons Brier,63a3d195,-1,1,0,0,0,0,0,-2,8,0,0,1,0,1
2023 Tim Hortons Brier,63a3d195,0,0,-3,0,0,0,0,-3,7,0,0,0,-3,1
2023 Tim Hortons Brier,63a3d195,3,-3,2,5,0,1,0,-2,6,1,0,1,3,1
2023 Tim Hortons Brier,63a3d195,1,2,2,-2,0,0,0,-3,5,0,0,0,-2,1
2023 Tim Hortons Brier,63a3d195,0,-1,0,4,-1,0,-1,-2,4,1,0,1,2,1
2023 Tim Hortons Brier,63a3d195,-1,2,3,0,0,0,0,-2,2,1,0,1,2,1
2023 Tim Hortons Brier,63a3d195,-2,0,-1,4,-1,-1,0,-3,1,0,0,0,-1,1
2023 Tim Hortons Brier,63a3d195,1,3,1,0,0,0,0,-2,0,1,0,1,2,1
2023 Tim Hortons Brier,2d8536b2,0,0,2,0,0,0,0,-1,9,0,0,0,0,0
2023 Tim Hortons Brier,2d8536b2,0,0,2,4,0,0,0,-2,8,0,0,1,1,0
2023 Tim Hortons Brier,2d8536b2,3,1,4,1,0,0,0,-3,7,0,0,0,-1,0
2023 Tim Hortons Brier,2d8536b2,0,1,0,0,0,0,0,-2,6,1,0,1,1,0
2023 Tim Hortons Brier,2d8536b2,0,0,0,0,0,0,0,-3,5,0,0,0,0,0
2023 Tim Hortons Brier,2d8536b2,0,-2,3,4,-1,-2,1,-4,4,0,0,1,0,0
2023 Tim Hortons Brier,2d8536b2,2,-1,1,0,0,0,0,-5,3,0,0,0,-1,0
2023 Tim Hortons Brier,2d8536b2,-1,1,0,0,0,0,0,-4,2,1,0,1,0,0
2023 Tim Hortons Brier,2d8536b2,0,1,0,0,0,0,0,-3,1,1,0,0,1,0
2023 Tim Hortons Brier,2d8536b2,0,0,1,0,0,0,0,-4,0,0,0,1,-3,0
2023 Tim Hortons Brier,6dbc7718,0,-3,-1,2,0,0,0,-1,9,0,0,0,0,0
2023 Tim Hortons Brier,6dbc7718,0,5,2,4,0,-1,0,-2,8,0,0,1,2,0
2023 Tim Hortons Brier,6dbc7718,-2,0,-6,0,1,0,1,-3,7,0,0,0,-3,0
2023 Tim Hortons Brier,6dbc7718,0,-1,1,-5,0,0,0,-2,6,1,0,1,-3,0
2023 Tim Hortons Brier,6dbc7718,0,-3,0,-2,0,1,0,-1,5,1,0,0,-2,0
2023 Tim Hortons Brier,6dbc7718,0,0,2,0,0,0,0,0,4,1,0,1,0,0
2023 Tim Hortons Brier,6dbc7718,1,-2,1,1,0,0,0,1,3,1,0,0,1,0
2023 Tim Hortons Brier,6dbc7718,0,-2,-2,0,0,0,0,0,2,0,0,1,-1,0
