event,game,delta_lead,delta_second,delta_third,delta_fourth,delta_backend_zeroes,ends_remaining,team_a_hammer,LSFE_a,is_even_end,a_margin,a_win_game
2026 Scotties Tournament of Hearts,3d0c0566,-3,-3,-2,1,0,9,1,1,0,1,0
2026 Scotties Tournament of Hearts,3d0c0566,-2,4,2,-2,1,8,0,1,1,-1,0
2026 Scotties Tournament of Hearts,3d0c0566,2,1,-5,-4,2,7,1,1,0,-1,0
2026 Scotties Tournament of Hearts,3d0c0566,1,2,4,-2,1,6,1,1,1,1,0
2026 Scotties Tournament of Hearts,3d0c0566,4,0,0,-4,0,5,0,1,0,-3,0
2026 Scotties Tournament of Hearts,3d0c0566,1,3,0,-2,0,4,1,1,1,0,0
2026 Scotties Tournament of Hearts,3d0c0566,-2,0,-7,0,1,3,1,1,0,0,0
2026 Scotties Tournament of Hearts,3d0c0566,1,5,4,1,0,2,1,1,1,3,0
2026 Scotties Tournament of Hearts,3d0c0566,0,2,4,0,0,1,0,1,0,-1,0
2026 Scotties Tournament of Hearts,3d0c0566,1,0,0,-4,1,0,1,1,1,-1,0
2026 Scotties Tournament of Hearts,ffed4f6f,0,2,-7,0,1,9,1,1,0,1,1
2026 Scotties Tournament of Hearts,ffed4f6f,0,3,0,2,0,8,0,1,1,-1,1
2026 Scotties Tournament of Hearts,ffed4f6f,2,0,-1,-2,1,7,1,1,0,0,1
2026 Scotties Tournament of Hearts,ffed4f6f,1,1,-1,2,0,6,1,1,1,1,1
2026 Scotties Tournament of Hearts,ffed4f6f,-2,0,0,0,0,5,0,1,0,0,1
2026 Scotties Tournament of Hearts,ffed4f6f,1,-1,4,4,-1,4,0,1,1,-1,1
2026 Scotties Tournament of Hearts,ffed4f6f,0,2,-1,4,0,3,1,1,0,4,1
2026 Scotties Tournament of Hearts,ffed4f6f,-1,2,2,0,0,2,0,1,1,-2,1
2026 Scotties Tournament of Hearts,ffed4f6f,0,-1,-2,-5,1,1,1,1,0,-3,1
2026 Scotties Tournament of Hearts,ffed4f6f,-2,3,-1,-2,0,0,1,1,1,3,1
2026 Scotties Tournament of Hearts,8ccb5d11,0,-1,0,1,0,9,1,1,0,1,1
2026 Scotties Tournament of Hearts,8ccb5d11,0,1,0,-4,1,8,0,1,1,-2,1
2026 Scotties Tournament of Hearts,8ccb5d11,1,1,0,-3,0,7,1,1,0,-1,1
2026 Scotties Tournament of Hearts,8ccb5d11,0,0,1,1,0,6,1,1,1,2,1
2026 Scotties Tournament of Hearts,8ccb5d11,0,3,3,0,0,5,0,1,0,-1,1
2026 Scotties Tournament of Hearts,8ccb5d11,1,1,-5,1,1,4,1,1,1,1,1
2026 Scotties Tournament of Hearts,8ccb5d11,0,1,-1,-3,0,3,0,1,0,-3,1
2026 Scotties Tournament of Hearts,8ccb5d11,0,6,2,3,0,2,1,1,1,3,1
2026 Scotties Tournament of Hearts,8ccb5d11,1,-1,0,5,-1,1,0,1,0,-1,1
2026 Scotties Tournament of Hearts,8ccb5d11,-4,0,4,0,0,0,1,1,1,2,1
2026 Scotties Tournament of Hearts,83f4211c,-3,0,-2,-1,0,9,1,1,0,-1,0
2026 Scotties Tournament of Hearts,83f4211c,0,1,-2,-1,0,8,1,1,1,1,0
2026 Scotties Tournament of Hearts,83f4211c,4,-1,0,-2,0,7,0,1,0,-2,0
2026 Scotties Tournament of Hearts,83f4211c,1,2,0,2,0,6,1,1,1,2,0
2026 Scotties Tournament of Hearts,83f4211c,1,0,0,3,-1,5,0,1,0,1,0
2026 Scotties Tournament of Hearts,83f4211c,-1,-2,0,-4,0,4,0,1,1,-2,0
2026 Scotties Tournament of Hearts,83f4211c,0,-2,-2,0,0,3,1,1,0,0,0
2026 Scotties Tournament of Hearts,83f4211c,2,2,1,0,0,2,1,1,1,0,0
2026 Scotties Tournament of Hearts,83f4211c,-2,-1,1,-4,1,1,1,1,0,-2,0
2026 Scotties Tournament of Hearts,83f4211c,0,-1,-2,-6,1,0,1,1,1,-2,0
2026 Scotties Tournament of Hearts,d0e16603,-2,-3,-3,-1,0,9,0,0,0,-3,0
2026 Scotties Tournament of Hearts,d0e16603,-2,1,-2,0,1,8,1,0,1,1,0
2026 Scotties Tournament of Hearts,d0e16603,-3,-1,-1,-2,0,7,0,0,0,-3,0
2026 Scotties Tournament of Hearts,d0e16603,3,-2,-1,-2,1,6,1,0,1,-1,0
2026 Scotties Tournament of Hearts,d0e16603,0,0,1,2,0,5,1,0,0,2,0
2026 Scotties Tournament of Hearts,d0e16603,2,1,-1,-3,0,4,0,0,1,-3,0
2026 Scotties Tournament of Hearts,d0e16603,3,4,1,2,-1,3,1,0,0,1,0
2026 Scotties Tournament of Hearts,d0e16603,-2,-3,2,-1,0,2,0,0,1,-3,0
2026 Scotties Tournament of Hearts,abb0266a,0,2,1,-4,1,9,1,1,0,1,1
2026 Scotties Tournament of Hearts,abb0266a,1,4,2,6,-1,8,0,1,1,2,1
2026 Scotties Tournament of Hearts,abb0266a,6,5,-4,4,-1,7,0,1,0,-1,1
2026 Scotties Tournament of Hearts,abb0266a,4,-1,3,7,-1,6,1,1,1,3,1
2026 Scotties Tournament of Hearts,abb0266a,-3,1,-3,-5,0,5,0,1,0,-3,1
2026 Scotties Tournament of Hearts,abb0266a,4,-2,1,0,0,4,1,1,1,0,1
2026 Scotties Tournament of Hearts,abb0266a,4,2,2,6,-1,3,1,1,0,2,1
2026 Scotties Tournament of Hearts,abb0266a,0,-2,2,0,0,2,0,1,1,-1,1
2026 Scotties Tournament of Hearts,abb0266a,0,1,-1,0,0,1,1,1,0,1,1
2026 Scotties Tournament of Hearts,815df206,-1,1,2,1,1,9,1,1,0,3,1
2026 Scotties Tournament of Hearts,815df206,0,2,3,1,0,8,0,1,1,1,1
2026 Scotties Tournament of Hearts,815df206,1,1,1,-2,0,7,0,1,0,-2,1
2026 Scotties Tournament of Hearts,815df206,-3,0,1,4,0,6,1,1,1,1,1
2026 Scotties Tournament of Hearts,815df206,0,1,2,0,0,5,0,1,0,-1,1
2026 Scotties Tournament of Hearts,815df206,0,3,2,3,0,4,1,1,1,2,1
2026 Scotties Tournament of Hearts,815df206,0,3,3,1,0,3,0,1,0,-1,1
2026 Scotties Tournament of Hearts,815df206,1,0,1,3,0,2,1,1,1,3,1
2026 Scotties Tournament of Hearts,c42e13e9,-2,0,1,0,0,9,0,0,0,-1,0
2026 Scotties Tournament of Hearts,c42e13e9,3,4,0,3,0,8,1,0,1,3,0
2026 Scotties Tournament of Hearts,c42e13e9,0,1,0,3,-1,7,0,0,0,2,0
2026 Scotties Tournament of Hearts,c42e13e9,1,2,0,1,0,6,0,0,1,-1,0
2026 Scotties Tournament of Hearts,c42e13e9,-3,4,5,-4,0,5,1,0,0,1,0
2026 Scotties Tournament of Hearts,c42e13e9,0,-2,3,-1,0,4,0,0,1,-4,0
2026 Scotties Tournament of Hearts,c42e13e9,-1,1,1,-2,0,3,1,0,0,1,0
2026 Scotties Tournament of Hearts,c42e13e9,0,-1,-1,0,0,2,0,0,1,-1,0
2026 Scotties Tournament of Hearts,c42e13e9,0,1,-6,-5,2,1,1,0,0,-3,0
2026 Scotties Tournament of Hearts,c48410cb,0,0,3,0,0,9,1,1,0,0,1
2026 Scotties Tournament of Hearts,c48410cb,0,0,0,4,0,8,1,1,1,3,1
2026 Scotties Tournament of Hearts,c48410cb,0,0,1,5,-1,7,0,1,0,2,1
2026 Scotties Tournament of Hearts,c48410cb,0,0,-1,0,0,6,0,1,1,-2,1
2026 Scotties Tournament of Hearts,c48410cb,1,-2,0,0,0,5,1,1,0,1,1
2026 Scotties Tournament of Hearts,c48410cb,-2,1,3,0,0,4,0,1,1,-1,1
2026 Scotties Tournament of Hearts,c48410cb,3,-2,1,5,-1,3,1,1,0,2,1
2026 Scotties Tournament of Hearts,c48410cb,-1,-2,5,1,-1,2,0,1,1,-1,1
2026 Scotties Tournament of Hearts,c48410cb,0,0,2,1,0,1,1,1,0,3,1
2026 Scotties Tournament of Hearts,587dc2ea,4,0,2,-1,-1,9,1,1,0,1,1
2026 Scotties Tournament of Hearts,587dc2ea,0,-2,2,1,0,8,0,1,1,-1,1
2026 Scotties Tournament of Hearts,587dc2ea,-3,0,2,-3,1,7,1,1,0,1,1
2026 Scotties Tournament of Hearts,587dc2ea,5,-1,-2,7,-1,6,0,1,1,1,1
2026 Scotties Tournament of Hearts,587dc2ea,-1,0,-3,3,-2,5,0,1,0,-1,1
2026 Scotties Tournament of Hearts,587dc2ea,-2,0,1,4,0,4,1,1,1,2,1
2026 Scotties Tournament of Hearts,587dc2ea,-1,-2,4,3,-3,3,0,1,0,-1,1
2026 Scotties Tournament of Hearts,587dc2ea,1,5,2,4,-1,2,1,1,1,2,1
2026 Scotties Tournament of Hearts,587dc2ea,-2,-4,3,6,-1,1,0,1,0,4,1
2026 Scotties Tournament of Hearts,fc28c8f8,-4,-2,0,6,-2,9,0,0,0,1,1
2026 Scotties Tournament of Hearts,fc28c8f8,3,-3,1,-5,0,8,0,0,1,-2,1
2026 Scotties Tournament of Hearts,fc28c8f8,-6,-1,-4,-1,0,7,1,0,0,1,1
2026 Scotties Tournament of Hearts,fc28c8f8,-2,-1,-2,-3,0,6,0,0,1,-2,1
2026 Scotties Tournament of Hearts,fc28c8f8,0,0,-2,6,-1,5,1,0,0,4,1
2026 Scotties Tournament of Hearts,fc28c8f8,1,3,2,5,-1,4,0,0,1,1,1
2026 Scotties Tournament of Hearts,fc28c8f8,1,4,3,-1,0,3,0,0,0,-1,1
2026 Scotties Tournament of Hearts,fc28c8f8,1,1,2,-5,1,2,1,0,1,1,1
2026 Scotties Tournament of Hearts,fc28c8f8,-1,1,4,4,-2,1,0,0,0,2,1
2026 Scotties Tournament of Hearts,a00a6162,0,-2,-5,3,-1,9,0,0,0,1,0
2026 Scotties Tournament of Hearts,a00a6162,1,1,1,1,0,8,0,0,1,-1,0
2026 Scotties Tournament of Hearts,a00a6162,0,-2,-1,4,0,7,1,0,0,2,0
2026 Scotties Tournament of Hearts,a00a6162,2,2,-2,-5,1,6,0,0,1,-2,0
2026 Scotties Tournament of Hearts,a00a6162,-1,2,-1,4,-1,5,1,0,0,2,0
2026 Scotties Tournament of Hearts,a00a6162,4,3,-1,-5,0,4,0,0,1,-2,0
2026 Scotties Tournament of Hearts,a00a6162,0,3,2,1,0,3,1,0,0,1,0
2026 Scotties Tournament of Hearts,a00a6162,-5,3,-6,0,1,2,0,0,1,0,0
2026 Scotties Tournament of Hearts,a00a6162,0,0,-1,-2,0,1,0,0,0,0,0
2026 Scotties Tournament of Hearts,84c5cba8,-3,0,-1,1,0,9,1,1,0,2,0
2026 Scotties Tournament of Hearts,84c5cba8,-4,1,0,1,0,8,0,1,1,-1,0
2026 Scotties Tournament of Hearts,84c5cba8,-1,1,-2,-4,1,7,1,1,0,-2,0
2026 Scotties Tournament of Hearts,84c5cba8,1,-2,1,0,0,6,1,1,1,2,0
2026 Scotties Tournament of Hearts,84c5cba8,3,1,1,-2,0,5,0,1,0,-2,0
2026 Scotties Tournament of Hearts,84c5cba8,-2,2,1,0,1,4,1,1,1,1,0
2026 Scotties Tournament of Hearts,84c5cba8,1,1,1,-1,0,3,0,1,0,-1,0
2026 Scotties Tournament of Hearts,84c5cba8,-1,1,0,0,0,2,1,1,1,1,0
2026 Scotties Tournament of Hearts,84c5cba8,3,0,-2,-8,2,1,0,1,0,-5,0
2026 Scotties Tournament of Hearts,fbf35df9,0,5,-2,-3,0,9,0,0,0,-2,1
2026 Scotties Tournament of Hearts,fbf35df9,1,3,0,4,0,8,1,0,1,4,1
2026 Scotties Tournament of Hearts,fbf35df9,2,4,2,2,0,7,0,0,0,1,1
2026 Scotties Tournament of Hearts,fbf35df9,0,-3,1,0,-1,6,0,0,1,-1,1
2026 Scotties Tournament of Hearts,fbf35df9,0,-2,2,-1,1,5,1,0,0,1,1
2026 Scotties Tournament of Hearts,fbf35df9,-1,-1,-3,-1,0,4,0,0,1,-2,1
2026 Scotties Tournament of Hearts,fbf35df9,-1,3,2,2,-1,3,1,0,0,3,1
2026 Scotties Tournament of Hearts,fbf35df9,0,-2,1,4,-1,2,0,0,1,1,1
2026 Scotties Tournament of Hearts,55c8b315,0,0,-4,0,0,9,1,1,0,1,1
2026 Scotties Tournament of Hearts,55c8b315,2,-3,0,0,0,8,0,1,1,-1,1
2026 Scotties Tournament of Hearts,55c8b315,1,3,0,2,0,7,1,1,0,2,1
2026 Scotties Tournament of Hearts,55c8b315,-3,0,-3,-1,0,6,0,1,1,-2,1
2026 Scotties Tournament of Hearts,55c8b315,-2,2,0,2,0,5,1,1,0,2,1
2026 Scotties Tournament of Hearts,55c8b315,-1,2,2,-2,0,4,0,1,1,-2,1
2026 Scotties Tournament of Hearts,55c8b315,0,5,0,2,0,3,1,1,0,2,1
2026 Scotties Tournament of Hearts,55c8b315,1,1,0,0,0,2,0,1,1,-1,1
2026 Scotties Tournament of Hearts,55c8b315,3,0,0,3,0,1,1,1,0,2,1
2026 Scotties Tournament of Hearts,2d18686d,-4,0,0,2,-1,9,0,0,0,0,0
2026 Scotties Tournament of Hearts,2d18686d,0,0,-2,-4,1,8,0,0,1,-3,0
2026 Scotties Tournament of Hearts,2d18686d,-3,-2,-1,0,1,7,1,0,0,2,0
2026 Scotties Tournament of Hearts,2d18686d,3,0,2,-1,0,6,0,0,1,-1,0
2026 Scotties Tournament of Hearts,2d18686d,-3,2,-3,-5,1,5,1,0,0,-2,0
2026 Scotties Tournament of Hearts,2d18686d,1,5,0,4,0,4,1,0,1,2,0
2026 Scotties Tournament of Hearts,2d18686d,1,0,0,3,-1,3,0,0,0,0,0
2026 Scotties Tournament of Hearts,2d18686d,-1,0,-1,0,0,2,0,0,1,-1,0
2026 Scotties Tournament of Hearts,2d18686d,-1,0,2,-1,0,1,1,0,0,1,0
2026 Scotties Tournament of Hearts,2d18686d,1,1,1,-2,0,0,0,0,1,-1,0
2026 Scotties Tournament of Hearts,b1e4940a,3,-6,3,1,-1,9,0,0,0,-1,0
2026 Scotties Tournament of Hearts,b1e4940a,-6,-1,-3,-7,2,8,1,0,1,-2,0
2026 Scotties Tournament of Hearts,b1e4940a,1,3,1,-3,1,7,1,0,0,1,0
2026 Scotties Tournament of Hearts,b1e4940a,3,-2,-6,4,0,6,0,0,1,-1,0
2026 Scotties Tournament of Hearts,b1e4940a,-1,2,-1,-7,1,5,1,0,0,-4,0
2026 Scotties Tournament of Hearts,b1e4940a,1,-3,-2,2,0,4,1,0,1,2,0
2026 Scotties Tournament of Hearts,b1e4940a,4,-1,-3,0,0,3,0,0,0,-3,0
2026 Scotties Tournament of Hearts,b1e4940a,0,-2,0,-1,0,2,1,0,1,1,0
2026 Scotties Tournament of Hearts,c5797d28,1,0,1,-1,0,9,1,1,0,2,1
2026 Scotties Tournament of Hearts,c5797d28,1,2,0,0,0,8,0,1,1,-1,1
2026 Scotties Tournament of Hearts,c5797d28,-2,0,1,-1,0,7,1,1,0,0,1
2026 Scotties Tournament of Hearts,c5797d28,0,1,2,3,0,6,1,1,1,3,1
2026 Scotties Tournament of Hearts,c5797d28,0,1,1,0,0,5,0,1,0,0,1
2026 Scotties Tournament of Hearts,c5797d28,1,0,0,6,-1,4,0,1,1,3,1
2026 Scotties Tournament of Hearts,c5797d28,-4,4,2,0,0,3,0,1,0,0,1
2026 Scotties Tournament of Hearts,c5797d28,4,0,0,3,0,2,0,1,1,-1,1
2026 Scotties Tournament of Hearts,9cc23bcf,4,3,3,4,0,9,0,0,0,0,1
2026 Scotties Tournament of Hearts,9cc23bcf,0,2,2,0,-1,8,0,0,1,0,1
2026 Scotties Tournament of Hearts,9cc23bcf,0,3,4,0,0,7,0,0,0,-1,1
2026 Scotties Tournament of Hearts,9cc23bcf,4,-1,-3,0,0,6,1,0,1,1,1
2026 Scotties Tournament of Hearts,9cc23bcf,0,-1,0,4,-1,5,0,0,0,-1,1
2026 Scotties Tournament of Hearts,9cc23bcf,0,-2,0,-1,0,4,1,0,1,1,1
2026 Scotties Tournament of Hearts,9cc23bcf,1,1,3,0,-1,3,0,0,0,-2,1
2026 Scotties Tournament of Hearts,9cc23bcf,0,0,-2,-1,0,2,1,0,1,-1,1
2026 Scotties Tournament of Hearts,9cc23bcf,0,1,3,0,0,1,1,0,0,2,1
2026 Scotties Tournament of Hearts,9cc23bcf,4,2,2,4,-1,0,0,0,1,2,1
2026 Scotties Tournament of Hearts,f66eed39,0,-3,-2,2,0,9,0,0,0,0,0
2026 Scotties Tournament of Hearts,f66eed39,5,4,1,2,0,8,0,0,1,-1,0
2026 Scotties Tournament of Hearts,f66eed39,-1,-3,-4,1,1,7,1,0,0,-1,0
2026 Scotties Tournament of Hearts,f66eed39,-3,-3,-4,-4,1,6,1,0,1,-3,0
2026 Scotties Tournament of Hearts,f66eed39,1,-7,-5,-4,1,5,1,0,0,-2,0
2026 Scotties Tournament of Hearts,f66eed39,2,4,0,-2,0,4,1,0,1,2,0
2026 Scotties Tournament of Hearts,f66eed39,3,-4,0,-4,1,3,0,0,0,0,0
2026 Scotties Tournament of Hearts,f66eed39,0,0,4,2,0,2,0,0,1,-1,0
2026 Scotties Tournament of Hearts,a33c173c,-1,-2,0,4,-1,9,0,0,0,1,0
2026 Scotties Tournament of Hearts,a33c173c,0,-1,2,1,0,8,0,0,1,-3,0
2026 Scotties Tournament of Hearts,a33c173c,4,-1,-3,-4,1,7,1,0,0,-2,0
2026 Scotties Tournament of Hearts,a33c173c,3,0,-3,-1,0,6,1,0,1,1,0
2026 Scotties Tournament of Hearts,a33c173c,1,-2,5,0,0,5,0,0,0,-2,0
2026 Scotties Tournament of Hearts,a33c173c,0,-2,-5,-3,1,4,1,0,1,-1,0
2026 Scotties Tournament of Hearts,a33c173c,1,-3,-5,0,0,3,1,0,0,-1,0
2026 Scotties Tournament of Hearts,a33c173c,7,-1,-2,2,0,2,1,0,1,2,0
2026 Scotties Tournament of Hearts,bdbd2f46,-3,-2,2,2,0,9,0,0,0,0,0
2026 Scotties Tournament of Hearts,bdbd2f46,-1,2,-3,-3,0,8,0,0,1,-3,0
2026 Scotties Tournament of Hearts,bdbd2f46,-3,0,0,-2,1,7,1,0,0,0,0
2026 Scotties Tournament of Hearts,bdbd2f46,0,0,0,2,-1,6,1,0,1,1,0
2026 Scotties Tournament of Hearts,bdbd2f46,-4,-2,-5,2,0,5,0,0,0,-2,0
2026 Scotties Tournament of Hearts,bdbd2f46,3,-1,0,-2,1,4,1,0,1,1,0
2026 Scotties Tournament of Hearts,bdbd2f46,-4,0,0,-1,0,3,0,0,0,-1,0
2026 Scotties Tournament of Hearts,bdbd2f46,1,2,-1,1,0,2,1,0,1,1,0
2026 Scotties Tournament of Hearts,bdbd2f46,1,-4,-2,-1,0,1,0,0,0,-3,0
2026 Scotties Tournament of Hearts,46d9b860,0,3,0,0,0,9,1,1,0,0,1
2026 Scotties Tournament of Hearts,46d9b860,5,0,0,0,0,8,1,1,1,1,1
2026 Scotties Tournament of Hearts,46d9b860,1,3,0,0,0,7,0,1,0,0,1
2026 Scotties Tournament of Hearts,46d9b860,0,-1,-1,3,0,6,0,1,1,1,1
2026 Scotties Tournament of Hearts,46d9b860,2,0,3,3,-1,5,0,1,0,2,1
2026 Scotties Tournament of Hearts,46d9b860,2,0,1,4,-1,4,0,1,1,2,1
2026 Scotties Tournament of Hearts,46d9b860,-3,3,2,2,0,3,0,1,0,-1,1
2026 Scotties Tournament of Hearts,46d9b860,2,1,1,-3,1,2,1,1,1,-1,1
2026 Scotties Tournament of Hearts,46d9b860,1,0,-4,1,1,1,1,1,0,1,1
2026 Scotties Tournament of Hearts,f175680e,2,-3,-1,3,0,9,0,0,0,1,0
2026 Scotties Tournament of Hearts,f175680e,0,-1,-3,-2,0,8,0,0,1,-1,0
2026 Scotties Tournament of Hearts,f175680e,-2,-4,-2,-2,1,7,1,0,0,-1,0
2026 Scotties Tournament of Hearts,f175680e,1,1,0,3,0,6,1,0,1,1,0
2026 Scotties Tournament of Hearts,f175680e,-1,-3,-1,0,0,5,0,0,0,0,0
2026 Scotties Tournament of Hearts,f175680e,-3,-1,0,0,0,4,0,0,1,-1,0
2026 Scotties Tournament of Hearts,f175680e,0,0,-1,1,0,3,1,0,0,0,0
2026 Scotties Tournament of Hearts,f175680e,-1,0,-3,-1,0,2,1,0,1,-1,0
2026 Scotties Tournament of Hearts,f175680e,0,-4,0,-2,0,1,1,0,0,1,0
2026 Scotties Tournament of Hearts,f175680e,-1,0,0,2,0,0,0,0,1,-2,0
2026 Scotties Tournament of Hearts,e48b2d60,6,0,5,5,-1,9,0,0,0,3,1
2026 Scotties Tournament of Hearts,e48b2d60,1,-2,6,2,-2,8,0,0,1,1,1
2026 Scotties Tournament of Hearts,e48b2d60,1,-4,4,7,-2,7,0,0,0,1,1
2026 Scotties Tournament of Hearts,e48b2d60,1,2,4,1,0,6,0,0,1,-1,1
2026 Scotties Tournament of Hearts,e48b2d60,0,0,-4,1,2,5,1,0,0,2,1
2026 Scotties Tournament of Hearts,e48b2d60,3,6,2,-1,0,4,0,0,1,-2,1
2026 Scotties Tournament of Hearts,e48b2d60,0,4,0,3,0,3,1,0,0,2,1
2026 Scotties Tournament of Hearts,e48b2d60,0,4,-3,0,0,2,0,0,1,-1,1
2026 Scotties Tournament of Hearts,01a9dcd0,1,0,6,-3,0,9,0,0,0,-3,0
2026 Scotties Tournament of Hearts,01a9dcd0,-3,5,-1,-2,1,8,1,0,1,-1,0
2026 Scotties Tournament of Hearts,01a9dcd0,-4,-4,-8,-4,3,7,1,0,0,-1,0
2026 Scotties Tournament of Hearts,01a9dcd0,-1,-6,-2,2,0,6,1,0,1,1,0
2026 Scotties Tournament of Hearts,01a9dcd0,-4,-1,2,-3,0,5,0,0,0,-4,0
2026 Scotties Tournament of Hearts,01a9dcd0,-2,-5,0,-3,0,4,1,0,1,1,0
2026 Scotties Tournament of Hearts,01a9dcd0,5,0,-1,-2,0,3,0,0,0,-1,0
2026 Scotties Tournament of Hearts,01a9dcd0,1,0,-1,0,1,2,1,0,1,2,0
2026 Scotties Tournament of Hearts,b2d1d791,3,0,-2,-3,1,9,1,1,0,-1,0
2026 Scotties Tournament of Hearts,b2d1d791,0,-2,1,2,0,8,1,1,1,1,0
2026 Scotties Tournament of Hearts,b2d1d791,-3,0,-1,0,0,7,0,1,0,0,0
2026 Scotties Tournament of Hearts,b2d1d791,-3,-3,4,-4,0,6,0,1,1,-2,0
2026 Scotties Tournament of Hearts,b2d1d791,-4,-2,-3,-3,0,5,1,1,0,-1,0
2026 Scotties Tournament of Hearts,b2d1d791,2,-1,-2,0,0,4,1,1,1,1,0
2026 Scotties Tournament of Hearts,b2d1d791,3,0,1,-4,1,3,0,1,0,-2,0
2026 Scotties Tournament of Hearts,b2d1d791,0,0,3,0,-1,2,1,1,1,1,0
2026 Scotties Tournament of Hearts,b2d1d791,2,-5,-1,0,0,1,0,1,0,-1,0
2026 Scotties Tournament of Hearts,e99fb3dd,1,0,-2,-1,0,9,1,1,0,1,0
2026 Scotties Tournament of Hearts,e99fb3dd,0,0,2,-1,0,8,0,1,1,-2,0
2026 Scotties Tournament of Hearts,e99fb3dd,2,-2,-1,-3,1,7,1,1,0,-1,0
2026 Scotties Tournament of Hearts,e99fb3dd,2,-4,-2,-5,0,6,1,1,1,-1,0
2026 Scotties Tournament of Hearts,e99fb3dd,-2,-4,1,2,0,5,1,1,0,2,0
2026 Scotties Tournament of Hearts,e99fb3dd,1,-1,0,-3,0,4,0,1,1,-2,0
2026 Scotties Tournament of Hearts,e99fb3dd,1,-1,-3,-4,1,3,1,1,0,-2,0
2026 Scotties Tournament of Hearts,e99fb3dd,-1,1,-3,-2,1,2,1,1,1,1,0
2026 Scotties Tournament of Hearts,e99fb3dd,0,-2,0,-1,0,1,0,1,0,-2,0
2026 Scotties Tournament of Hearts,5cba61c5,0,2,0,0,0,9,1,1,0,1,0
2026 Scotties Tournament of Hearts,5cba61c5,-1,-7,-2,-3,0,8,0,1,1,-3,0
2026 Scotties Tournament of Hearts,5cba61c5,0,0,0,0,0,7,1,1,0,0,0
2026 Scotties Tournament of Hearts,5cba61c5,3,2,-1,-4,2,6,1,1,1,-2,0
2026 Scotties Tournament of Hearts,5cba61c5,-4,-2,0,-2,0,5,1,1,0,1,0
2026 Scotties Tournament of Hearts,5cba61c5,-1,2,3,-5,1,4,0,1,1,-3,0
2026 Scotties Tournament of Hearts,5cba61c5,2,0,-1,-1,0,3,1,1,0,2,0
2026 Scotties Tournament of Hearts,5cba61c5,0,-2,-1,2,0,2,0,1,1,-1,0
2026 Scotties Tournament of Hearts,5cba61c5,0,-2,-2,-4,1,1,1,1,0,-1,0
2026 Scotties Tournament of Hearts,b9168a31,1,2,0,-7,1,9,1,1,0,-2,0
2026 Scotties Tournament of Hearts,b9168a31,1,-3,-2,-2,1,8,1,1,1,1,0
2026 Scotties Tournament of Hearts,b9168a31,2,1,-6,-5,1,7,0,1,0,-3,0
2026 Scotties Tournament of Hearts,b9168a31,0,0,0,-1,0,6,1,1,1,2,0
2026 Scotties Tournament of Hearts,b9168a31,-3,0,1,-3,1,5,0,1,0,-1,0
2026 Scotties Tournament of Hearts,b9168a31,4,2,-1,-5,0,4,1,1,1,-2,0
2026 Scotties Tournament of Hearts,b9168a31,4,4,3,-1,-1,3,1,1,0,2,0
2026 Scotties Tournament of Hearts,b9168a31,0,-1,0,8,-2,2,0,1,1,2,0
2026 Scotties Tournament of Hearts,b9168a31,3,0,4,0,-1,1,0,1,0,-2,0
2026 Scotties Tournament of Hearts,b9168a31,4,0,1,3,-1,0,1,1,1,3,0
2026 Scotties Tournament of Hearts,80e47fed,0,-2,0,1,0,9,0,0,0,-1,1
2026 Scotties Tournament of Hearts,80e47fed,0,1,1,-1,1,8,1,0,1,1,1
2026 Scotties Tournament of Hearts,80e47fed,1,1,2,0,-1,7,0,0,0,0,1
2026 Scotties Tournament of Hearts,80e47fed,2,4,-1,4,-1,6,0,0,1,1,1
2026 Scotties Tournament of Hearts,80e47fed,-2,-1,6,-3,-1,5,0,0,0,-1,1
2026 Scotties Tournament of Hearts,80e47fed,2,-2,-3,-4,1,4,1,0,1,-1,1
2026 Scotties Tournament of Hearts,80e47fed,0,4,0,-3,0,3,1,0,0,1,1
2026 Scotties Tournament of Hearts,80e47fed,-1,2,0,-1,1,2,0,0,1,1,1
2026 Scotties Tournament of Hearts,80e47fed,2,1,3,5,-1,1,0,0,0,1,1
2026 Scotties Tournament of Hearts,80e47fed,4,-2,-2,0,0,0,0,0,1,-2,1
2026 Scotties Tournament of Hearts,80e47fed,3,-1,0,1,0,-1,1,0,0,3,1
2026 Scotties Tournament of Hearts,98d1c1a9,1,4,2,-3,0,9,0,0,0,-1,0
2026 Scotties Tournament of Hearts,98d1c1a9,-4,0,-1,-8,2,8,1,0,1,-4,0
2026 Scotties Tournament of Hearts,98d1c1a9,-1,-1,-3,-3,0,7,1,0,0,-1,0
2026 Scotties Tournament of Hearts,98d1c1a9,0,-2,-2,0,0,6,1,0,1,1,0
2026 Scotties Tournament of Hearts,98d1c1a9,0,4,-2,-3,0,5,0,0,0,-2,0
2026 Scotties Tournament of Hearts,98d1c1a9,2,-2,0,0,0,4,1,0,1,1,0
2026 Scotties Tournament of Hearts,98d1c1a9,4,0,-5,-4,0,3,0,0,0,-2,0
2026 Scotties Tournament of Hearts,98d1c1a9,4,0,-4,-8,2,2,1,0,1,-3,0
2026 Scotties Tournament of Hearts,ae2af812,2,-3,1,2,0,9,0,0,0,-1,1
2026 Scotties Tournament of Hearts,ae2af812,-1,0,0,0,0,8,1,0,1,1,1
2026 Scotties Tournament of Hearts,ae2af812,1,0,1,2,0,7,0,0,0,1,1
2026 Scotties Tournament of Hearts,ae2af812,3,-2,-3,6,-1,6,0,0,1,1,1
2026 Scotties Tournament of Hearts,ae2af812,1,3,1,5,0,5,0,0,0,2,1
2026 Scotties Tournament of Hearts,ae2af812,1,0,5,0,0,4,0,0,1,-1,1
2026 Scotties Tournament of Hearts,ae2af812,-2,3,0,0,0,3,1,0,0,1,1
2026 Scotties Tournament of Hearts,ae2af812,0,-1,6,6,-2,2,0,0,1,3,1
2026 Scotties Tournament of Hearts,2de1a6fd,2,-1,0,0,0,9,0,0,0,-1,1
2026 Scotties Tournament of Hearts,2de1a6fd,0,0,2,3,0,8,1,0,1,3,1
2026 Scotties Tournament of Hearts,2de1a6fd,1,4,4,2,-2,7,0,0,0,1,1
2026 Scotties Tournament of Hearts,2de1a6fd,0,-1,-1,6,-1,6,0,0,1,2,1
2026 Scotties Tournament of Hearts,2de1a6fd,-1,0,1,1,0,5,0,0,0,-1,1
2026 Scotties Tournament of Hearts,2de1a6fd,2,-1,0,-2,0,4,1,0,1,1,1
2026 Scotties Tournament of Hearts,2de1a6fd,-1,2,-1,-4,0,3,0,0,0,-2,1
2026 Scotties Tournament of Hearts,2de1a6fd,-1,3,4,-4,0,2,1,0,1,0,1
2026 Scotties Tournament of Hearts,2de1a6fd,0,3,1,-4,1,1,1,0,0,-1,1
2026 Scotties Tournament of Hearts,64c7593f,2,2,0,0,0,9,1,1,0,0,1
2026 Scotties Tournament of Hearts,64c7593f,0,4,1,2,0,8,1,1,1,3,1
2026 Scotties Tournament of Hearts,64c7593f,5,5,2,-1,0,7,0,1,0,-1,1
2026 Scotties Tournament of Hearts,64c7593f,2,-1,0,0,0,6,1,1,1,0,1
2026 Scotties Tournament of Hearts,64c7593f,3,0,2,3,0,5,1,1,0,3,1
2026 Scotties Tournament of Hearts,64c7593f,2,2,0,-2,0,4,0,1,1,-2,1
2026 Scotties Tournament of Hearts,64c7593f,-1,0,2,0,0,3,1,1,0,0,1
2026 Scotties Tournament of Hearts,64c7593f,4,0,0,-2,0,2,1,1,1,1,1
2026 Scotties Tournament of Hearts,64c7593f,1,0,5,4,-1,1,0,1,0,-1,1
2026 Scotties Tournament of Hearts,4e6204c4,-1,-3,2,1,0,9,1,1,0,0,0
2026 Scotties Tournament of Hearts,4e6204c4,0,1,-2,-5,0,8,1,1,1,-1,0
2026 Scotties Tournament of Hearts,4e6204c4,-2,-1,2,1,0,7,1,1,0,2,0
2026 Scotties Tournament of Hearts,4e6204c4,2,0,-4,0,1,6,0,1,1,-1,0
2026 Scotties Tournament of Hearts,4e6204c4,-1,0,-3,2,0,5,1,1,0,1,0
2026 Scotties Tournament of Hearts,4e6204c4,2,1,2,-3,1,4,0,1,1,-2,0
2026 Scotties Tournament of Hearts,4e6204c4,-2,-4,-1,-2,0,3,1,1,0,-1,0
2026 Scotties Tournament of Hearts,4e6204c4,-2,-4,-4,0,1,2,1,1,1,1,0
2026 Scotties Tournament of Hearts,4e6204c4,4,3,-4,0,0,1,0,1,0,-1,0
2026 Scotties Tournament of Hearts,4e6204c4,-4,0,-2,-5,0,0,1,1,1,-2,0
2026 Scotties Tournament of Hearts,cf95ca5f,-1,3,0,5,-1,9,1,1,0,3,1
2026 Scotties Tournament of Hearts,cf95ca5f,0,-2,3,7,-1,8,0,1,1,3,1
2026 Scotties Tournament of Hearts,cf95ca5f,1,5,6,2,-1,7,0,1,0,-1,1
2026 Scotties Tournament of Hearts,cf95ca5f,2,6,3,-2,1,6,1,1,1,-1,1
2026 Scotties Tournament of Hearts,cf95ca5f,4,0,3,-2,1,5,1,1,0,1,1
2026 Scotties Tournament of Hearts,cf95ca5f,5,2,1,0,0,4,0,1,1,-1,1
2026 Scotties Tournament of Hearts,cf95ca5f,4,4,0,3,0,3,1,1,0,1,1
2026 Scotties Tournament of Hearts,cf95ca5f,0,-1,7,1,-1,2,0,1,1,-1,1
2026 Scotties Tournament of Hearts,cf95ca5f,0,3,6,1,0,1,1,1,0,2,1
2026 Scotties Tournament of Hearts,c1bf85cc,2,0,0,0,0,9,1,1,0,0,1
2026 Scotties Tournament of Hearts,c1bf85cc,4,0,0,0,0,8,1,1,1,2,1
2026 Scotties Tournament of Hearts,c1bf85cc,-1,4,0,2,0,7,0,1,0,-1,1
2026 Scotties Tournament of Hearts,c1bf85cc,-2,2,-2,0,0,6,1,1,1,0,1
2026 Scotties Tournament of Hearts,c1bf85cc,0,0,-3,-1,0,5,1,1,0,1,1
2026 Scotties Tournament of Hearts,c1bf85cc,-2,0,0,0,0,4,0,1,1,0,1
2026 Scotties Tournament of Hearts,c1bf85cc,-1,5,3,0,-1,3,0,1,0,-1,1
2026 Scotties Tournament of Hearts,c1bf85cc,1,1,1,6,-1,2,1,1,1,2,1
2026 Scotties Tournament of Hearts,c1bf85cc,-2,1,-2,1,0,1,0,1,0,-2,1
2026 Scotties Tournament of Hearts,7a0a37e8,0,2,0,3,0,9,1,1,0,2,1
2026 Scotties Tournament of Hearts,7a0a37e8,0,0,2,-2,0,8,0,1,1,-1,1
2026 Scotties Tournament of Hearts,7a0a37e8,-1,4,1,2,0,7,1,1,0,2,1
2026 Scotties Tournament of Hearts,7a0a37e8,1,0,2,0,0,6,0,1,1,2,1
2026 Scotties Tournament of Hearts,7a0a37e8,4,-2,4,5,-2,5,0,1,0,1,1
2026 Scotties Tournament of Hearts,7a0a37e8,0,3,5,4,-2,4,0,1,1,-1,1
2026 Scotties Tournament of Hearts,7a0a37e8,0,0,0,1,0,3,1,1,0,3,1
2026 Scotties Tournament of Hearts,7a0a37e8,0,-2,-1,-1,0,2,0,1,1,-2,1
2026 Scotties Tournament of Hearts,345d1502,-4,2,-1,-4,1,9,1,1,0,-1,0
2026 Scotties Tournament of Hearts,345d1502,3,-4,-2,-2,1,8,1,1,1,1,0
2026 Scotties Tournament of Hearts,345d1502,-1,-4,-3,4,-1,7,0,1,0,-2,0
2026 Scotties Tournament of Hearts,345d1502,1,-1,0,1,0,6,1,1,1,0,0
2026 Scotties Tournament of Hearts,345d1502,0,-2,2,5,-1,5,1,1,0,-1,0
2026 Scotties Tournament of Hearts,345d1502,-1,-5,0,2,0,4,1,1,1,2,0
2026 Scotties Tournament of Hearts,345d1502,2,-1,0,5,0,3,0,1,0,1,0
2026 Scotties Tournament of Hearts,345d1502,-2,0,2,4,-1,2,0,1,1,-1,0
2026 Scotties Tournament of Hearts,345d1502,4,-2,-3,0,0,1,1,1,0,2,0
2026 Scotties Tournament of Hearts,345d1502,1,-1,-3,1,0,0,0,1,1,-7,0
2026 Scotties Tournament of Hearts,58f03392,-3,-2,-2,-2,0,9,1,1,0,0,0
2026 Scotties Tournament of Hearts,58f03392,2,-3,-1,0,1,8,1,1,1,1,0
2026 Scotties Tournament of Hearts,58f03392,-1,0,-3,3,-1,7,0,1,0,-1,0
2026 Scotties Tournament of Hearts,58f03392,-3,0,-5,-6,2,6,1,1,1,-4,0
2026 Scotties Tournament of Hearts,58f03392,1,-2,1,-2,0,5,1,1,0,1,0
2026 Scotties Tournament of Hearts,58f03392,-2,0,-4,5,1,4,0,1,1,1,0
2026 Scotties Tournament of Hearts,58f03392,4,2,-1,2,0,3,0,1,0,1,0
2026 Scotties Tournament of Hearts,58f03392,1,-3,-1,-1,0,2,0,1,1,-3,0
2026 Scotties Tournament of Hearts,58f03392,2,0,0,2,0,1,1,1,0,1,0
2026 Scotties Tournament of Hearts,f4867577,-2,3,1,0,0,9,0,0,0,-1,0
2026 Scotties Tournament of Hearts,f4867577,1,-2,-1,-3,1,8,1,0,1,-2,0
2026 Scotties Tournament of Hearts,f4867577,0,-5,-3,1,0,7,1,0,0,2,0
2026 Scotties Tournament of Hearts,f4867577,-1,0,-2,1,0,6,0,0,1,-2,0
2026 Scotties Tournament of Hearts,f4867577,-3,-3,4,-5,0,5,1,0,0,-1,0
2026 Scotties Tournament of Hearts,f4867577,1,0,-1,0,0,4,1,0,1,1,0
2026 Scotties Tournament of Hearts,f4867577,4,-1,0,6,-1,3,0,0,0,1,0
2026 Scotties Tournament of Hearts,f4867577,-3,2,-1,-2,0,2,0,0,1,-2,0
2026 Scotties Tournament of Hearts,f4867577,2,-2,0,-4,0,1,1,0,0,-1,0
2026 Scotties Tournament of Hearts,a11584ca,0,-1,2,2,0,9,1,1,0,0,0
2026 Scotties Tournament of Hearts,a11584ca,1,-1,0,4,0,8,1,1,1,2,0
2026 Scotties Tournament of Hearts,a11584ca,1,-2,0,-5,1,7,0,1,0,-2,0
2026 Scotties Tournament of Hearts,a11584ca,-1,3,-2,0,0,6,1,1,1,1,0
2026 Scotties Tournament of Hearts,a11584ca,-1,-3,-1,-2,0,5,0,1,0,-2,0
2026 Scotties Tournament of Hearts,a11584ca,1,-2,0,-3,1,4,1,1,1,-1,0
2026 Scotties Tournament of Hearts,a11584ca,0,-4,-3,-2,1,3,1,1,0,-1,0
2026 Scotties Tournament of Hearts,a11584ca,0,-2,-1,4,-1,2,1,1,1,2,0
2026 Scotties Tournament of Hearts,a11584ca,1,0,1,-4,1,1,0,1,0,0,0
2026 Scotties Tournament of Hearts,a11584ca,0,-1,-1,0,0,0,0,1,1,-1,0
2026 Scotties Tournament of Hearts,0b5a2985,3,1,-1,1,0,9,1,1,0,2,1
2026 Scotties Tournament of Hearts,0b5a2985,0,3,2,4,-1,8,0,1,1,1,1
2026 Scotties Tournament of Hearts,0b5a2985,3,1,1,3,-1,7,0,1,0,-1,1
2026 Scotties Tournament of Hearts,0b5a2985,0,-1,-2,2,0,6,1,1,1,1,1
2026 Scotties Tournament of Hearts,0b5a2985,0,-1,1,0,0,5,0,1,0,-1,1
2026 Scotties Tournament of Hearts,0b5a2985,1,-1,4,-1,1,4,1,1,1,2,1
2026 Scotties Tournament of Hearts,0b5a2985,-1,2,2,0,0,3,0,1,0,-1,1
2026 Scotties Tournament of Hearts,0b5a2985,0,-2,-2,-2,0,2,1,1,1,-1,1
2026 Scotties Tournament of Hearts,0b5a2985,1,3,0,-4,1,1,1,1,0,-1,1
2026 Scotties Tournament of Hearts,0b5a2985,0,3,0,-2,0,0,1,1,1,1,1
2026 Scotties Tournament of Hearts,8f56a10b,0,3,3,2,0,9,1,1,0,2,1
2026 Scotties Tournament of Hearts,8f56a10b,2,0,2,-1,0,8,0,1,1,-1,1
2026 Scotties Tournament of Hearts,8f56a10b,1,-1,-4,4,0,7,1,1,0,3,1
2026 Scotties Tournament of Hearts,8f56a10b,1,1,2,5,-1,6,0,1,1,2,1
2026 Scotties Tournament of Hearts,8f56a10b,1,2,4,2,0,5,0,1,0,1,1
2026 Scotties Tournament of Hearts,8f56a10b,-4,-2,0,1,0,4,0,1,1,-1,1
2026 Scotties Tournament of Hearts,8f56a10b,0,4,5,7,-1,3,1,1,0,4,1
2026 Scotties Tournament of Hearts,8f56a10b,0,4,-1,0,1,2,0,1,1,-1,1
2026 Scotties Tournament of Hearts,a20f2f8a,1,0,1,1,-1,9,0,0,0,0,0
2026 Scotties Tournament of Hearts,a20f2f8a,-4,0,-4,-1,2,8,0,0,1,-3,0
2026 Scotties Tournament of Hearts,a20f2f8a,-1,4,0,1,-1,7,1,0,0,2,0
2026 Scotties Tournament of Hearts,a20f2f8a,3,2,4,0,0,6,0,0,1,-1,0
2026 Scotties Tournament of Hearts,a20f2f8a,-2,3,1,-5,2,5,1,0,0,-1,0
2026 Scotties Tournament of Hearts,a20f2f8a,4,3,-3,0,0,4,1,0,1,0,0
2026 Scotties Tournament of Hearts,a20f2f8a,-1,-1,-3,-3,0,3,1,0,0,-1,0
2026 Scotties Tournament of Hearts,a20f2f8a,0,0,1,-2,0,2,1,0,1,1,0
2026 Scotties Tournament of Hearts,a20f2f8a,1,-4,7,5,-3,1,0,0,0,2,0
2026 Scotties Tournament of Hearts,a20f2f8a,-2,0,-2,0,0,0,0,0,1,-1,0
2026 Scotties Tournament of Hearts,71f616cb,-1,1,-2,-1,1,9,1,1,0,1,1
2026 Scotties Tournament of Hearts,71f616cb,0,-2,1,-2,0,8,0,1,1,0,1
2026 Scotties Tournament of Hearts,71f616cb,0,0,-3,1,-1,7,0,1,0,-1,1
2026 Scotties Tournament of Hearts,71f616cb,-2,1,0,0,0,6,1,1,1,1,1
2026 Scotties Tournament of Hearts,71f616cb,3,1,1,-1,0,5,0,1,0,0,1
2026 Scotties Tournament of Hearts,71f616cb,0,1,3,5,-1,4,0,1,1,1,1
2026 Scotties Tournament of Hearts,71f616cb,0,0,0,0,0,3,0,1,0,-1,1
2026 Scotties Tournament of Hearts,71f616cb,2,3,0,-8,2,2,1,1,1,-2,1
2026 Scotties Tournament of Hearts,71f616cb,-3,2,0,4,-1,1,1,1,0,2,1
2026 Scotties Tournament of Hearts,71f616cb,2,4,5,5,-1,0,0,1,1,2,1
2026 Scotties Tournament of Hearts,4870fb55,0,1,-1,-1,0,9,0,0,0,-1,0
2026 Scotties Tournament of Hearts,4870fb55,1,-3,1,1,0,8,1,0,1,0,0
2026 Scotties Tournament of Hearts,4870fb55,-2,-3,-1,-4,1,7,1,0,0,-2,0
2026 Scotties Tournament of Hearts,4870fb55,0,0,0,-4,1,6,1,0,1,-1,0
2026 Scotties Tournament of Hearts,4870fb55,1,-4,-4,-2,1,5,1,0,0,-1,0
2026 Scotties Tournament of Hearts,4870fb55,0,0,-3,-5,1,4,1,0,1,-1,0
2026 Scotties Tournament of Hearts,4870fb55,0,2,-1,-1,0,3,1,0,0,1,0
2026 Scotties Tournament of Hearts,4870fb55,0,0,-1,-1,0,2,0,0,1,-3,0
2026 Scotties Tournament of Hearts,f6d21bcd,-6,-1,1,2,-2,9,1,1,0,2,0
2026 Scotties Tournament of Hearts,f6d21bcd,0,1,5,-1,-1,8,0,1,1,-2,0
2026 Scotties Tournament of Hearts,f6d21bcd,-2,2,0,3,0,7,1,1,0,2,0
2026 Scotties Tournament of Hearts,f6d21bcd,-2,1,-1,3,0,6,0,1,1,-2,0
2026 Scotties Tournament of Hearts,f6d21bcd,3,2,2,-6,0,5,1,1,0,-2,0
2026 Scotties Tournament of Hearts,f6d21bcd,1,-1,-4,1,0,4,1,1,1,1,0
2026 Scotties Tournament of Hearts,f6d21bcd,2,-1,-2,1,0,3,0,1,0,-1,0
2026 Scotties Tournament of Hearts,f6d21bcd,-2,1,-1,-3,0,2,1,1,1,0,0
2026 Scotties Tournament of Hearts,f6d21bcd,0,3,0,-6,1,1,1,1,0,-1,0
2026 Scotties Tournament of Hearts,21c84e7b,2,4,-2,5,0,9,1,1,0,2,1
2026 Scotties Tournament of Hearts,21c84e7b,5,1,-4,-2,0,8,0,1,1,-2,1
2026 Scotties Tournament of Hearts,21c84e7b,0,1,3,3,0,7,1,1,0,3,1
2026 Scotties Tournament of Hearts,21c84e7b,0,-4,5,-1,0,6,0,1,1,-1,1
2026 Scotties Tournament of Hearts,21c84e7b,2,0,1,0,-1,5,1,1,0,2,1
2026 Scotties Tournament of Hearts,21c84e7b,-1,3,0,0,0,4,0,1,1,0,1
2026 Scotties Tournament of Hearts,21c84e7b,-2,7,6,3,-1,3,0,1,0,1,1
2026 Scotties Tournament of Hearts,21c84e7b,3,-3,6,5,0,2,0,1,1,5,1
2026 Scotties Tournament of Hearts,51408d13,-1,0,4,2,-1,9,0,0,0,-1,1
2026 Scotties Tournament of Hearts,51408d13,4,4,1,6,0,8,1,0,1,3,1
2026 Scotties Tournament of Hearts,51408d13,0,1,3,5,-1,7,0,0,0,2,1
2026 Scotties Tournament of Hearts,51408d13,2,1,1,6,-1,6,0,0,1,-1,1
2026 Scotties Tournament of Hearts,51408d13,0,0,0,-5,1,5,1,0,0,-1,1
2026 Scotties Tournament of Hearts,51408d13,-2,2,-3,-2,1,4,1,0,1,-1,1
2026 Scotties Tournament of Hearts,51408d13,0,3,0,1,0,3,1,0,0,4,1
2026 Scotties Tournament of Hearts,51408d13,0,2,-4,4,-1,2,0,0,1,-1,1
2026 Scotties Tournament of Hearts,51408d13,1,2,3,1,0,1,1,0,0,3,1
2026 Scotties Tournament of Hearts,b6fe9b78,2,3,0,3,-1,9,0,0,0,-1,0
2026 Scotties Tournament of Hearts,b6fe9b78,0,0,-2,-3,0,8,1,0,1,1,0
2026 Scotties Tournament of Hearts,b6fe9b78,2,0,1,3,-1,7,0,0,0,-1,0
2026 Scotties Tournament of Hearts,b6fe9b78,-3,-1,-2,-3,0,6,1,0,1,-1,0
2026 Scotties Tournament of Hearts,b6fe9b78,-3,-1,-1,-6,1,5,1,0,0,-3,0
2026 Scotties Tournament of Hearts,b6fe9b78,1,1,0,3,0,4,1,0,1,3,0
2026 Scotties Tournament of Hearts,b6fe9b78,4,-1,-3,-4,1,3,0,0,0,-3,0
2026 Scotties Tournament of Hearts,b6fe9b78,4,0,-2,0,0,2,1,0,1,1,0
2026 Scotties Tournament of Hearts,b6fe9b78,0,-1,1,3,0,1,0,0,0,1,0
2026 Scotties Tournament of Hearts,f1992ce0,2,2,3,3,0,9,0,0,0,-1,1
2026 Scotties Tournament of Hearts,f1992ce0,-4,-1,3,6,0,8,1,0,1,4,1
2026 Scotties Tournament of Hearts,f1992ce0,0,-3,-1,3,-1,7,0,0,0,1,1
2026 Scotties Tournament of Hearts,f1992ce0,0,0,2,-3,0,6,0,0,1,-2,1
2026 Scotties Tournament of Hearts,f1992ce0,0,4,0,6,-1,5,1,0,0,4,1
2026 Scotties Tournament of Hearts,f1992ce0,1,0,3,-2,0,4,0,0,1,-2,1
2026 Scotties Tournament of Hearts,f1992ce0,-1,1,0,-1,0,3,1,0,0,1,1
2026 Scotties Tournament of Hearts,f1992ce0,3,1,4,2,-1,2,0,0,1,5,1
2026 Scotties Tournament of Hearts,a913bf18,0,3,3,1,-1,9,0,0,0,-1,0
2026 Scotties Tournament of Hearts,a913bf18,2,1,-2,-1,0,8,1,0,1,1,0
2026 Scotties Tournament of Hearts,a913bf18,-4,0,-2,1,0,7,0,0,0,-1,0
2026 Scotties Tournament of Hearts,a913bf18,0,3,-1,1,0,6,1,0,1,2,0
2026 Scotties Tournament of Hearts,a913bf18,0,-1,2,0,0,5,0,0,0,-1,0
2026 Scotties Tournament of Hearts,a913bf18,1,2,-3,0,0,4,1,0,1,1,0
2026 Scotties Tournament of Hearts,a913bf18,2,0,0,0,0,3,0,0,0,-1,0
2026 Scotties Tournament of Hearts,a913bf18,-1,0,0,-1,0,2,1,0,1,1,0
2026 Scotties Tournament of Hearts,a913bf18,-2,-1,-1,0,0,1,0,0,0,-2,0
2026 Scotties Tournament of Hearts,a913bf18,2,5,0,1,0,0,1,0,1,1,0
2026 Scotties Tournament of Hearts,a913bf18,3,0,0,0,0,-1,0,0,0,-1,0
2026 Scotties Tournament of Hearts,dc47f186,3,-1,2,0,0,9,1,1,0,0,1
2026 Scotties Tournament of Hearts,dc47f186,-1,2,2,-3,0,8,1,1,1,1,1
2026 Scotties Tournament of Hearts,dc47f186,0,3,3,3,-1,7,0,1,0,1,1
2026 Scotties Tournament of Hearts,dc47f186,1,0,5,2,-1,6,0,1,1,1,1
2026 Scotties Tournament of Hearts,dc47f186,-1,-1,3,2,-1,5,0,1,0,-1,1
2026 Scotties Tournament of Hearts,dc47f186,-2,0,1,0,0,4,1,1,1,3,1
2026 Scotties Tournament of Hearts,dc47f186,-1,-3,-2,-1,0,3,0,1,0,-2,1
2026 Scotties Tournament of Hearts,dc47f186,2,1,0,1,0,2,1,1,1,3,1
2026 Scotties Tournament of Hearts,60bbae63,-2,-1,-1,-1,0,9,1,1,0,-1,1
2026 Scotties Tournament of Hearts,60bbae63,-1,-2,-1,-5,1,8,1,1,1,-1,1
2026 Scotties Tournament of Hearts,60bbae63,0,-1,0,-1,0,7,1,1,0,1,1
2026 Scotties Tournament of Hearts,60bbae63,5,-2,3,2,0,6,0,1,1,1,1
2026 Scotties Tournament of Hearts,60bbae63,5,3,-1,4,-1,5,0,1,0,3,1
2026 Scotties Tournament of Hearts,60bbae63,0,0,0,4,-2,4,0,1,1,1,1
2026 Scotties Tournament of Hearts,60bbae63,-3,-2,4,2,0,3,0,1,0,1,1
2026 Scotties Tournament of Hearts,60bbae63,0,2,3,3,0,2,0,1,1,1,1
2026 Scotties Tournament of Hearts,88b2dd64,0,3,2,6,-1,9,1,1,0,3,1
2026 Scotties Tournament of Hearts,88b2dd64,-3,1,0,-1,0,8,0,1,1,-1,1
2026 Scotties Tournament of Hearts,88b2dd64,-1,-2,3,-2,1,7,1,1,0,0,1
2026 Scotties Tournament of Hearts,88b2dd64,2,1,-1,1,0,6,1,1,1,1,1
2026 Scotties Tournament of Hearts,88b2dd64,-2,-6,-2,6,-1,5,0,1,0,1,1
2026 Scotties Tournament of Hearts,88b2dd64,1,3,6,4,-2,4,0,1,1,1,1
2026 Scotties Tournament of Hearts,88b2dd64,0,3,5,4,0,3,0,1,0,2,1
2026 Scotties Tournament of Hearts,88b2dd64,0,2,1,2,0,2,0,1,1,1,1
2026 Scotties Tournament of Hearts,5585e948,3,1,0,-1,0,9,1,1,0,1,0
2026 Scotties Tournament of Hearts,5585e948,3,0,1,2,-1,8,0,1,1,-1,0
2026 Scotties Tournament of Hearts,5585e948,-2,3,1,0,0,7,1,1,0,1,0
2026 Scotties Tournament of Hearts,5585e948,1,0,-3,3,-1,6,0,1,1,-2,0
2026 Scotties Tournament of Hearts,5585e948,2,-1,0,-4,1,5,1,1,0,-1,0
2026 Scotties Tournament of Hearts,5585e948,1,-2,3,1,-1,4,1,1,1,1,0
2026 Scotties Tournament of Hearts,5585e948,0,-1,2,5,-2,3,0,1,0,1,0
2026 Scotties Tournament of Hearts,5585e948,4,1,4,-4,1,2,0,1,1,-2,0
2026 Scotties Tournament of Hearts,5585e948,1,1,-3,4,0,1,1,1,0,2,0
2026 Scotties Tournament of Hearts,88a7c232,1,4,1,1,0,9,1,1,0,0,1
2026 Scotties Tournament of Hearts,88a7c232,2,0,-1,2,0,8,1,1,1,0,1
2026 Scotties Tournament of Hearts,88a7c232,0,0,-2,2,0,7,1,1,0,1,1
2026 Scotties Tournament of Hearts,88a7c232,4,3,1,4,-1,6,0,1,1,1,1
2026 Scotties Tournament of Hearts,88a7c232,0,-1,-1,2,0,5,0,1,0,-2,1
2026 Scotties Tournament of Hearts,88a7c232,0,8,3,2,0,4,1,1,1,3,1
2026 Scotties Tournament of Hearts,88a7c232,-1,-2,3,7,-2,3,0,1,0,1,1
2026 Scotties Tournament of Hearts,88a7c232,-1,-1,5,7,-1,2,0,1,1,3,1
2026 Scotties Tournament of Hearts,c8a48038,1,-4,-1,-4,1,9,1,1,0,-2,0
2026 Scotties Tournament of Hearts,c8a48038,-1,-2,0,2,0,8,1,1,1,1,0
2026 Scotties Tournament of Hearts,c8a48038,5,0,-1,4,-1,7,0,1,0,0,0
2026 Scotties Tournament of Hearts,c8a48038,0,3,0,-6,1,6,0,1,1,-2,0
2026 Scotties Tournament of Hearts,c8a48038,-4,-1,-3,-2,0,5,1,1,0,-1,0
2026 Scotties Tournament of Hearts,c8a48038,1,3,-2,0,0,4,1,1,1,1,0
2026 Scotties Tournament of Hearts,c8a48038,2,-1,-1,-2,0,3,0,1,0,-2,0
2026 Scotties Tournament of Hearts,c8a48038,0,4,0,-1,0,2,1,1,1,-1,0
2026 Scotties Tournament of Hearts,c8a48038,0,0,-4,-1,1,1,1,1,0,-1,0
2026 Scotties Tournament of Hearts,e5d911d8,2,2,-1,-4,1,9,1,1,0,-1,0
2026 Scotties Tournament of Hearts,e5d911d8,-3,-2,-2,-2,0,8,1,1,1,-2,0
2026 Scotties Tournament of Hearts,e5d911d8,-4,3,2,0,0,7,1,1,0,2,0
2026 Scotties Tournament of Hearts,e5d911d8,-1,-6,0,0,0,6,0,1,1,-2,0
2026 Scotties Tournament of Hearts,e5d911d8,0,3,-4,0,1,5,1,1,0,3,0
2026 Scotties Tournament of Hearts,e5d911d8,2,-1,-2,0,0,4,0,1,1,0,0
2026 Scotties Tournament of Hearts,e5d911d8,-3,6,0,-4,0,3,0,1,0,-3,0
2026 Scotties Tournament of Hearts,e5d911d8,0,-4,-2,0,0,2,1,1,1,-1,0
2026 Scotties Tournament of Hearts,e5d911d8,3,-1,-2,0,0,1,1,1,0,1,0
2026 Scotties Tournament of Hearts,a88c6735,-2,-4,5,0,0,9,0,0,0,0,0
2026 Scotties Tournament of Hearts,a88c6735,2,0,0,-3,0,8,0,0,1,-3,0
2026 Scotties Tournament of Hearts,a88c6735,1,-3,-3,-1,0,7,1,0,0,1,0
2026 Scotties Tournament of Hearts,a88c6735,-1,-1,0,-5,0,6,0,0,1,-2,0
2026 Scotties Tournament of Hearts,a88c6735,4,2,-4,-2,1,5,1,0,0,0,0
2026 Scotties Tournament of Hearts,a88c6735,0,-2,-4,2,1,4,1,0,1,1,0
2026 Scotties Tournament of Hearts,a88c6735,-3,-6,-2,-5,1,3,0,0,0,-4,0
2026 Scotties Tournament of Hearts,a88c6735,4,3,-4,-3,0,2,1,0,1,-1,0
2026 Scotties Tournament of Hearts,e617814e,0,-3,-2,0,0,9,1,1,0,0,1
2026 Scotties Tournament of Hearts,e617814e,0,1,-2,4,-1,8,1,1,1,2,1
2026 Scotties Tournament of Hearts,e617814e,-3,-2,-2,-2,1,7,0,1,0,-2,1
2026 Scotties Tournament of Hearts,e617814e,0,-1,-1,2,0,6,1,1,1,1,1
2026 Scotties Tournament of Hearts,e617814e,-1,8,2,5,-1,5,0,1,0,1,1
2026 Scotties Tournament of Hearts,e617814e,2,1,0,-1,0,4,0,1,1,-1,1
2026 Scotties Tournament of Hearts,e617814e,-3,4,-2,2,0,3,1,1,0,2,1
2026 Scotties Tournament of Hearts,e617814e,0,1,-1,4,-1,2,0,1,1,2,1
2026 Scotties Tournament of Hearts,e617814e,0,-4,-1,1,0,1,0,1,0,-1,1
2026 Scotties Tournament of Hearts,061296e0,-1,0,1,0,0,9,0,0,0,-1,0
2026 Scotties Tournament of Hearts,061296e0,-2,-3,-2,-8,2,8,1,0,1,-3,0
2026 Scotties Tournament of Hearts,061296e0,-1,-2,0,-4,1,7,1,0,0,-2,0
2026 Scotties Tournament of Hearts,061296e0,-3,-2,-1,-2,0,6,1,0,1,1,0
2026 Scotties Tournament of Hearts,061296e0,2,-3,-2,-4,1,5,0,0,0,-1,0
2026 Scotties Tournament of Hearts,061296e0,0,-1,-1,-4,0,4,1,0,1,1,0
2026 Scotties Tournament of Hearts,061296e0,-1,-5,0,3,0,3,0,0,0,-1,0
2026 Scotties Tournament of Hearts,061296e0,1,1,-3,3,0,2,1,0,1,2,0
2026 Scotties Tournament of Hearts,061296e0,3,2,-6,-3,1,1,0,0,0,-2,0
2026 Scotties Tournament of Hearts,725622fa,0,0,-2,2,-1,9,0,0,0,0,0
2026 Scotties Tournament of Hearts,725622fa,-2,2,-2,2,-1,8,0,0,1,0,0
2026 Scotties Tournament of Hearts,725622fa,-2,-1,-2,-1,0,7,0,0,0,-3,0
2026 Scotties Tournament of Hearts,725622fa,-2,-4,-1,0,0,6,1,0,1,1,0
2026 Scotties Tournament of Hearts,725622fa,0,0,-3,-5,0,5,0,0,0,-3,0
2026 Scotties Tournament of Hearts,725622fa,-1,0,-2,4,0,4,1,0,1,2,0
2026 Scotties Tournament of Hearts,725622fa,3,-2,-1,4,-1,3,0,0,0,2,0
2026 Scotties Tournament of Hearts,725622fa,2,2,2,-2,0,2,0,0,1,-1,0
2026 Scotties Tournament of Hearts,725622fa,-2,0,-1,0,0,1,1,0,0,1,0
2026 Scotties Tournament of Hearts,725622fa,-2,0,2,3,-1,0,0,0,1,1,0
2026 Scotties Tournament of Hearts,89e35300,0,-1,0,2,-1,9,0,0,0,0,0
2026 Scotties Tournament of Hearts,89e35300,3,-2,0,2,-1,8,0,0,1,0,0
2026 Scotties Tournament of Hearts,89e35300,2,-1,-1,-6,1,7,0,0,0,-4,0
2026 Scotties Tournament of Hearts,89e35300,-1,2,0,2,0,6,1,0,1,2,0
2026 Scotties Tournament of Hearts,89e35300,-2,1,0,0,0,5,0,0,0,-1,0
2026 Scotties Tournament of Hearts,89e35300,-2,-3,-1,0,0,4,1,0,1,1,0
2026 Scotties Tournament of Hearts,89e35300,2,-1,3,0,0,3,0,0,0,0,0
2026 Scotties Tournament of Hearts,89e35300,1,-4,-4,6,-1,2,0,0,1,1,0
2026 Scotties Tournament of Hearts,89e35300,0,-5,5,2,0,1,0,0,0,1,0
2026 Scotties Tournament of Hearts,89e35300,0,-5,0,-3,0,0,0,0,1,-4,0
2026 Scotties Tournament of Hearts,1a30fd94,3,0,-5,1,0,9,1,1,0,1,1
2026 Scotties Tournament of Hearts,1a30fd94,0,2,2,4,0,8,0,1,1,-1,1
2026 Scotties Tournament of Hearts,1a30fd94,2,4,1,-6,1,7,1,1,0,-1,1
2026 Scotties Tournament of Hearts,1a30fd94,-3,2,-1,6,-1,6,1,1,1,2,1
2026 Scotties Tournament of Hearts,1a30fd94,0,-2,1,1,0,5,0,1,0,-1,1
2026 Scotties Tournament of Hearts,1a30fd94,4,-4,2,4,0,4,1,1,1,2,1
2026 Scotties Tournament of Hearts,1a30fd94,2,3,-1,6,0,3,0,1,0,1,1
2026 Scotties Tournament of Hearts,1a30fd94,-1,1,5,7,-1,2,0,1,1,2,1
2026 Scotties Tournament of Hearts,1a30fd94,-1,2,2,3,0,1,0,1,0,-1,1
2026 Scotties Tournament of Hearts,b7488663,0,-3,1,-1,0,9,1,1,0,0,0
2026 Scotties Tournament of Hearts,b7488663,1,2,-3,-1,1,8,1,1,1,1,0
2026 Scotties Tournament of Hearts,b7488663,-3,-3,2,0,0,7,0,1,0,-2,0
2026 Scotties Tournament of Hearts,b7488663,1,0,-3,2,1,6,1,1,1,1,0
2026 Scotties Tournament of Hearts,b7488663,1,0,-6,-3,1,5,0,1,0,-2,0
2026 Scotties Tournament of Hearts,b7488663,1,2,1,0,0,4,1,1,1,1,0
2026 Scotties Tournament of Hearts,b7488663,1,-3,-1,1,0,3,0,1,0,-1,0
2026 Scotties Tournament of Hearts,b7488663,-3,-1,-3,-1,0,2,1,1,1,-1,0
2026 Scotties Tournament of Hearts,b7488663,1,0,-1,-2,0,1,1,1,0,1,0
2026 Scotties Tournament of Hearts,9b302259,-1,0,-1,-1,0,9,0,0,0,-2,0
2026 Scotties Tournament of Hearts,9b302259,3,2,2,1,0,8,1,0,1,2,0
2026 Scotties Tournament of Hearts,9b302259,2,2,-1,-1,0,7,0,0,0,-3,0
2026 Scotties Tournament of Hearts,9b302259,1,-3,-3,-2,1,6,1,0,1,1,0
2026 Scotties Tournament of Hearts,9b302259,-4,-2,-2,2,-1,5,0,0,0,0,0
2026 Scotties Tournament of Hearts,9b302259,4,3,1,-4,0,4,0,0,1,-4,0
2026 Scotties Tournament of Hearts,9b302259,2,-4,-2,-1,0,3,1,0,0,1,0
2026 Scotties Tournament of Hearts,9b302259,3,-2,2,1,0,2,0,0,1,-1,0
2026 Scotties Tournament of Hearts,9b302259,4,4,-3,-1,0,1,1,0,0,1,0
2026 Scotties Tournament of Hearts,97e6424d,0,2,-4,4,-1,9,0,0,0,-1,0
2026 Scotties Tournament of Hearts,97e6424d,-2,-3,-1,-4,1,8,1,0,1,-2,0
2026 Scotties Tournament of Hearts,97e6424d,-5,0,-4,-2,1,7,1,0,0,1,0
2026 Scotties Tournament of Hearts,97e6424d,-2,-3,0,-1,-1,6,0,0,1,-1,0
2026 Scotties Tournament of Hearts,97e6424d,-1,-3,1,-1,0,5,1,0,0,1,0
2026 Scotties Tournament of Hearts,97e6424d,-3,0,1,2,0,4,0,0,1,0,0
2026 Scotties Tournament of Hearts,97e6424d,-2,-2,1,0,0,3,0,0,0,0,0
2026 Scotties Tournament of Hearts,97e6424d,-2,-2,-1,0,0,2,0,0,1,-2,0
2026 Scotties Tournament of Hearts,97e6424d,-2,-2,-1,-2,1,1,1,0,0,1,0
2026 Scotties Tournament of Hearts,d12eec64,-1,0,-1,-1,0,9,1,1,0,0,0
2026 Scotties Tournament of Hearts,d12eec64,-2,1,0,-2,0,8,1,1,1,1,0
2026 Scotties Tournament of Hearts,d12eec64,0,3,-3,-1,0,7,0,1,0,0,0
2026 Scotties Tournament of Hearts,d12eec64,1,-4,0,0,0,6,0,1,1,-1,0
2026 Scotties Tournament of Hearts,d12eec64,1,1,-1,0,0,5,1,1,0,1,0
2026 Scotties Tournament of Hearts,d12eec64,1,-4,-6,0,0,4,0,1,1,-3,0
2026 Scotties Tournament of Hearts,d12eec64,3,-2,-1,-5,0,3,1,1,0,-1,0
2026 Scotties Tournament of Hearts,d12eec64,-3,-3,3,0,0,2,1,1,1,2,0
2026 Scotties Tournament of Hearts,d12eec64,0,-2,0,2,0,1,0,1,0,-1,0
2026 Scotties Tournament of Hearts,d12eec64,3,3,-1,-6,1,0,1,1,1,-2,0
2026 Scotties Tournament of Hearts,fec840b9,-1,4,2,0,0,9,1,1,0,2,1
2026 Scotties Tournament of Hearts,fec840b9,0,2,-1,0,0,8,0,1,1,-1,1
2026 Scotties Tournament of Hearts,fec840b9,4,-2,0,0,0,7,1,1,0,2,1
2026 Scotties Tournament of Hearts,fec840b9,0,0,0,-1,0,6,0,1,1,-1,1
2026 Scotties Tournament of Hearts,fec840b9,0,1,-1,4,-1,5,1,1,0,3,1
2026 Scotties Tournament of Hearts,fec840b9,1,-3,1,0,0,4,0,1,1,-2,1
2026 Scotties Tournament of Hearts,fec840b9,1,3,2,3,0,3,1,1,0,2,1
2026 Scotties Tournament of Hearts,fec840b9,1,-1,2,0,0,2,0,1,1,-2,1
2026 Scotties Tournament of Hearts,fec840b9,0,-1,0,2,0,1,1,1,0,2,1
2026 Scotties Tournament of Hearts,bac29b8b,-1,-2,-4,5,0,9,0,0,0,-2,0
2026 Scotties Tournament of Hearts,bac29b8b,0,1,-2,6,-1,8,1,0,1,2,0
2026 Scotties Tournament of Hearts,bac29b8b,0,-2,1,2,0,7,0,0,0,-1,0
2026 Scotties Tournament of Hearts,bac29b8b,-1,-1,1,0,0,6,1,0,1,2,0
2026 Scotties Tournament of Hearts,bac29b8b,2,-1,2,0,0,5,0,0,0,0,0
2026 Scotties Tournament of Hearts,bac29b8b,0,-1,1,0,0,4,0,0,1,-2,0
2026 Scotties Tournament of Hearts,bac29b8b,0,1,-2,-5,1,3,1,0,0,-1,0
2026 Scotties Tournament of Hearts,bac29b8b,0,1,0,3,0,2,1,0,1,2,0
2026 Scotties Tournament of Hearts,bac29b8b,2,0,4,1,0,1,0,0,0,0,0
2026 Scotties Tournament of Hearts,bac29b8b,-1,-1,-2,0,0,0,0,0,1,-2,0
2026 Scotties Tournament of Hearts,c1481b05,-5,1,0,-4,1,9,1,1,0,-1,0
2026 Scotties Tournament of Hearts,c1481b05,0,-2,-2,6,-1,8,1,1,1,1,0
2026 Scotties Tournament of Hearts,c1481b05,2,0,3,0,0,7,0,1,0,-2,0
2026 Scotties Tournament of Hearts,c1481b05,-1,-3,-3,2,0,6,1,1,1,1,0
2026 Scotties Tournament of Hearts,c1481b05,-3,-1,0,2,0,5,0,1,0,-1,0
2026 Scotties Tournament of Hearts,c1481b05,0,0,-1,1,0,4,1,1,1,0,0
2026 Scotties Tournament of Hearts,c1481b05,0,0,-2,0,0,3,1,1,0,2,0
2026 Scotties Tournament of Hearts,c1481b05,-2,-3,-2,-1,0,2,0,1,1,-2,0
2026 Scotties Tournament of Hearts,c1481b05,0,-6,-2,0,0,1,1,1,0,1,0
2026 Scotties Tournament of Hearts,6f524436,3,1,-1,3,0,9,1,1,0,2,0
2026 Scotties Tournament of Hearts,6f524436,0,-4,-4,-2,0,8,0,1,1,-2,0
2026 Scotties Tournament of Hearts,6f524436,-3,3,-3,-2,0,7,1,1,0,-3,0
2026 Scotties Tournament of Hearts,6f524436,0,-2,-4,-6,1,6,1,1,1,-3,0
2026 Scotties Tournament of Hearts,6f524436,0,-2,-2,-3,1,5,1,1,0,-1,0
2026 Scotties Tournament of Hearts,6f524436,-2,-1,-2,-2,0,4,1,1,1,1,0
2026 Scotties Tournament of Hearts,6f524436,-1,-3,-1,-2,0,3,0,1,0,-1,0
2026 Scotties Tournament of Hearts,6f524436,4,-6,-1,-6,1,2,1,1,1,1,0
2026 Scotties Tournament of Hearts,8a0b0f58,4,2,5,5,0,9,1,1,0,4,1
2026 Scotties Tournament of Hearts,8a0b0f58,0,2,-5,2,0,8,0,1,1,1,1
2026 Scotties Tournament of Hearts,8a0b0f58,2,2,0,3,-1,7,0,1,0,-2,1
2026 Scotties Tournament of Hearts,8a0b0f58,-4,1,0,3,0,6,1,1,1,2,1
2026 Scotties Tournament of Hearts,8a0b0f58,1,-1,1,4,-1,5,0,1,0,2,1
2026 Scotties Tournament of Hearts,8a0b0f58,-2,3,3,-3,0,4,0,1,1,-2,1
2026 Scotties Tournament of Hearts,8a0b0f58,-2,4,-1,3,0,3,1,1,0,2,1
2026 Scotties Tournament of Hearts,8a0b0f58,0,2,0,-1,0,2,0,1,1,-2,1
2026 Scotties Tournament of Hearts,5b83bd6e,2,3,0,2,0,9,0,0,0,0,1
2026 Scotties Tournament of Hearts,5b83bd6e,-1,2,-2,0,0,8,0,0,1,-1,1
2026 Scotties Tournament of Hearts,5b83bd6e,-1,-3,-1,-3,1,7,1,0,0,-1,1
2026 Scotties Tournament of Hearts,5b83bd6e,0,2,-1,-1,0,6,1,0,1,1,1
2026 Scotties Tournament of Hearts,5b83bd6e,-1,-3,2,1,-1,5,0,0,0,1,1
2026 Scotties Tournament of Hearts,5b83bd6e,1,2,1,4,0,4,0,0,1,1,1
2026 Scotties Tournament of Hearts,5b83bd6e,3,0,2,-2,0,3,0,0,0,-2,1
2026 Scotties Tournament of Hearts,5b83bd6e,0,3,1,2,0,2,1,0,1,3,1
2026 Scotties Tournament of Hearts,5b83bd6e,2,2,-1,1,0,1,0,0,0,1,1
2026 Scotties Tournament of Hearts,5b83bd6e,-1,-3,-1,1,0,0,0,0,1,1,1
2026 Scotties Tournament of Hearts,7ceb2113,2,0,-3,-6,0,9,0,0,0,-4,0
2026 Scotties Tournament of Hearts,7ceb2113,1,-2,-1,-1,0,8,1,0,1,1,0
2026 Scotties Tournament of Hearts,7ceb2113,0,-3,-2,0,0,7,0,0,0,-2,0
2026 Scotties Tournament of Hearts,7ceb2113,2,0,0,-6,1,6,1,0,1,-1,0
2026 Scotties Tournament of Hearts,7ceb2113,0,1,-5,-2,2,5,1,0,0,-1,0
2026 Scotties Tournament of Hearts,7ceb2113,1,2,0,-3,0,4,1,0,1,-1,0
2026 Scotties Tournament of Hearts,7ceb2113,0,-3,-1,-2,0,3,1,0,0,1,0
2026 Scotties Tournament of Hearts,7ceb2113,2,-3,1,-1,-1,2,0,0,1,-1,0
2026 Scotties Tournament of Hearts,1e32da98,-1,-2,0,0,0,9,1,1,0,0,1
2026 Scotties Tournament of Hearts,1e32da98,1,2,3,5,0,8,1,1,1,3,1
2026 Scotties Tournament of Hearts,1e32da98,0,-2,2,3,0,7,0,1,0,-1,1
2026 Scotties Tournament of Hearts,1e32da98,-1,2,0,0,0,6,1,1,1,2,1
2026 Scotties Tournament of Hearts,1e32da98,0,4,2,-3,0,5,0,1,0,-2,1
2026 Scotties Tournament of Hearts,1e32da98,1,1,-1,0,0,4,1,1,1,2,1
2026 Scotties Tournament of Hearts,1e32da98,-1,1,1,2,0,3,0,1,0,-1,1
2026 Scotties Tournament of Hearts,1e32da98,0,0,-3,-3,1,2,1,1,1,-1,1
2026 Scotties Tournament of Hearts,1e32da98,0,0,3,5,0,1,1,1,0,5,1
2026 Scotties Tournament of Hearts,63105c8c,0,0,0,1,0,9,0,0,0,0,1
2026 Scotties Tournament of Hearts,63105c8c,0,-1,-2,2,-1,8,0,0,1,1,1
2026 Scotties Tournament of Hearts,63105c8c,0,0,0,0,0,7,0,0,0,0,1
2026 Scotties Tournament of Hearts,63105c8c,0,-2,4,4,-1,6,0,0,1,1,1
2026 Scotties Tournament of Hearts,63105c8c,0,3,0,0,0,5,0,0,0,0,1
2026 Scotties Tournament of Hearts,63105c8c,-3,-1,0,-5,1,4,0,0,1,-2,1
2026 Scotties Tournament of Hearts,63105c8c,0,0,0,-4,0,3,1,0,0,-1,1
2026 Scotties Tournament of Hearts,63105c8c,-2,-4,-2,2,0,2,1,0,1,0,1
2026 Scotties Tournament of Hearts,63105c8c,-1,1,1,1,0,1,1,0,0,0,1
2026 Scotties Tournament of Hearts,63105c8c,-1,-3,-2,-3,0,0,1,0,1,1,1
2026 Scotties Tournament of Hearts,63105c8c,4,-1,0,4,-1,-1,0,0,0,1,1
2025 Scotties Tournament of Hearts,1b5617c5,2,0,-2,0,0,9,0,0,0,-1,0
2025 Scotties Tournament of Hearts,1b5617c5,-2,-2,0,-5,0,8,1,0,1,-1,0
2025 Scotties Tournament of Hearts,1b5617c5,0,-5,-4,-1,0,7,1,0,0,1,0
2025 Scotties Tournament of Hearts,1b5617c5,-2,-3,0,-8,2,6,0,0,1,-3,0
2025 Scotties Tournament of Hearts,1b5617c5,2,0,1,-1,1,5,1,0,0,1,0
2025 Scotties Tournament of Hearts,1b5617c5,1,-1,-2,-2,0,4,0,0,1,-2,0
2025 Scotties Tournament of Hearts,1b5617c5,0,1,-1,0,0,3,1,0,0,1,0
2025 Scotties Tournament of Hearts,1b5617c5,0,-2,0,-3,0,2,0,0,1,-2,0
2025 Scotties Tournament of Hearts,162e5be1,-1,-1,3,-1,0,9,0,0,0,-1,0
2025 Scotties Tournament of Hearts,162e5be1,-3,-2,-3,-7,1,8,1,0,1,-2,0
2025 Scotties Tournament of Hearts,162e5be1,-2,1,0,0,0,7,1,0,0,0,0
2025 Scotties Tournament of Hearts,162e5be1,0,3,0,-2,1,6,1,0,1,-1,0
2025 Scotties Tournament of Hearts,162e5be1,0,0,-3,2,0,5,1,0,0,2,0
2025 Scotties Tournament of Hearts,162e5be1,3,0,-1,-1,1,4,0,0,1,0,0
2025 Scotties Tournament of Hearts,162e5be1,4,0,-3,-4,1,3,0,0,0,-2,0
2025 Scotties Tournament of Hearts,162e5be1,-3,0,-1,2,0,2,1,0,1,2,0
2025 Scotties Tournament of Hearts,162e5be1,0,1,-1,0,0,1,0,0,0,-1,0
2025 Scotties Tournament of Hearts,f1160e66,-7,-1,-3,-4,2,9,1,1,0,-1,1
2025 Scotties Tournament of Hearts,f1160e66,0,-4,-2,4,-1,8,1,1,1,2,1
2025 Scotties Tournament of Hearts,f1160e66,-1,0,-4,-6,1,7,0,1,0,-2,1
2025 Scotties Tournament of Hearts,f1160e66,-2,-2,-4,-5,2,6,1,1,1,-3,1
2025 Scotties Tournament of Hearts,f1160e66,0,1,-6,-3,2,5,1,1,0,1,1
2025 Scotties Tournament of Hearts,f1160e66,1,-2,0,1,0,4,0,1,1,-1,1
2025 Scotties Tournament of Hearts,f1160e66,-4,1,-4,4,0,3,1,1,0,2,1
2025 Scotties Tournament of Hearts,f1160e66,3,1,2,6,-1,2,0,1,1,3,1
2025 Scotties Tournament of Hearts,f1160e66,0,2,2,1,0,1,0,1,0,-1,1
2025 Scotties Tournament of Hearts,f1160e66,-4,0,0,6,-1,0,1,1,1,1,1
2025 Scotties Tournament of Hearts,1431d74b,0,4,0,0,0,9,0,0,0,0,1
2025 Scotties Tournament of Hearts,1431d74b,3,3,0,5,-1,8,0,0,1,2,1
2025 Scotties Tournament of Hearts,1431d74b,-1,0,-2,-4,0,7,0,0,0,-2,1
2025 Scotties Tournament of Hearts,1431d74b,0,3,-2,1,0,6,1,0,1,2,1
2025 Scotties Tournament of Hearts,1431d74b,-3,0,0,2,-1,5,0,0,0,1,1
2025 Scotties Tournament of Hearts,1431d74b,-2,-3,-1,-1,0,4,0,0,1,-2,1
2025 Scotties Tournament of Hearts,1431d74b,1,1,-1,3,0,3,1,0,0,2,1
2025 Scotties Tournament of Hearts,1431d74b,1,-1,3,5,-2,2,0,0,1,3,1
2025 Scotties Tournament of Hearts,c566cdf0,2,-2,0,3,-1,9,0,0,0,0,1
2025 Scotties Tournament of Hearts,c566cdf0,1,2,0,0,0,8,0,0,1,0,1
2025 Scotties Tournament of Hearts,c566cdf0,2,5,5,6,-1,7,0,0,0,2,1
2025 Scotties Tournament of Hearts,c566cdf0,0,3,-2,-2,0,6,0,0,1,-2,1
2025 Scotties Tournament of Hearts,c566cdf0,2,2,4,0,0,5,1,0,0,0,1
2025 Scotties Tournament of Hearts,c566cdf0,0,-2,6,6,-2,4,1,0,1,5,1
2025 Scotties Tournament of Hearts,c566cdf0,-2,-2,0,2,-1,3,0,0,0,1,1
2025 Scotties Tournament of Hearts,c566cdf0,-1,-3,-1,-6,1,2,0,0,1,-3,1
2025 Scotties Tournament of Hearts,c566cdf0,-4,5,5,2,-1,1,1,0,0,2,1
2025 Scotties Tournament of Hearts,e80b4088,0,2,2,-1,1,9,0,0,0,0,1
2025 Scotties Tournament of Hearts,e80b4088,-2,5,4,2,0,8,0,0,1,-1,1
2025 Scotties Tournament of Hearts,e80b4088,0,1,3,0,0,7,1,0,0,2,1
2025 Scotties Tournament of Hearts,e80b4088,-1,3,2,6,-1,6,0,0,1,2,1
2025 Scotties Tournament of Hearts,e80b4088,-1,2,5,1,-1,5,0,0,0,-1,1
2025 Scotties Tournament of Hearts,e80b4088,1,-3,-3,0,0,4,1,0,1,1,1
2025 Scotties Tournament of Hearts,e80b4088,-3,0,-1,2,0,3,0,0,0,-1,1
2025 Scotties Tournament of Hearts,e80b4088,-6,6,2,3,0,2,1,0,1,3,1
2025 Scotties Tournament of Hearts,e80b4088,-4,-4,0,3,0,1,0,0,0,-1,1
2025 Scotties Tournament of Hearts,c9e9c0d5,-6,4,-5,6,0,9,1,1,0,2,1
2025 Scotties Tournament of Hearts,c9e9c0d5,2,1,-2,3,0,8,0,1,1,1,1
2025 Scotties Tournament of Hearts,c9e9c0d5,-4,0,1,4,-1,7,0,1,0,1,1
2025 Scotties Tournament of Hearts,c9e9c0d5,0,1,3,0,1,6,0,1,1,-1,1
2025 Scotties Tournament of Hearts,c9e9c0d5,-2,0,4,2,0,5,1,1,0,1,1
2025 Scotties Tournament of Hearts,c9e9c0d5,-2,2,1,2,0,4,0,1,1,-1,1
2025 Scotties Tournament of Hearts,c9e9c0d5,-2,0,0,0,0,3,1,1,0,1,1
2025 Scotties Tournament of Hearts,c9e9c0d5,0,1,0,-6,1,2,0,1,1,-3,1
2025 Scotties Tournament of Hearts,c9e9c0d5,0,5,0,-1,1,1,1,1,0,1,1
2025 Scotties Tournament of Hearts,e04aba7a,0,2,-2,1,0,9,1,1,0,1,1
2025 Scotties Tournament of Hearts,e04aba7a,6,4,1,0,0,8,0,1,1,-1,1
2025 Scotties Tournament of Hearts,e04aba7a,-3,0,-1,-5,1,7,1,1,0,-1,1
2025 Scotties Tournament of Hearts,e04aba7a,0,0,-4,2,1,6,1,1,1,1,1
2025 Scotties Tournament of Hearts,e04aba7a,3,4,0,7,-2,5,0,1,0,2,1
2025 Scotties Tournament of Hearts,e04aba7a,-2,0,-1,2,-1,4,0,1,1,1,1
2025 Scotties Tournament of Hearts,e04aba7a,3,2,6,0,-1,3,0,1,0,-1,1
2025 Scotties Tournament of Hearts,e04aba7a,-2,0,-1,-7,2,2,1,1,1,-1,1
2025 Scotties Tournament of Hearts,e04aba7a,1,1,2,0,0,1,1,1,0,2,1
2025 Scotties Tournament of Hearts,470a8fcc,-1,-1,0,0,0,9,1,1,0,0,1
2025 Scotties Tournament of Hearts,470a8fcc,0,1,-1,3,-1,8,1,1,1,3,1
2025 Scotties Tournament of Hearts,470a8fcc,-1,0,4,-1,-1,7,0,1,0,-1,1
2025 Scotties Tournament of Hearts,470a8fcc,-2,-4,8,0,-2,6,1,1,1,2,1
2025 Scotties Tournament of Hearts,470a8fcc,-3,2,0,-1,0,5,0,1,0,-2,1
2025 Scotties Tournament of Hearts,470a8fcc,-4,0,0,-2,0,4,1,1,1,1,1
2025 Scotties Tournament of Hearts,470a8fcc,-3,3,-3,-1,0,3,0,1,0,-2,1
2025 Scotties Tournament of Hearts,470a8fcc,-2,2,5,-2,0,2,1,1,1,1,1
2025 Scotties Tournament of Hearts,470a8fcc,-2,1,-2,4,-1,1,0,1,0,-1,1
2025 Scotties Tournament of Hearts,470a8fcc,3,1,-1,3,0,0,1,1,1,3,1
2025 Scotties Tournament of Hearts,8cd2bf08,4,1,0,4,-1,9,0,0,0,-1,0
2025 Scotties Tournament of Hearts,8cd2bf08,1,0,1,1,0,8,1,0,1,2,0
2025 Scotties Tournament of Hearts,8cd2bf08,5,-4,-2,-6,1,7,0,0,0,-3,0
2025 Scotties Tournament of Hearts,8cd2bf08,1,-2,-2,2,0,6,1,0,1,2,0
2025 Scotties Tournament of Hearts,8cd2bf08,0,-1,0,4,-1,5,0,0,0,-1,0
2025 Scotties Tournament of Hearts,8cd2bf08,2,4,3,-4,1,4,1,0,1,0,0
2025 Scotties Tournament of Hearts,8cd2bf08,2,-2,0,-5,1,3,1,0,0,1,0
2025 Scotties Tournament of Hearts,8cd2bf08,0,-4,-4,-1,0,2,0,0,1,-2,0
2025 Scotties Tournament of Hearts,8cd2bf08,0,-1,2,5,-1,1,1,0,0,3,0
2025 Scotties Tournament of Hearts,c41806cc,2,-3,-1,4,-1,9,0,0,0,1,0
2025 Scotties Tournament of Hearts,c41806cc,-1,0,-4,0,0,8,0,0,1,-2,0
2025 Scotties Tournament of Hearts,c41806cc,0,-6,-2,-4,1,7,1,0,0,-2,0
2025 Scotties Tournament of Hearts,c41806cc,1,-2,0,-5,1,6,1,0,1,-1,0
2025 Scotties Tournament of Hearts,c41806cc,1,-1,2,-8,2,5,1,0,0,-2,0
2025 Scotties Tournament of Hearts,c41806cc,2,1,-4,3,0,4,1,0,1,2,0
2025 Scotties Tournament of Hearts,c41806cc,1,-1,2,-3,0,3,0,0,0,-2,0
2025 Scotties Tournament of Hearts,c41806cc,-3,4,-1,-5,1,2,1,0,1,1,0
2025 Scotties Tournament of Hearts,f9acd0d6,0,-1,-1,5,-1,9,0,0,0,1,0
2025 Scotties Tournament of Hearts,f9acd0d6,2,2,0,-4,1,8,0,0,1,-2,0
2025 Scotties Tournament of Hearts,f9acd0d6,2,-2,-2,0,0,7,1,0,0,0,0
2025 Scotties Tournament of Hearts,f9acd0d6,1,3,-1,-5,1,6,1,0,1,1,0
2025 Scotties Tournament of Hearts,f9acd0d6,-3,1,0,-6,1,5,0,0,0,-2,0
2025 Scotties Tournament of Hearts,f9acd0d6,-4,3,0,6,-1,4,1,0,1,3,0
2025 Scotties Tournament of Hearts,f9acd0d6,-3,1,-4,-6,1,3,0,0,0,-3,0
2025 Scotties Tournament of Hearts,f9acd0d6,-2,0,0,0,0,2,1,0,1,1,0
2025 Scotties Tournament of Hearts,f9acd0d6,-2,-3,-4,-4,0,1,0,0,0,-2,0
2025 Scotties Tournament of Hearts,59913307,0,0,0,0,0,9,0,0,0,0,0
2025 Scotties Tournament of Hearts,59913307,-2,-1,4,0,-1,8,0,0,1,-1,0
2025 Scotties Tournament of Hearts,59913307,1,6,0,-7,2,7,1,0,0,-1,0
2025 Scotties Tournament of Hearts,59913307,-4,-1,4,-5,0,6,1,0,1,-1,0
2025 Scotties Tournament of Hearts,59913307,0,2,4,3,-1,5,1,0,0,3,0
2025 Scotties Tournament of Hearts,59913307,1,-2,-3,2,0,4,0,0,1,-2,0
2025 Scotties Tournament of Hearts,59913307,0,-2,0,-2,1,3,1,0,0,-2,0
2025 Scotties Tournament of Hearts,59913307,0,0,-5,-4,2,2,1,0,1,-1,0
2025 Scotties Tournament of Hearts,59913307,0,0,-2,-4,1,1,1,0,0,-1,0
2025 Scotties Tournament of Hearts,27251369,-5,-4,-1,1,0,9,0,0,0,-1,0
2025 Scotties Tournament of Hearts,27251369,2,0,3,0,0,8,1,0,1,1,0
2025 Scotties Tournament of Hearts,27251369,-2,-2,0,2,0,7,0,0,0,0,0
2025 Scotties Tournament of Hearts,27251369,-1,-3,-2,-6,1,6,0,0,1,-3,0
2025 Scotties Tournament of Hearts,27251369,-4,-1,-1,-8,2,5,1,0,0,-5,0
2025 Scotties Tournament of Hearts,27251369,0,-1,-2,-3,1,4,1,0,1,-2,0
2025 Scotties Tournament of Hearts,27251369,1,4,-3,-8,2,3,1,0,0,-4,0
2025 Scotties Tournament of Hearts,27251369,1,-2,-2,-2,0,2,1,0,1,1,0
2025 Scotties Tournament of Hearts,7c6537a1,5,3,1,4,-1,9,0,0,0,2,1
2025 Scotties Tournament of Hearts,7c6537a1,2,-2,2,0,0,8,0,0,1,-2,1
2025 Scotties Tournament of Hearts,7c6537a1,0,6,5,6,-3,7,1,0,0,4,1
2025 Scotties Tournament of Hearts,7c6537a1,3,5,-3,1,0,6,0,0,1,-1,1
2025 Scotties Tournament of Hearts,7c6537a1,-1,2,-4,3,1,5,1,0,0,2,1
2025 Scotties Tournament of Hearts,7c6537a1,0,2,3,4,-1,4,0,0,1,2,1
2025 Scotties Tournament of Hearts,7c6537a1,-4,1,0,-1,0,3,0,0,0,-1,1
2025 Scotties Tournament of Hearts,7c6537a1,2,0,0,4,-1,2,1,0,1,3,1
2025 Scotties Tournament of Hearts,31d1e68d,-2,1,0,4,-1,9,0,0,0,-1,1
2025 Scotties Tournament of Hearts,31d1e68d,-1,0,3,0,0,8,1,0,1,3,1
2025 Scotties Tournament of Hearts,31d1e68d,1,2,-1,0,-1,7,0,0,0,-1,1
2025 Scotties Tournament of Hearts,31d1e68d,2,0,-1,3,-1,6,1,0,1,2,1
2025 Scotties Tournament of Hearts,31d1e68d,0,0,2,0,-1,5,0,0,0,1,1
2025 Scotties Tournament of Hearts,31d1e68d,-2,3,-1,0,0,4,0,0,1,-2,1
2025 Scotties Tournament of Hearts,31d1e68d,-1,0,-1,-4,1,3,1,0,0,1,1
2025 Scotties Tournament of Hearts,31d1e68d,0,-2,0,4,-1,2,0,0,1,2,1
2025 Scotties Tournament of Hearts,31d1e68d,-4,-1,-2,5,0,1,0,0,0,2,1
2025 Scotties Tournament of Hearts,3a386dff,-6,-2,0,3,0,9,0,0,0,-1,0
2025 Scotties Tournament of Hearts,3a386dff,2,-1,-1,-5,2,8,1,0,1,-2,0
2025 Scotties Tournament of Hearts,3a386dff,-1,-3,0,1,0,7,1,0,0,0,0
2025 Scotties Tournament of Hearts,3a386dff,-2,-1,2,-5,1,6,1,0,1,1,0
2025 Scotties Tournament of Hearts,3a386dff,-2,-1,-1,0,0,5,0,0,0,-2,0
2025 Scotties Tournament of Hearts,3a386dff,0,-2,1,3,-1,4,1,0,1,2,0
2025 Scotties Tournament of Hearts,3a386dff,-4,0,0,0,0,3,0,0,0,-1,0
2025 Scotties Tournament of Hearts,3a386dff,1,4,2,-1,-1,2,1,0,1,1,0
2025 Scotties Tournament of Hearts,3a386dff,0,-2,0,0,0,1,0,0,0,-2,0
2025 Scotties Tournament of Hearts,94e934dc,0,-1,-1,3,-1,9,0,0,0,1,0
2025 Scotties Tournament of Hearts,94e934dc,4,-4,-1,1,0,8,0,0,1,-2,0
2025 Scotties Tournament of Hearts,94e934dc,0,-3,-3,3,0,7,1,0,0,2,0
2025 Scotties Tournament of Hearts,94e934dc,2,1,-3,-1,1,6,0,0,1,-3,0
2025 Scotties Tournament of Hearts,94e934dc,2,4,-2,-4,1,5,1,0,0,1,0
2025 Scotties Tournament of Hearts,94e934dc,3,1,0,-1,0,4,0,0,1,-1,0
2025 Scotties Tournament of Hearts,94e934dc,1,0,1,-2,0,3,1,0,0,1,0
2025 Scotties Tournament of Hearts,94e934dc,0,0,0,5,-1,2,0,0,1,1,0
2025 Scotties Tournament of Hearts,94e934dc,2,2,3,-1,0,1,0,0,0,-1,0
2025 Scotties Tournament of Hearts,94e934dc,0,-4,0,-3,1,0,1,0,1,1,0
2025 Scotties Tournament of Hearts,3940b40c,0,0,-2,2,-1,9,0,0,0,0,0
2025 Scotties Tournament of Hearts,3940b40c,0,0,-6,0,1,8,0,0,1,-2,0
2025 Scotties Tournament of Hearts,3940b40c,0,0,1,-6,1,7,1,0,0,-1,0
2025 Scotties Tournament of Hearts,3940b40c,-1,0,2,-4,0,6,1,0,1,-1,0
2025 Scotties Tournament of Hearts,3940b40c,1,3,-1,3,0,5,1,0,0,2,0
2025 Scotties Tournament of Hearts,3940b40c,2,-4,-2,2,-1,4,0,0,1,-1,0
2025 Scotties Tournament of Hearts,3940b40c,-3,2,2,2,0,3,1,0,0,2,0
2025 Scotties Tournament of Hearts,3940b40c,-2,3,-2,-7,3,2,0,0,1,-4,0
2025 Scotties Tournament of Hearts,3940b40c,1,4,-5,-1,0,1,1,0,0,1,0
2025 Scotties Tournament of Hearts,f0b4ab14,1,-1,0,0,0,9,0,0,0,0,0
2025 Scotties Tournament of Hearts,f0b4ab14,0,0,-1,2,0,8,0,0,1,-1,0
2025 Scotties Tournament of Hearts,f0b4ab14,0,0,2,-1,1,7,1,0,0,1,0
2025 Scotties Tournament of Hearts,f0b4ab14,4,3,-1,0,0,6,0,0,1,-1,0
2025 Scotties Tournament of Hearts,f0b4ab14,-3,-1,-2,-2,0,5,1,0,0,1,0
2025 Scotties Tournament of Hearts,f0b4ab14,3,2,1,-3,0,4,0,0,1,-2,0
2025 Scotties Tournament of Hearts,f0b4ab14,1,-2,-2,0,0,3,1,0,0,1,0
2025 Scotties Tournament of Hearts,f0b4ab14,0,-1,0,-2,0,2,0,0,1,-2,0
2025 Scotties Tournament of Hearts,f0b4ab14,0,0,-4,-2,1,1,1,0,0,1,0
2025 Scotties Tournament of Hearts,f0de32ec,-1,3,-4,0,1,9,0,0,0,-2,0
2025 Scotties Tournament of Hearts,f0de32ec,-4,0,3,5,-2,8,1,0,1,2,0
2025 Scotties Tournament of Hearts,f0de32ec,-1,1,2,0,0,7,0,0,0,-2,0
2025 Scotties Tournament of Hearts,f0de32ec,-1,0,-1,4,-1,6,1,0,1,1,0
2025 Scotties Tournament of Hearts,f0de32ec,1,-6,0,2,-1,5,0,0,0,-2,0
2025 Scotties Tournament of Hearts,f0de32ec,-3,-6,0,-2,0,4,1,0,1,1,0
2025 Scotties Tournament of Hearts,f0de32ec,0,-2,2,-2,-1,3,0,0,0,-1,0
2025 Scotties Tournament of Hearts,f0de32ec,2,-1,-2,1,1,2,1,0,1,1,0
2025 Scotties Tournament of Hearts,f0de32ec,0,-3,-1,0,0,1,0,0,0,-1,0
2025 Scotties Tournament of Hearts,20e3eb51,-4,3,4,0,-1,9,1,1,0,2,1
2025 Scotties Tournament of Hearts,20e3eb51,0,0,1,0,0,8,0,1,1,-1,1
2025 Scotties Tournament of Hearts,20e3eb51,4,1,1,-2,1,7,1,1,0,0,1
2025 Scotties Tournament of Hearts,20e3eb51,0,1,0,4,-1,6,1,1,1,3,1
2025 Scotties Tournament of Hearts,20e3eb51,1,2,1,5,-1,5,0,1,0,1,1
2025 Scotties Tournament of Hearts,20e3eb51,2,0,3,7,-2,4,0,1,1,1,1
2025 Scotties Tournament of Hearts,20e3eb51,0,3,2,1,0,3,0,1,0,-3,1
2025 Scotties Tournament of Hearts,20e3eb51,0,-1,0,-1,0,2,1,1,1,1,1
2025 Scotties Tournament of Hearts,20e3eb51,0,2,3,1,-1,1,0,1,0,3,1
2025 Scotties Tournament of Hearts,dc8b2f88,3,2,2,0,0,9,0,0,0,-1,0
2025 Scotties Tournament of Hearts,dc8b2f88,-2,3,2,6,-1,8,1,0,1,4,0
2025 Scotties Tournament of Hearts,dc8b2f88,6,2,2,4,-1,7,0,0,0,1,0
2025 Scotties Tournament of Hearts,dc8b2f88,-1,-1,-1,0,0,6,0,0,1,-2,0
2025 Scotties Tournament of Hearts,dc8b2f88,4,3,-3,0,0,5,1,0,0,1,0
2025 Scotties Tournament of Hearts,dc8b2f88,5,-3,-3,0,0,4,0,0,1,-1,0
2025 Scotties Tournament of Hearts,dc8b2f88,1,-1,0,-4,1,3,1,0,0,-1,0
2025 Scotties Tournament of Hearts,dc8b2f88,0,4,-2,-6,1,2,1,0,1,-1,0
2025 Scotties Tournament of Hearts,dc8b2f88,-4,2,0,-5,1,1,1,0,0,-4,0
2025 Scotties Tournament of Hearts,3700f037,-2,-4,-2,0,0,9,1,1,0,1,0
2025 Scotties Tournament of Hearts,3700f037,4,-1,0,-1,0,8,0,1,1,-1,0
2025 Scotties Tournament of Hearts,3700f037,0,-1,2,-2,1,7,1,1,0,0,0
2025 Scotties Tournament of Hearts,3700f037,2,7,2,-6,1,6,1,1,1,-1,0
2025 Scotties Tournament of Hearts,3700f037,-1,5,-2,0,1,5,1,1,0,2,0
2025 Scotties Tournament of Hearts,3700f037,-2,4,1,0,0,4,0,1,1,0,0
2025 Scotties Tournament of Hearts,3700f037,0,0,3,0,0,3,0,1,0,-1,0
2025 Scotties Tournament of Hearts,3700f037,2,3,-3,1,0,2,1,1,1,1,0
2025 Scotties Tournament of Hearts,3700f037,6,3,-4,-3,1,1,0,1,0,-3,0
2025 Scotties Tournament of Hearts,3700f037,0,-1,-1,-3,0,0,1,1,1,1,0
2025 Scotties Tournament of Hearts,5cd91278,3,-1,-2,7,-1,9,0,0,0,1,1
2025 Scotties Tournament of Hearts,5cd91278,2,-1,0,0,0,8,0,0,1,-1,1
2025 Scotties Tournament of Hearts,5cd91278,-1,-1,-1,6,-1,7,1,0,0,2,1
2025 Scotties Tournament of Hearts,5cd91278,1,0,1,2,0,6,0,0,1,1,1
2025 Scotties Tournament of Hearts,5cd91278,-2,4,2,-3,0,5,0,0,0,-2,1
2025 Scotties Tournament of Hearts,5cd91278,-3,1,7,2,-1,4,1,0,1,2,1
2025 Scotties Tournament of Hearts,5cd91278,-1,0,-2,-2,0,3,0,0,0,-2,1
2025 Scotties Tournament of Hearts,5cd91278,-1,3,2,6,0,2,1,0,1,2,1
2025 Scotties Tournament of Hearts,5cd91278,0,1,-2,0,0,1,0,0,0,-2,1
2025 Scotties Tournament of Hearts,068e99df,-1,2,2,2,0,9,0,0,0,-1,1
2025 Scotties Tournament of Hearts,068e99df,0,2,2,4,0,8,1,0,1,4,1
2025 Scotties Tournament of Hearts,068e99df,1,3,-5,-3,2,7,0,0,0,-3,1
2025 Scotties Tournament of Hearts,068e99df,1,-2,-1,3,0,6,1,0,1,3,1
2025 Scotties Tournament of Hearts,068e99df,1,3,4,0,-1,5,0,0,0,0,1
2025 Scotties Tournament of Hearts,068e99df,2,1,-2,-3,0,4,0,0,1,-2,1
2025 Scotties Tournament of Hearts,068e99df,0,1,0,2,0,3,1,0,0,1,1
2025 Scotties Tournament of Hearts,068e99df,-1,1,3,3,-1,2,0,0,1,-1,1
2025 Scotties Tournament of Hearts,068e99df,-4,-1,-1,-2,1,1,1,0,0,1,1
2025 Scotties Tournament of Hearts,068e99df,-1,0,-1,4,-1,0,0,0,1,1,1
2025 Scotties Tournament of Hearts,65c5ffe0,1,-3,-2,4,-1,9,0,0,0,-1,1
2025 Scotties Tournament of Hearts,65c5ffe0,1,2,2,0,0,8,1,0,1,0,1
2025 Scotties Tournament of Hearts,65c5ffe0,2,-4,-4,-2,1,7,1,0,0,0,1
2025 Scotties Tournament of Hearts,65c5ffe0,-1,2,6,-6,0,6,1,0,1,-1,1
2025 Scotties Tournament of Hearts,65c5ffe0,-3,2,3,1,-1,5,1,0,0,1,1
2025 Scotties Tournament of Hearts,65c5ffe0,3,0,1,8,-2,4,0,0,1,1,1
2025 Scotties Tournament of Hearts,65c5ffe0,0,-1,0,0,1,3,0,0,0,-1,1
2025 Scotties Tournament of Hearts,65c5ffe0,3,2,0,0,0,2,1,0,1,1,1
2025 Scotties Tournament of Hearts,65c5ffe0,6,2,-2,0,0,1,0,0,0,0,1
2025 Scotties Tournament of Hearts,65c5ffe0,1,2,3,5,-1,0,0,0,1,3,1
2025 Scotties Tournament of Hearts,699dd9f3,1,0,1,1,0,9,0,0,0,0,1
2025 Scotties Tournament of Hearts,699dd9f3,2,4,-1,0,0,8,0,0,1,-1,1
2025 Scotties Tournament of Hearts,699dd9f3,-1,0,-2,-1,0,7,1,0,0,1,1
2025 Scotties Tournament of Hearts,699dd9f3,0,2,4,0,0,6,0,0,1,2,1
2025 Scotties Tournament of Hearts,699dd9f3,0,5,2,-2,-1,5,0,0,0,-1,1
2025 Scotties Tournament of Hearts,699dd9f3,-3,-3,1,-6,0,4,1,0,1,-1,1
2025 Scotties Tournament of Hearts,699dd9f3,0,4,-5,-1,0,3,1,0,0,1,1
2025 Scotties Tournament of Hearts,699dd9f3,-2,0,-2,-3,0,2,0,0,1,-1,1
2025 Scotties Tournament of Hearts,699dd9f3,-2,0,-2,6,-1,1,1,0,0,3,1
2025 Scotties Tournament of Hearts,53422b50,-1,-1,0,-4,1,9,1,1,0,-1,1
2025 Scotties Tournament of Hearts,53422b50,-1,3,2,1,0,8,1,1,1,2,1
2025 Scotties Tournament of Hearts,53422b50,0,0,-1,3,-1,7,0,1,0,1,1
2025 Scotties Tournament of Hearts,53422b50,0,0,0,4,-1,6,0,1,1,-1,1
2025 Scotties Tournament of Hearts,53422b50,-1,-1,-1,-3,1,5,1,1,0,1,1
2025 Scotties Tournament of Hearts,53422b50,3,1,3,3,-1,4,0,1,1,1,1
2025 Scotties Tournament of Hearts,53422b50,1,5,-4,0,0,3,0,1,0,-1,1
2025 Scotties Tournament of Hearts,53422b50,0,0,0,-4,1,2,1,1,1,-2,1
2025 Scotties Tournament of Hearts,53422b50,-1,1,1,0,0,1,1,1,0,1,1
2025 Scotties Tournament of Hearts,53422b50,2,3,2,5,0,0,0,1,1,-1,1
2025 Scotties Tournament of Hearts,53422b50,0,0,3,0,0,-1,1,1,0,1,1
2025 Scotties Tournament of Hearts,0b19f689,-3,-2,2,-1,-1,9,1,1,0,1,0
2025 Scotties Tournament of Hearts,0b19f689,7,2,0,1,0,8,0,1,1,-1,0
2025 Scotties Tournament of Hearts,0b19f689,-2,-1,-6,-6,2,7,1,1,0,-3,0
2025 Scotties Tournament of Hearts,0b19f689,-5,-4,-6,0,0,6,1,1,1,1,0
2025 Scotties Tournament of Hearts,0b19f689,2,-2,-3,2,1,5,0,1,0,0,0
2025 Scotties Tournament of Hearts,0b19f689,-2,-1,0,-4,1,4,0,1,1,-2,0
2025 Scotties Tournament of Hearts,0b19f689,-3,-2,-3,-7,2,3,1,1,0,-1,0
2025 Scotties Tournament of Hearts,0b19f689,2,0,-2,3,0,2,1,1,1,2,0
2025 Scotties Tournament of Hearts,0b19f689,2,0,0,0,0,1,0,1,0,1,0
2025 Scotties Tournament of Hearts,0b19f689,2,3,-2,2,0,0,0,1,1,1,0
2025 Scotties Tournament of Hearts,d9dd70a7,1,-3,4,0,-1,9,1,1,0,1,1
2025 Scotties Tournament of Hearts,d9dd70a7,2,2,3,4,-2,8,0,1,1,2,1
2025 Scotties Tournament of Hearts,d9dd70a7,1,0,5,-1,-1,7,0,1,0,-2,1
2025 Scotties Tournament of Hearts,d9dd70a7,0,4,4,-2,-1,6,1,1,1,1,1
2025 Scotties Tournament of Hearts,d9dd70a7,4,-1,1,1,-1,5,0,1,0,2,1
2025 Scotties Tournament of Hearts,d9dd70a7,2,0,-2,6,-2,4,0,1,1,3,1
2025 Scotties Tournament of Hearts,d9dd70a7,0,0,4,4,-2,3,0,1,0,-1,1
2025 Scotties Tournament of Hearts,d9dd70a7,-3,8,2,0,0,2,1,1,1,1,1
2025 Scotties Tournament of Hearts,78cc3439,1,-1,1,0,0,9,1,1,0,1,1
2025 Scotties Tournament of Hearts,78cc3439,1,-3,-1,7,-1,8,0,1,1,1,1
2025 Scotties Tournament of Hearts,78cc3439,0,-3,-2,0,0,7,0,1,0,-1,1
2025 Scotties Tournament of Hearts,78cc3439,0,0,2,1,0,6,1,1,1,2,1
2025 Scotties Tournament of Hearts,78cc3439,1,0,5,-4,0,5,0,1,0,-2,1
2025 Scotties Tournament of Hearts,78cc3439,1,-4,2,0,-1,4,1,1,1,2,1
2025 Scotties Tournament of Hearts,78cc3439,-1,-3,1,3,0,3,0,1,0,-1,1
2025 Scotties Tournament of Hearts,78cc3439,0,0,0,-2,1,2,1,1,1,-1,1
2025 Scotties Tournament of Hearts,78cc3439,0,0,0,0,0,1,1,1,0,1,1
2025 Scotties Tournament of Hearts,9077e70d,0,2,-2,0,0,9,1,1,0,1,0
2025 Scotties Tournament of Hearts,9077e70d,-1,3,4,1,0,8,0,1,1,-1,0
2025 Scotties Tournament of Hearts,9077e70d,0,0,2,-2,1,7,1,1,0,3,0
2025 Scotties Tournament of Hearts,9077e70d,-2,2,2,-4,-1,6,0,1,1,-3,0
2025 Scotties Tournament of Hearts,9077e70d,4,5,2,-2,1,5,1,1,0,1,0
2025 Scotties Tournament of Hearts,9077e70d,3,-1,3,-2,0,4,0,1,1,-2,0
2025 Scotties Tournament of Hearts,9077e70d,4,1,1,0,0,3,1,1,0,1,0
2025 Scotties Tournament of Hearts,9077e70d,5,0,3,-2,0,2,0,1,1,-1,0
2025 Scotties Tournament of Hearts,9077e70d,-1,0,1,2,0,1,1,1,0,2,0
2025 Scotties Tournament of Hearts,9077e70d,-1,-2,-1,-4,0,0,0,1,1,-2,0
2025 Scotties Tournament of Hearts,997a37cb,-2,0,0,-3,1,9,1,1,0,-1,0
2025 Scotties Tournament of Hearts,997a37cb,0,1,1,0,0,8,1,1,1,1,0
2025 Scotties Tournament of Hearts,997a37cb,1,0,0,4,-1,7,0,1,0,-1,0
2025 Scotties Tournament of Hearts,997a37cb,0,2,1,1,0,6,1,1,1,1,0
2025 Scotties Tournament of Hearts,997a37cb,-3,4,1,0,0,5,0,1,0,-2,0
2025 Scotties Tournament of Hearts,997a37cb,-1,-1,-2,-6,1,4,1,1,1,-2,0
2025 Scotties Tournament of Hearts,997a37cb,1,4,1,6,-1,3,1,1,0,2,0
2025 Scotties Tournament of Hearts,997a37cb,1,-1,-1,1,0,2,0,1,1,0,0
2025 Scotties Tournament of Hearts,997a37cb,-1,-2,-3,-1,0,1,0,1,0,-2,0
2025 Scotties Tournament of Hearts,3de66264,0,2,1,1,0,9,1,1,0,2,1
2025 Scotties Tournament of Hearts,3de66264,4,2,1,4,-1,8,0,1,1,1,1
2025 Scotties Tournament of Hearts,3de66264,0,2,2,5,-1,7,0,1,0,1,1
2025 Scotties Tournament of Hearts,3de66264,2,3,0,1,0,6,0,1,1,-1,1
2025 Scotties Tournament of Hearts,3de66264,1,2,3,-3,1,5,1,1,0,-1,1
2025 Scotties Tournament of Hearts,3de66264,1,-1,1,0,0,4,1,1,1,1,1
2025 Scotties Tournament of Hearts,3de66264,4,0,5,5,0,3,0,1,0,2,1
2025 Scotties Tournament of Hearts,3de66264,1,2,4,5,-2,2,0,1,1,2,1
2025 Scotties Tournament of Hearts,9e2094e7,-1,1,1,0,0,9,1,1,0,0,1
2025 Scotties Tournament of Hearts,9e2094e7,0,0,-2,6,0,8,1,1,1,2,1
2025 Scotties Tournament of Hearts,9e2094e7,-1,0,1,3,-1,7,0,1,0,1,1
2025 Scotties Tournament of Hearts,9e2094e7,5,0,-2,5,-2,6,0,1,1,1,1
2025 Scotties Tournament of Hearts,9e2094e7,-1,2,-3,-3,1,5,0,1,0,-2,1
2025 Scotties Tournament of Hearts,9e2094e7,-1,6,-3,8,-1,4,1,1,1,2,1
2025 Scotties Tournament of Hearts,9e2094e7,-1,3,8,6,-3,3,0,1,0,3,1
2025 Scotties Tournament of Hearts,9e2094e7,0,-4,-2,0,1,2,0,1,1,-1,1
2025 Scotties Tournament of Hearts,04d4e227,-2,0,-1,-1,1,9,1,1,0,1,0
2025 Scotties Tournament of Hearts,04d4e227,0,2,-1,-6,0,8,0,1,1,-2,0
2025 Scotties Tournament of Hearts,04d4e227,-6,-6,-1,-8,3,7,1,1,0,-1,0
2025 Scotties Tournament of Hearts,04d4e227,1,3,1,-1,0,6,1,1,1,1,0
2025 Scotties Tournament of Hearts,04d4e227,-1,-4,-5,0,0,5,0,1,0,-2,0
2025 Scotties Tournament of Hearts,04d4e227,0,-5,1,-1,0,4,1,1,1,1,0
2025 Scotties Tournament of Hearts,04d4e227,0,-2,-4,-4,0,3,0,1,0,-7,0
2025 Scotties Tournament of Hearts,1cab934d,1,3,2,-2,0,9,0,0,0,-1,0
2025 Scotties Tournament of Hearts,1cab934d,-1,8,-1,3,0,8,1,0,1,2,0
2025 Scotties Tournament of Hearts,1cab934d,0,2,-2,3,0,7,0,0,0,1,0
2025 Scotties Tournament of Hearts,1cab934d,3,-3,-3,-5,1,6,0,0,1,-5,0
2025 Scotties Tournament of Hearts,1cab934d,2,-2,-3,2,-1,5,1,0,0,-1,0
2025 Scotties Tournament of Hearts,1cab934d,-1,4,0,0,0,4,1,0,1,2,0
2025 Scotties Tournament of Hearts,1cab934d,1,-3,-2,-4,1,3,0,0,0,-3,0
2025 Scotties Tournament of Hearts,1cab934d,1,0,2,4,-1,2,1,0,1,3,0
2025 Scotties Tournament of Hearts,1cab934d,1,-3,-4,-7,2,1,0,0,0,-4,0
2025 Scotties Tournament of Hearts,2d3e244e,0,3,-4,0,1,9,0,0,0,-3,0
2025 Scotties Tournament of Hearts,2d3e244e,0,-4,2,1,0,8,1,0,1,2,0
2025 Scotties Tournament of Hearts,2d3e244e,0,-3,-1,1,0,7,0,0,0,1,0
2025 Scotties Tournament of Hearts,2d3e244e,-1,0,0,-8,2,6,0,0,1,-4,0
2025 Scotties Tournament of Hearts,2d3e244e,0,-3,1,-1,0,5,1,0,0,3,0
2025 Scotties Tournament of Hearts,2d3e244e,3,-1,-1,2,0,4,0,0,1,-2,0
2025 Scotties Tournament of Hearts,2d3e244e,0,-1,2,-2,0,3,1,0,0,1,0
2025 Scotties Tournament of Hearts,2d3e244e,0,-1,0,6,-2,2,0,0,1,3,0
2025 Scotties Tournament of Hearts,2d3e244e,2,2,-1,3,-1,1,0,0,0,-1,0
2025 Scotties Tournament of Hearts,2d3e244e,-6,0,-2,-4,1,0,1,0,1,-1,0
2025 Scotties Tournament of Hearts,80d3c22d,1,5,-4,-4,2,9,1,1,0,0,1
2025 Scotties Tournament of Hearts,80d3c22d,0,0,1,-1,0,8,1,1,1,0,1
2025 Scotties Tournament of Hearts,80d3c22d,-6,-1,4,1,-1,7,1,1,0,2,1
2025 Scotties Tournament of Hearts,80d3c22d,1,-4,-1,4,-1,6,0,1,1,1,1
2025 Scotties Tournament of Hearts,80d3c22d,1,1,1,-4,0,5,0,1,0,-3,1
2025 Scotties Tournament of Hearts,80d3c22d,3,0,-8,-4,3,4,1,1,1,-1,1
2025 Scotties Tournament of Hearts,80d3c22d,0,3,1,0,0,3,1,1,0,0,1
2025 Scotties Tournament of Hearts,80d3c22d,0,5,4,2,0,2,1,1,1,4,1
2025 Scotties Tournament of Hearts,80d3c22d,-1,2,1,6,-2,1,0,1,0,1,1
2025 Scotties Tournament of Hearts,90ba54c3,-7,0,-2,-1,0,9,1,1,0,1,0
2025 Scotties Tournament of Hearts,90ba54c3,0,2,-1,-2,0,8,0,1,1,-2,0
2025 Scotties Tournament of Hearts,90ba54c3,2,-7,-2,-2,1,7,1,1,0,1,0
2025 Scotties Tournament of Hearts,90ba54c3,-1,-2,-3,2,-1,6,0,1,1,1,0
2025 Scotties Tournament of Hearts,90ba54c3,0,-2,-1,-3,0,5,0,1,0,-2,0
2025 Scotties Tournament of Hearts,90ba54c3,-1,4,0,0,0,4,1,1,1,1,0
2025 Scotties Tournament of Hearts,90ba54c3,0,-1,0,-2,0,3,0,1,0,-2,0
2025 Scotties Tournament of Hearts,90ba54c3,-4,0,0,-3,1,2,1,1,1,-1,0
2025 Scotties Tournament of Hearts,90ba54c3,4,-5,0,-4,1,1,1,1,0,-1,0
2025 Scotties Tournament of Hearts,cf175158,0,-4,-2,0,0,9,0,0,0,0,1
2025 Scotties Tournament of Hearts,cf175158,2,4,2,1,0,8,0,0,1,-1,1
2025 Scotties Tournament of Hearts,cf175158,-1,-2,3,4,-1,7,1,0,0,3,1
2025 Scotties Tournament of Hearts,cf175158,4,-3,1,-1,0,6,0,0,1,-1,1
2025 Scotties Tournament of Hearts,cf175158,0,2,3,5,-1,5,1,0,0,3,1
2025 Scotties Tournament of Hearts,cf175158,-1,-1,4,6,-2,4,0,0,1,2,1
2025 Scotties Tournament of Hearts,cf175158,0,2,4,2,-1,3,0,0,0,1,1
2025 Scotties Tournament of Hearts,cf175158,-3,6,3,1,0,2,0,0,1,-1,1
2025 Scotties Tournament of Hearts,d1e8033a,0,0,-2,1,1,9,0,0,0,0,1
2025 Scotties Tournament of Hearts,d1e8033a,0,-4,-1,5,-1,8,0,0,1,1,1
2025 Scotties Tournament of Hearts,d1e8033a,-2,3,0,2,0,7,0,0,0,1,1
2025 Scotties Tournament of Hearts,d1e8033a,-2,-4,0,4,-1,6,0,0,1,1,1
2025 Scotties Tournament of Hearts,d1e8033a,0,2,0,0,-1,5,0,0,0,-2,1
2025 Scotties Tournament of Hearts,d1e8033a,-1,0,1,0,0,4,1,0,1,1,1
2025 Scotties Tournament of Hearts,d1e8033a,-3,-2,-2,-5,0,3,0,0,0,-2,1
2025 Scotties Tournament of Hearts,d1e8033a,1,0,5,2,-1,2,1,0,1,2,1
2025 Scotties Tournament of Hearts,d1e8033a,1,0,3,2,-1,1,0,0,0,-1,1
2025 Scotties Tournament of Hearts,d1e8033a,0,0,0,-4,1,0,1,0,1,-1,1
2025 Scotties Tournament of Hearts,b1627148,4,-2,1,0,0,9,1,1,0,2,1
2025 Scotties Tournament of Hearts,b1627148,1,1,0,1,0,8,0,1,1,-2,1
2025 Scotties Tournament of Hearts,b1627148,-2,-1,1,-5,1,7,1,1,0,-1,1
2025 Scotties Tournament of Hearts,b1627148,-2,-1,1,1,0,6,1,1,1,2,1
2025 Scotties Tournament of Hearts,b1627148,0,0,0,3,-1,5,0,1,0,-1,1
2025 Scotties Tournament of Hearts,b1627148,-1,-3,-1,1,0,4,1,1,1,2,1
2025 Scotties Tournament of Hearts,b1627148,0,4,1,1,0,3,0,1,0,-1,1
2025 Scotties Tournament of Hearts,b1627148,0,1,3,-4,1,2,1,1,1,1,1
2025 Scotties Tournament of Hearts,b1627148,-1,0,0,3,-1,1,0,1,0,1,1
2025 Scotties Tournament of Hearts,b1627148,-1,0,-3,4,-1,0,0,1,1,-1,1
2025 Scotties Tournament of Hearts,3dbba2e4,1,-1,1,5,-2,9,0,0,0,-1,0
2025 Scotties Tournament of Hearts,3dbba2e4,-1,-5,1,0,0,8,1,0,1,-1,0
2025 Scotties Tournament of Hearts,3dbba2e4,-1,-3,-4,-8,3,7,1,0,0,-3,0
2025 Scotties Tournament of Hearts,3dbba2e4,1,-4,-3,6,1,6,1,0,1,2,0
2025 Scotties Tournament of Hearts,3dbba2e4,1,-2,3,0,0,5,0,0,0,-1,0
2025 Scotties Tournament of Hearts,3dbba2e4,-1,-5,-1,-1,0,4,1,0,1,1,0
2025 Scotties Tournament of Hearts,3dbba2e4,-1,-1,0,1,0,3,0,0,0,1,0
2025 Scotties Tournament of Hearts,3dbba2e4,-1,-4,-5,-1,1,2,0,0,1,-3,0
2025 Scotties Tournament of Hearts,3dbba2e4,1,-5,-6,-1,1,1,1,0,0,1,0
2025 Scotties Tournament of Hearts,fd8fe7d9,0,0,2,2,0,9,0,0,0,1,1
2025 Scotties Tournament of Hearts,fd8fe7d9,1,0,2,2,-1,8,0,0,1,1,1
2025 Scotties Tournament of Hearts,fd8fe7d9,1,0,1,2,0,7,0,0,0,-3,1
2025 Scotties Tournament of Hearts,fd8fe7d9,-1,-1,-1,-1,1,6,1,0,1,2,1
2025 Scotties Tournament of Hearts,fd8fe7d9,0,0,0,-1,0,5,0,0,0,-1,1
2025 Scotties Tournament of Hearts,fd8fe7d9,1,-3,0,-2,0,4,1,0,1,1,1
2025 Scotties Tournament of Hearts,fd8fe7d9,0,5,-1,0,0,3,0,0,0,0,1
2025 Scotties Tournament of Hearts,fd8fe7d9,1,1,4,0,-1,2,0,0,1,-2,1
2025 Scotties Tournament of Hearts,fd8fe7d9,1,2,0,-4,2,1,1,0,0,1,1
2025 Scotties Tournament of Hearts,fd8fe7d9,0,0,0,4,-1,0,0,0,1,1,1
2025 Scotties Tournament of Hearts,63fb57e4,-1,0,4,-4,0,9,0,0,0,0,0
2025 Scotties Tournament of Hearts,63fb57e4,1,2,0,-5,1,8,0,0,1,-2,0
2025 Scotties Tournament of Hearts,63fb57e4,4,1,2,0,0,7,1,0,0,0,0
2025 Scotties Tournament of Hearts,63fb57e4,5,1,-4,-3,1,6,1,0,1,1,0
2025 Scotties Tournament of Hearts,63fb57e4,-2,-1,-5,1,0,5,0,0,0,-2,0
2025 Scotties Tournament of Hearts,63fb57e4,3,4,0,4,-1,4,1,0,1,3,0
2025 Scotties Tournament of Hearts,63fb57e4,-2,1,3,4,-2,3,0,0,0,1,0
2025 Scotties Tournament of Hearts,63fb57e4,-2,2,-3,4,-1,2,0,0,1,2,0
2025 Scotties Tournament of Hearts,63fb57e4,0,-1,0,0,-1,1,0,0,0,-2,0
2025 Scotties Tournament of Hearts,63fb57e4,-4,1,-3,0,0,0,1,0,1,-1,0
2025 Scotties Tournament of Hearts,63fb57e4,-6,0,1,-3,0,-1,1,0,0,-1,0
2025 Scotties Tournament of Hearts,5fa4fb2d,-2,-2,0,-2,0,9,1,1,0,1,0
2025 Scotties Tournament of Hearts,5fa4fb2d,1,0,1,4,-1,8,0,1,1,0,0
2025 Scotties Tournament of Hearts,5fa4fb2d,0,-3,1,1,0,7,0,1,0,-1,0
2025 Scotties Tournament of Hearts,5fa4fb2d,-6,0,-1,-6,1,6,1,1,1,-2,0
2025 Scotties Tournament of Hearts,5fa4fb2d,3,-3,-3,-1,0,5,1,1,0,1,0
2025 Scotties Tournament of Hearts,5fa4fb2d,0,-2,-1,2,0,4,0,1,1,-1,0
2025 Scotties Tournament of Hearts,5fa4fb2d,0,3,-3,2,0,3,1,1,0,2,0
2025 Scotties Tournament of Hearts,5fa4fb2d,0,-1,2,6,-1,2,0,1,1,1,0
2025 Scotties Tournament of Hearts,5fa4fb2d,0,0,-1,-3,0,1,0,1,0,-3,0
2025 Scotties Tournament of Hearts,84a99882,0,0,-1,-4,1,9,0,0,0,-2,0
2025 Scotties Tournament of Hearts,84a99882,-4,-4,0,2,0,8,1,0,1,1,0
2025 Scotties Tournament of Hearts,84a99882,1,-4,0,1,-1,7,0,0,0,-1,0
2025 Scotties Tournament of Hearts,84a99882,-6,2,-3,-3,0,6,1,0,1,1,0
2025 Scotties Tournament of Hearts,84a99882,3,2,-5,1,-1,5,0,0,0,2,0
2025 Scotties Tournament of Hearts,84a99882,0,-1,-1,-3,1,4,0,0,1,-2,0
2025 Scotties Tournament of Hearts,84a99882,0,0,-6,-7,3,3,1,0,0,-3,0
2025 Scotties Tournament of Hearts,84a99882,-1,-3,-3,-6,1,2,1,0,1,-3,0
2025 Scotties Tournament of Hearts,059d4f01,-1,-1,1,-2,0,9,0,0,0,0,1
2025 Scotties Tournament of Hearts,059d4f01,-2,1,-4,1,0,8,0,0,1,-3,1
2025 Scotties Tournament of Hearts,059d4f01,-2,1,-1,1,0,7,1,0,0,2,1
2025 Scotties Tournament of Hearts,059d4f01,0,-1,-3,-4,0,6,0,0,1,-2,1
2025 Scotties Tournament of Hearts,059d4f01,1,-4,0,-5,1,5,1,0,0,-2,1
2025 Scotties Tournament of Hearts,059d4f01,1,-1,0,2,0,4,1,0,1,3,1
2025 Scotties Tournament of Hearts,059d4f01,-3,0,-1,-1,0,3,0,0,0,-1,1
2025 Scotties Tournament of Hearts,059d4f01,0,1,0,3,0,2,1,0,1,3,1
2025 Scotties Tournament of Hearts,059d4f01,2,0,-2,0,0,1,0,0,0,-1,1
2025 Scotties Tournament of Hearts,059d4f01,-1,0,0,5,-1,0,1,0,1,2,1
2025 Scotties Tournament of Hearts,3b8b49ce,-2,-1,0,1,0,9,1,1,0,2,1
2025 Scotties Tournament of Hearts,3b8b49ce,0,-3,-1,-4,1,8,0,1,1,-3,1
2025 Scotties Tournament of Hearts,3b8b49ce,1,-1,-3,-1,0,7,1,1,0,1,1
2025 Scotties Tournament of Hearts,3b8b49ce,1,0,2,5,-1,6,0,1,1,1,1
2025 Scotties Tournament of Hearts,3b8b49ce,2,1,0,6,-1,5,0,1,0,1,1
2025 Scotties Tournament of Hearts,3b8b49ce,0,2,-3,-1,1,4,0,1,1,-2,1
2025 Scotties Tournament of Hearts,3b8b49ce,0,2,0,0,0,3,1,1,0,2,1
2025 Scotties Tournament of Hearts,3b8b49ce,0,1,0,2,-1,2,0,1,1,-1,1
2025 Scotties Tournament of Hearts,3b8b49ce,-1,0,-1,-3,1,1,1,1,0,1,1
2025 Scotties Tournament of Hearts,3b8b49ce,-1,1,-2,0,-1,0,0,1,1,1,1
2025 Scotties Tournament of Hearts,e5f13e90,0,-3,0,-5,1,9,1,1,0,-1,1
2025 Scotties Tournament of Hearts,e5f13e90,0,-4,-2,-4,0,8,1,1,1,-1,1
2025 Scotties Tournament of Hearts,e5f13e90,1,0,-2,-6,1,7,1,1,0,-1,1
2025 Scotties Tournament of Hearts,e5f13e90,1,3,1,-2,0,6,1,1,1,1,1
2025 Scotties Tournament of Hearts,e5f13e90,3,1,5,-6,0,5,0,1,0,-2,1
2025 Scotties Tournament of Hearts,e5f13e90,0,3,1,1,0,4,1,1,1,2,1
2025 Scotties Tournament of Hearts,e5f13e90,0,0,1,4,-1,3,0,1,0,2,1
2025 Scotties Tournament of Hearts,e5f13e90,-1,0,-2,3,-1,2,0,1,1,1,1
2025 Scotties Tournament of Hearts,e5f13e90,-2,1,2,0,0,1,0,1,0,-1,1
2025 Scotties Tournament of Hearts,ff853573,-2,-1,-3,4,-1,9,0,0,0,1,0
2025 Scotties Tournament of Hearts,ff853573,2,1,-1,1,0,8,0,0,1,-1,0
2025 Scotties Tournament of Hearts,ff853573,3,0,-1,-2,0,7,1,0,0,1,0
2025 Scotties Tournament of Hearts,ff853573,-1,-2,-1,1,0,6,0,0,1,-1,0
2025 Scotties Tournament of Hearts,ff853573,1,1,-2,-3,1,5,1,0,0,-2,0
2025 Scotties Tournament of Hearts,ff853573,-2,1,-2,-2,1,4,1,0,1,1,0
2025 Scotties Tournament of Hearts,ff853573,-4,-2,1,-2,0,3,0,0,0,0,0
2025 Scotties Tournament of Hearts,ff853573,1,-1,-3,1,1,2,0,0,1,-1,0
2025 Scotties Tournament of Hearts,ff853573,-3,-5,-4,-1,1,1,1,0,0,1,0
2025 Scotties Tournament of Hearts,2f1e3b8b,-1,0,-1,-2,0,9,1,1,0,1,0
2025 Scotties Tournament of Hearts,2f1e3b8b,0,3,1,-5,1,8,0,1,1,-2,0
2025 Scotties Tournament of Hearts,2f1e3b8b,-2,0,-2,-5,1,7,1,1,0,-4,0
2025 Scotties Tournament of Hearts,2f1e3b8b,1,0,1,0,0,6,1,1,1,1,0
2025 Scotties Tournament of Hearts,2f1e3b8b,0,0,0,-2,1,5,0,1,0,0,0
2025 Scotties Tournament of Hearts,2f1e3b8b,0,-4,0,-2,0,4,0,1,1,-2,0
2025 Scotties Tournament of Hearts,2f1e3b8b,2,0,1,-2,1,3,1,1,0,1,0
2025 Scotties Tournament of Hearts,2f1e3b8b,0,-3,0,-6,1,2,0,1,1,-4,0
2025 Scotties Tournament of Hearts,9b237c55,0,0,0,0,0,9,1,1,0,0,1
2025 Scotties Tournament of Hearts,9b237c55,1,7,-2,3,0,8,1,1,1,2,1
2025 Scotties Tournament of Hearts,9b237c55,0,3,6,0,-2,7,0,1,0,1,1
2025 Scotties Tournament of Hearts,9b237c55,-1,-2,3,0,0,6,0,1,1,-1,1
2025 Scotties Tournament of Hearts,9b237c55,0,5,4,2,-1,5,1,1,0,2,1
2025 Scotties Tournament of Hearts,9b237c55,1,2,-4,-2,1,4,0,1,1,-2,1
2025 Scotties Tournament of Hearts,9b237c55,-2,8,0,-4,1,3,1,1,0,1,1
2025 Scotties Tournament of Hearts,9b237c55,0,2,0,1,0,2,0,1,1,-1,1
2025 Scotties Tournament of Hearts,9b237c55,5,2,0,4,0,1,1,1,0,2,1
2025 Scotties Tournament of Hearts,27fa55fd,1,4,1,1,0,9,1,1,0,2,1
2025 Scotties Tournament of Hearts,27fa55fd,2,2,3,6,-1,8,0,1,1,3,1
2025 Scotties Tournament of Hearts,27fa55fd,3,5,-1,-1,0,7,0,1,0,-1,1
2025 Scotties Tournament of Hearts,27fa55fd,-1,0,-2,2,0,6,1,1,1,2,1
2025 Scotties Tournament of Hearts,27fa55fd,-4,3,4,7,-1,5,0,1,0,3,1
2025 Scotties Tournament of Hearts,27fa55fd,-4,2,1,-1,0,4,0,1,1,-1,1
2025 Scotties Tournament of Hearts,27fa55fd,1,0,1,1,0,3,1,1,0,3,1
2025 Scotties Tournament of Hearts,27fa55fd,0,6,1,3,-1,2,0,1,1,-1,1
2025 Scotties Tournament of Hearts,66953e4a,5,4,2,3,0,9,1,1,0,2,1
2025 Scotties Tournament of Hearts,66953e4a,3,4,-4,6,-1,8,0,1,1,2,1
2025 Scotties Tournament of Hearts,66953e4a,4,-1,0,4,-1,7,0,1,0,1,1
2025 Scotties Tournament of Hearts,66953e4a,-1,3,-1,2,0,6,0,1,1,-1,1
2025 Scotties Tournament of Hearts,66953e4a,-2,0,2,0,0,5,1,1,0,1,1
2025 Scotties Tournament of Hearts,66953e4a,1,2,4,0,-1,4,0,1,1,-1,1
2025 Scotties Tournament of Hearts,66953e4a,0,0,0,-1,0,3,1,1,0,1,1
2025 Scotties Tournament of Hearts,66953e4a,1,2,6,6,-1,2,0,1,1,3,1
2025 Scotties Tournament of Hearts,e68d385e,-1,1,-1,-4,1,9,0,0,0,-3,0
2025 Scotties Tournament of Hearts,e68d385e,2,-2,-2,-2,1,8,1,0,1,1,0
2025 Scotties Tournament of Hearts,e68d385e,4,1,0,-6,1,7,0,0,0,-2,0
2025 Scotties Tournament of Hearts,e68d385e,0,2,2,2,0,6,1,0,1,2,0
2025 Scotties Tournament of Hearts,e68d385e,-2,-3,-1,-3,0,5,0,0,0,-2,0
2025 Scotties Tournament of Hearts,e68d385e,-1,2,-1,-2,0,4,1,0,1,-1,0
2025 Scotties Tournament of Hearts,e68d385e,1,0,0,-1,0,3,1,0,0,1,0
2025 Scotties Tournament of Hearts,e68d385e,0,2,1,-1,0,2,0,0,1,-3,0
2025 Scotties Tournament of Hearts,8b6778bd,-4,-1,2,0,0,9,0,0,0,0,1
2025 Scotties Tournament of Hearts,8b6778bd,0,0,-2,-2,0,8,0,0,1,-2,1
2025 Scotties Tournament of Hearts,8b6778bd,1,-1,0,4,-1,7,1,0,0,2,1
2025 Scotties Tournament of Hearts,8b6778bd,1,2,2,1,0,6,0,0,1,-1,1
2025 Scotties Tournament of Hearts,8b6778bd,-1,3,2,-2,1,5,1,0,0,-1,1
2025 Scotties Tournament of Hearts,8b6778bd,0,-2,-2,-2,1,4,1,0,1,1,1
2025 Scotties Tournament of Hearts,8b6778bd,3,3,0,-2,0,3,0,0,0,-1,1
2025 Scotties Tournament of Hearts,8b6778bd,0,0,-1,2,0,2,1,0,1,2,1
2025 Scotties Tournament of Hearts,8b6778bd,3,0,-1,6,-1,1,0,0,0,1,1
2025 Scotties Tournament of Hearts,8b6778bd,2,-2,4,2,0,0,0,0,1,-1,1
2025 Scotties Tournament of Hearts,92f9ef8f,0,0,0,4,-1,9,0,0,0,0,0
2025 Scotties Tournament of Hearts,92f9ef8f,0,0,0,0,0,8,0,0,1,0,0
2025 Scotties Tournament of Hearts,92f9ef8f,-1,1,-3,7,-1,7,0,0,0,1,0
2025 Scotties Tournament of Hearts,92f9ef8f,0,6,1,3,0,6,0,0,1,-2,0
2025 Scotties Tournament of Hearts,92f9ef8f,0,-1,3,2,0,5,1,0,0,2,0
2025 Scotties Tournament of Hearts,92f9ef8f,0,1,-1,-2,0,4,0,0,1,-3,0
2025 Scotties Tournament of Hearts,92f9ef8f,1,4,1,1,0,3,1,0,0,2,0
2025 Scotties Tournament of Hearts,92f9ef8f,0,-2,-6,-3,1,2,0,0,1,-2,0
2025 Scotties Tournament of Hearts,92f9ef8f,2,0,0,-3,0,1,1,0,0,1,0
2025 Scotties Tournament of Hearts,4b378ef3,1,-4,5,4,-2,9,0,0,0,1,1
2025 Scotties Tournament of Hearts,4b378ef3,1,0,0,-1,0,8,0,0,1,0,1
2025 Scotties Tournament of Hearts,4b378ef3,1,1,1,6,-1,7,0,0,0,1,1
2025 Scotties Tournament of Hearts,4b378ef3,2,1,1,3,0,6,0,0,1,1,1
2025 Scotties Tournament of Hearts,4b378ef3,0,0,1,5,-1,5,0,0,0,1,1
2025 Scotties Tournament of Hearts,4b378ef3,3,-1,1,6,0,4,0,0,1,1,1
2025 Scotties Tournament of Hearts,4b378ef3,-2,-1,4,6,-2,3,0,0,0,1,1
2025 Scotties Tournament of Hearts,4b378ef3,0,0,4,4,0,2,0,0,1,2,1
2025 Scotties Tournament of Hearts,4b378ef3,-4,-2,0,0,0,1,0,0,0,-2,1
2025 Scotties Tournament of Hearts,4611cb53,3,4,-2,-4,1,9,1,1,0,1,0
2025 Scotties Tournament of Hearts,4611cb53,-2,2,3,-2,-1,8,0,1,1,-2,0
2025 Scotties Tournament of Hearts,4611cb53,-4,2,0,1,0,7,1,1,0,2,0
2025 Scotties Tournament of Hearts,4611cb53,2,2,3,2,0,6,0,1,1,1,0
2025 Scotties Tournament of Hearts,4611cb53,3,3,-2,-3,0,5,0,1,0,-2,0
2025 Scotties Tournament of Hearts,4611cb53,2,-3,2,5,-1,4,1,1,1,3,0
2025 Scotties Tournament of Hearts,4611cb53,2,0,0,4,-1,3,0,1,0,-1,0
2025 Scotties Tournament of Hearts,4611cb53,-6,1,-1,-2,1,2,1,1,1,-1,0
2025 Scotties Tournament of Hearts,4611cb53,-3,2,-3,-1,0,1,1,1,0,1,0
2025 Scotties Tournament of Hearts,4611cb53,0,-4,-1,-2,0,0,0,1,1,-3,0
2025 Scotties Tournament of Hearts,0bc44976,-1,1,-1,3,0,9,1,1,0,2,1
2025 Scotties Tournament of Hearts,0bc44976,5,1,3,6,-1,8,0,1,1,3,1
2025 Scotties Tournament of Hearts,0bc44976,0,0,2,4,-1,7,0,1,0,1,1
2025 Scotties Tournament of Hearts,0bc44976,-1,0,3,-1,0,6,0,1,1,-2,1
2025 Scotties Tournament of Hearts,0bc44976,-4,-3,1,-4,1,5,1,1,0,1,1
2025 Scotties Tournament of Hearts,0bc44976,-1,2,-2,3,1,4,0,1,1,5,1
2025 Scotties Tournament of Hearts,0bc44976,-1,5,1,3,0,3,0,1,0,-2,1
2025 Scotties Tournament of Hearts,0bc44976,-2,6,4,5,-2,2,1,1,1,3,1
2025 Scotties Tournament of Hearts,d2a0ed6e,-4,0,0,-2,0,9,1,1,0,0,0
2025 Scotties Tournament of Hearts,d2a0ed6e,0,0,-2,-2,1,8,1,1,1,1,0
2025 Scotties Tournament of Hearts,d2a0ed6e,-2,7,0,6,-2,7,0,1,0,1,0
2025 Scotties Tournament of Hearts,d2a0ed6e,7,-1,4,0,0,6,0,1,1,-2,0
2025 Scotties Tournament of Hearts,d2a0ed6e,0,-2,-3,-4,2,5,1,1,0,-2,0
2025 Scotties Tournament of Hearts,d2a0ed6e,-2,-1,3,1,0,4,1,1,1,2,0
2025 Scotties Tournament of Hearts,d2a0ed6e,3,3,0,-4,0,3,0,1,0,-2,0
2025 Scotties Tournament of Hearts,d2a0ed6e,1,0,2,3,-1,2,1,1,1,2,0
2025 Scotties Tournament of Hearts,d2a0ed6e,1,0,2,-1,-1,1,0,1,0,-1,0
2025 Scotties Tournament of Hearts,d2a0ed6e,0,1,-4,-5,3,0,1,1,1,-1,0
2025 Scotties Tournament of Hearts,05356474,0,0,3,-1,0,9,1,1,0,1,0
2025 Scotties Tournament of Hearts,05356474,-1,-1,-1,-5,1,8,0,1,1,-3,0
2025 Scotties Tournament of Hearts,05356474,-4,-2,-6,-1,2,7,1,1,0,1,0
2025 Scotties Tournament of Hearts,05356474,2,0,-1,-1,0,6,0,1,1,-2,0
2025 Scotties Tournament of Hearts,05356474,-3,-5,-3,-5,1,5,1,1,0,-1,0
2025 Scotties Tournament of Hearts,05356474,0,3,0,-3,1,4,1,1,1,1,0
2025 Scotties Tournament of Hearts,05356474,0,-1,0,5,-1,3,0,1,0,2,0
2025 Scotties Tournament of Hearts,05356474,1,0,-5,3,0,2,0,1,1,-1,0
2025 Scotties Tournament of Hearts,05356474,3,2,1,1,0,1,1,1,0,2,0
2025 Scotties Tournament of Hearts,05356474,-2,0,2,-4,0,0,0,1,1,-1,0
2025 Scotties Tournament of Hearts,df8050bd,4,0,3,-1,0,9,1,1,0,0,1
2025 Scotties Tournament of Hearts,df8050bd,0,-4,-1,1,1,8,1,1,1,2,1
2025 Scotties Tournament of Hearts,df8050bd,2,1,-2,4,1,7,0,1,0,1,1
2025 Scotties Tournament of Hearts,df8050bd,0,-1,-1,1,0,6,0,1,1,-2,1
2025 Scotties Tournament of Hearts,df8050bd,-1,0,-1,4,-1,5,1,1,0,2,1
2025 Scotties Tournament of Hearts,df8050bd,1,0,1,4,-1,4,0,1,1,1,1
2025 Scotties Tournament of Hearts,df8050bd,-1,0,1,4,0,3,0,1,0,2,1
2025 Scotties Tournament of Hearts,df8050bd,2,2,2,-4,1,2,0,1,1,-2,1
2025 Scotties Tournament of Hearts,df8050bd,1,2,-1,1,0,1,1,1,0,3,1
2025 Scotties Tournament of Hearts,83baa50a,0,-1,0,0,0,9,1,1,0,1,0
2025 Scotties Tournament of Hearts,83baa50a,-1,3,-2,-2,0,8,0,1,1,-2,0
2025 Scotties Tournament of Hearts,83baa50a,-3,-1,2,-2,1,7,1,1,0,1,0
2025 Scotties Tournament of Hearts,83baa50a,2,2,2,2,0,6,0,1,1,-1,0
2025 Scotties Tournament of Hearts,83baa50a,-1,-2,-3,2,1,5,1,1,0,1,0
2025 Scotties Tournament of Hearts,83baa50a,1,-3,-3,3,0,4,0,1,1,-1,0
2025 Scotties Tournament of Hearts,83baa50a,0,0,2,4,0,3,1,1,0,2,0
2025 Scotties Tournament of Hearts,83baa50a,0,-2,1,1,0,2,0,1,1,-2,0
2025 Scotties Tournament of Hearts,83baa50a,-3,1,0,-3,1,1,1,1,0,1,0
2025 Scotties Tournament of Hearts,83baa50a,1,-2,0,-3,0,0,0,1,1,-1,0
2025 Scotties Tournament of Hearts,76a67587,4,1,0,-3,1,9,0,0,0,-2,1
2025 Scotties Tournament of Hearts,76a67587,-1,-4,-1,7,-2,8,1,0,1,3,1
2025 Scotties Tournament of Hearts,76a67587,1,2,2,0,0,7,0,0,0,0,1
2025 Scotties Tournament of Hearts,76a67587,0,-4,1,2,0,6,0,0,1,0,1
2025 Scotties Tournament of Hearts,76a67587,0,-2,-4,-2,0,5,0,0,0,-2,1
2025 Scotties Tournament of Hearts,76a67587,-1,1,-1,2,0,4,1,0,1,0,1
2025 Scotties Tournament of Hearts,76a67587,-1,-1,1,0,0,3,1,0,0,2,1
2025 Scotties Tournament of Hearts,76a67587,4,0,2,7,-1,2,0,0,1,2,1
2025 Scotties Tournament of Hearts,76a67587,-1,2,-1,2,0,1,0,0,0,1,1
2025 Scotties Tournament of Hearts,4c2b3b0a,1,0,2,2,0,9,1,1,0,2,1
2025 Scotties Tournament of Hearts,4c2b3b0a,-2,0,-4,0,1,8,0,1,1,-2,1
2025 Scotties Tournament of Hearts,4c2b3b0a,-2,2,-2,-3,0,7,1,1,0,1,1
2025 Scotties Tournament of Hearts,4c2b3b0a,1,1,0,0,0,6,0,1,1,-2,1
2025 Scotties Tournament of Hearts,4c2b3b0a,0,1,-1,1,0,5,1,1,0,2,1
2025 Scotties Tournament of Hearts,4c2b3b0a,-1,2,4,7,-3,4,0,1,1,1,1
2025 Scotties Tournament of Hearts,4c2b3b0a,3,5,7,1,-1,3,0,1,0,1,1
2025 Scotties Tournament of Hearts,4c2b3b0a,1,0,0,-3,0,2,0,1,1,-2,1
2025 Scotties Tournament of Hearts,4c2b3b0a,4,-1,2,-1,0,1,1,1,0,1,1
2025 Scotties Tournament of Hearts,4c2b3b0a,0,2,4,6,-2,0,0,1,1,1,1
2025 Scotties Tournament of Hearts,1aa14c5d,-1,-2,-2,-4,1,9,1,1,0,-2,0
2025 Scotties Tournament of Hearts,1aa14c5d,0,2,-1,4,1,8,1,1,1,3,0
2025 Scotties Tournament of Hearts,1aa14c5d,-2,6,-3,0,0,7,0,1,0,-1,0
2025 Scotties Tournament of Hearts,1aa14c5d,3,-3,0,-8,2,6,1,1,1,-5,0
2025 Scotties Tournament of Hearts,1aa14c5d,0,-4,-3,-2,1,5,1,1,0,-2,0
2025 Scotties Tournament of Hearts,1aa14c5d,-1,4,0,2,0,4,1,1,1,2,0
2025 Scotties Tournament of Hearts,1aa14c5d,1,0,2,2,0,3,0,1,0,1,0
2025 Scotties Tournament of Hearts,1aa14c5d,0,-7,-3,0,0,2,0,1,1,-2,0
2025 Scotties Tournament of Hearts,fe390c82,-4,-3,-2,3,0,9,1,1,0,0,0
2025 Scotties Tournament of Hearts,fe390c82,-1,-3,-1,-4,1,8,1,1,1,1,0
2025 Scotties Tournament of Hearts,fe390c82,0,-1,3,-4,1,7,0,1,0,-2,0
2025 Scotties Tournament of Hearts,fe390c82,2,-2,-1,6,-1,6,1,1,1,3,0
2025 Scotties Tournament of Hearts,fe390c82,2,-1,-1,3,0,5,0,1,0,1,0
2025 Scotties Tournament of Hearts,fe390c82,-3,3,3,0,-1,4,0,1,1,-1,0
2025 Scotties Tournament of Hearts,fe390c82,1,0,1,-2,0,3,1,1,0,-1,0
2025 Scotties Tournament of Hearts,fe390c82,-1,-1,-2,-3,2,2,1,1,1,1,0
2025 Scotties Tournament of Hearts,fe390c82,-4,1,-3,5,-1,1,0,1,0,-1,0
2025 Scotties Tournament of Hearts,fe390c82,-1,-1,0,-2,1,0,1,1,1,-1,0
2025 Scotties Tournament of Hearts,fe390c82,0,1,1,-5,1,-1,1,1,0,-2,0
2025 Scotties Tournament of Hearts,6428da09,5,4,1,1,0,9,0,0,0,-1,0
2025 Scotties Tournament of Hearts,6428da09,-4,-4,0,-3,1,8,1,0,1,1,0
2025 Scotties Tournament of Hearts,6428da09,-4,-3,-2,0,0,7,0,0,0,-2,0
2025 Scotties Tournament of Hearts,6428da09,0,0,-6,0,1,6,1,0,1,1,0
2025 Scotties Tournament of Hearts,6428da09,3,-2,0,0,0,5,0,0,0,0,0
2025 Scotties Tournament of Hearts,6428da09,0,0,-3,-2,0,4,0,0,1,-2,0
2025 Scotties Tournament of Hearts,6428da09,-2,-1,2,0,0,3,1,0,0,2,0
2025 Scotties Tournament of Hearts,6428da09,2,0,0,1,0,2,0,0,1,-1,0
2025 Scotties Tournament of Hearts,6428da09,1,-2,2,2,0,1,1,0,0,2,0
2025 Scotties Tournament of Hearts,6428da09,0,-2,0,0,0,0,0,0,1,-3,0
2025 Scotties Tournament of Hearts,040007f0,-1,0,0,0,0,9,0,0,0,0,0
2025 Scotties Tournament of Hearts,040007f0,0,1,2,0,0,8,0,0,1,-1,0
2025 Scotties Tournament of Hearts,040007f0,-2,0,7,-1,-1,7,1,0,0,0,0
2025 Scotties Tournament of Hearts,040007f0,2,-2,0,-2,0,6,1,0,1,1,0
2025 Scotties Tournament of Hearts,040007f0,0,-1,1,0,0,5,0,0,0,-1,0
2025 Scotties Tournament of Hearts,040007f0,2,-4,0,0,0,4,1,0,1,0,0
2025 Scotties Tournament of Hearts,040007f0,3,0,1,-4,1,3,1,0,0,-1,0
2025 Scotties Tournament of Hearts,040007f0,-2,2,-2,-4,1,2,1,0,1,-2,0
2025 Scotties Tournament of Hearts,040007f0,0,3,-1,-6,1,1,1,0,0,-1,0
2025 Scotties Tournament of Hearts,3dde98b7,1,0,0,-4,0,9,0,0,0,-2,0
2025 Scotties Tournament of Hearts,3dde98b7,-1,0,0,-5,1,8,1,0,1,-1,0
2025 Scotties Tournament of Hearts,3dde98b7,-1,-3,-2,-1,0,7,1,0,0,1,0
2025 Scotties Tournament of Hearts,3dde98b7,0,3,0,0,0,6,0,0,1,-1,0
2025 Scotties Tournament of Hearts,3dde98b7,0,-1,-1,1,0,5,1,0,0,2,0
2025 Scotties Tournament of Hearts,3dde98b7,-1,0,-1,-2,0,4,0,0,1,-2,0
2025 Scotties Tournament of Hearts,3dde98b7,0,0,1,-4,1,3,1,0,0,-1,0
2025 Scotties Tournament of Hearts,3dde98b7,0,1,-3,2,0,2,1,0,1,2,0
2025 Scotties Tournament of Hearts,3dde98b7,0,3,2,-1,0,1,0,0,0,-1,0
2025 Scotties Tournament of Hearts,3dde98b7,1,0,-2,-8,2,0,1,0,1,-2,0
2025 Scotties Tournament of Hearts,5e3e50b4,1,2,-2,-1,-1,9,0,0,0,-2,1
2025 Scotties Tournament of Hearts,5e3e50b4,-8,0,1,0,0,8,1,0,1,2,1
2025 Scotties Tournament of Hearts,5e3e50b4,0,-1,6,6,-3,7,0,0,0,1,1
2025 Scotties Tournament of Hearts,5e3e50b4,0,1,-1,-2,0,6,0,0,1,-1,1
2025 Scotties Tournament of Hearts,5e3e50b4,-1,-2,2,3,-1,5,1,0,0,2,1
2025 Scotties Tournament of Hearts,5e3e50b4,1,0,4,1,-2,4,0,0,1,1,1
2025 Scotties Tournament of Hearts,5e3e50b4,0,-1,0,3,0,3,0,0,0,-1,1
2025 Scotties Tournament of Hearts,5e3e50b4,0,2,-2,7,-1,2,1,0,1,3,1
2025 Scotties Tournament of Hearts,5e3e50b4,0,0,4,-1,0,1,0,0,0,-2,1
2025 Scotties Tournament of Hearts,5e3e50b4,-8,0,-1,-2,0,0,1,0,1,-2,1
2025 Scotties Tournament of Hearts,ca2515e8,2,-3,-1,-4,0,9,0,0,0,-2,0
2025 Scotties Tournament of Hearts,ca2515e8,0,-2,-2,3,0,8,1,0,1,0,0
2025 Scotties Tournament of Hearts,ca2515e8,1,-1,3,-4,1,7,1,0,0,2,0
2025 Scotties Tournament of Hearts,ca2515e8,0,3,-2,1,0,6,0,0,1,-2,0
2025 Scotties Tournament of Hearts,ca2515e8,0,-1,-2,2,0,5,1,0,0,0,0
2025 Scotties Tournament of Hearts,ca2515e8,0,1,0,-3,1,4,1,0,1,1,0
2025 Scotties Tournament of Hearts,ca2515e8,6,3,2,1,0,3,0,0,0,-1,0
2025 Scotties Tournament of Hearts,ca2515e8,-2,-4,-1,6,-1,2,1,0,1,3,0
2025 Scotties Tournament of Hearts,ca2515e8,1,-1,-2,-3,1,1,0,0,0,-3,0
2025 Scotties Tournament of Hearts,ca2515e8,-1,-3,-2,-4,1,0,1,0,1,1,0
2025 Scotties Tournament of Hearts,d45461d1,-1,0,1,4,0,9,1,1,0,2,1
2025 Scotties Tournament of Hearts,d45461d1,1,0,0,4,-1,8,0,1,1,1,1
2025 Scotties Tournament of Hearts,d45461d1,0,-2,-1,-2,0,7,0,1,0,-2,1
2025 Scotties Tournament of Hearts,d45461d1,0,1,0,2,0,6,1,1,1,2,1
2025 Scotties Tournament of Hearts,d45461d1,-1,-1,2,-3,0,5,0,1,0,-2,1
2025 Scotties Tournament of Hearts,d45461d1,4,4,1,1,0,4,1,1,1,2,1
2025 Scotties Tournament of Hearts,d45461d1,1,1,0,-2,0,3,0,1,0,-2,1
2025 Scotties Tournament of Hearts,d45461d1,0,0,0,-1,0,2,1,1,1,1,1
2025 Scotties Tournament of Hearts,d45461d1,0,-2,3,-2,0,1,0,1,0,-2,1
2025 Scotties Tournament of Hearts,d45461d1,0,0,-1,2,0,0,1,1,1,1,1
2025 Scotties Tournament of Hearts,dc96cb72,2,-1,0,1,0,9,0,0,0,-1,0
2025 Scotties Tournament of Hearts,dc96cb72,0,-1,-2,-4,0,8,1,0,1,-1,0
2025 Scotties Tournament of Hearts,dc96cb72,-2,-1,0,4,0,7,1,0,0,2,0
2025 Scotties Tournament of Hearts,dc96cb72,0,-3,-1,2,-1,6,0,0,1,-1,0
2025 Scotties Tournament of Hearts,dc96cb72,-5,-1,-2,-2,0,5,1,0,0,-1,0
2025 Scotties Tournament of Hearts,dc96cb72,-2,-1,0,-4,0,4,1,0,1,-1,0
2025 Scotties Tournament of Hearts,dc96cb72,-1,-1,-1,-3,1,3,1,0,0,1,0
2025 Scotties Tournament of Hearts,dc96cb72,1,-1,2,-1,0,2,0,0,1,-2,0
2025 Scotties Tournament of Hearts,dc96cb72,0,4,-4,0,1,1,1,0,0,2,0
2025 Scotties Tournament of Hearts,dc96cb72,-1,2,0,-2,0,0,0,0,1,-3,0
2025 Scotties Tournament of Hearts,ce418439,0,0,-2,0,0,9,0,0,0,0,0
2025 Scotties Tournament of Hearts,ce418439,-1,2,0,-1,1,8,0,0,1,-2,0
2025 Scotties Tournament of Hearts,ce418439,0,-2,0,-1,1,7,1,0,0,0,0
2025 Scotties Tournament of Hearts,ce418439,1,-2,-2,-3,1,6,1,0,1,-1,0
2025 Scotties Tournament of Hearts,ce418439,-1,-1,1,4,-1,5,1,0,0,2,0
2025 Scotties Tournament of Hearts,ce418439,2,0,-1,0,0,4,0,0,1,-1,0
2025 Scotties Tournament of Hearts,ce418439,0,2,-3,-1,0,3,1,0,0,1,0
2025 Scotties Tournament of Hearts,ce418439,0,-4,0,0,0,2,0,0,1,0,0
2025 Scotties Tournament of Hearts,ce418439,0,-2,0,-4,0,1,0,0,0,-3,0
2025 Scotties Tournament of Hearts,ddeeede7,2,1,-1,2,-1,9,0,0,0,0,0
2025 Scotties Tournament of Hearts,ddeeede7,-2,-3,1,0,0,8,0,0,1,-1,0
2025 Scotties Tournament of Hearts,ddeeede7,-3,1,-1,-5,0,7,1,0,0,-1,0
2025 Scotties Tournament of Hearts,ddeeede7,1,-1,-1,1,0,6,1,0,1,0,0
2025 Scotties Tournament of Hearts,ddeeede7,1,-2,0,2,0,5,1,0,0,2,0
2025 Scotties Tournament of Hearts,ddeeede7,0,-5,-1,0,0,4,0,0,1,-2,0
2025 Scotties Tournament of Hearts,ddeeede7,0,-1,-2,-6,1,3,1,0,0,-2,0
2025 Scotties Tournament of Hearts,ddeeede7,0,-2,-3,1,0,2,1,0,1,2,0
2025 Scotties Tournament of Hearts,ddeeede7,-1,-1,0,2,0,1,0,0,0,-2,0
2024 Scotties Tournament of Hearts,9d649100,0,0,2,-2,0,9,1,1,0,0,0
2024 Scotties Tournament of Hearts,9d649100,-2,3,4,-1,1,8,1,1,1,-1,0
2024 Scotties Tournament of Hearts,9d649100,3,-2,0,-4,1,7,1,1,0,1,0
2024 Scotties Tournament of Hearts,9d649100,6,0,0,4,0,6,0,1,1,1,0
2024 Scotties Tournament of Hearts,9d649100,0,4,-4,7,-1,5,0,1,0,1,0
2024 Scotties Tournament of Hearts,9d649100,-1,-4,-3,-2,0,4,0,1,1,-2,0
2024 Scotties Tournament of Hearts,9d649100,1,0,1,-1,-1,3,1,1,0,1,0
2024 Scotties Tournament of Hearts,9d649100,3,-3,0,1,0,2,0,1,1,-2,0
2024 Scotties Tournament of Hearts,9d649100,2,2,1,-2,0,1,1,1,0,1,0
2024 Scotties Tournament of Hearts,42cdb27f,1,-2,-1,-4,1,9,1,1,0,1,1
2024 Scotties Tournament of Hearts,42cdb27f,-2,0,3,1,-1,8,0,1,1,1,1
2024 Scotties Tournament of Hearts,42cdb27f,4,-1,0,-2,0,7,0,1,0,0,1
2024 Scotties Tournament of Hearts,42cdb27f,0,0,-3,0,0,6,0,1,1,-2,1
2024 Scotties Tournament of Hearts,42cdb27f,-1,0,-3,-3,0,5,1,1,0,1,1
2024 Scotties Tournament of Hearts,42cdb27f,0,0,3,0,-1,4,0,1,1,0,1
2024 Scotties Tournament of Hearts,42cdb27f,1,-2,2,-1,0,3,0,1,0,-2,1
2024 Scotties Tournament of Hearts,42cdb27f,1,1,1,-2,0,2,1,1,1,1,1
2024 Scotties Tournament of Hearts,42cdb27f,0,-3,3,1,0,1,0,1,0,-1,1
2024 Scotties Tournament of Hearts,42cdb27f,-1,0,0,0,0,0,1,1,1,2,1
2024 Scotties Tournament of Hearts,0822795c,-4,-4,-5,-2,1,9,0,0,0,-3,0
2024 Scotties Tournament of Hearts,0822795c,-2,-2,3,-2,0,8,1,0,1,2,0
2024 Scotties Tournament of Hearts,0822795c,1,3,-4,2,-1,7,0,0,0,-1,0
2024 Scotties Tournament of Hearts,0822795c,0,1,0,-1,0,6,1,0,1,1,0
2024 Scotties Tournament of Hearts,0822795c,3,4,0,0,0,5,0,0,0,-1,0
2024 Scotties Tournament of Hearts,0822795c,2,-5,-2,0,0,4,1,0,1,1,0
2024 Scotties Tournament of Hearts,0822795c,2,2,4,1,-1,3,0,0,0,-1,0
2024 Scotties Tournament of Hearts,0822795c,0,-1,5,-2,0,2,1,0,1,1,0
2024 Scotties Tournament of Hearts,0822795c,1,6,-3,-6,1,1,0,0,0,-3,0
2024 Scotties Tournament of Hearts,42101ea9,-1,2,1,-1,0,9,1,1,0,2,1
2024 Scotties Tournament of Hearts,42101ea9,1,1,2,-1,1,8,0,1,1,-1,1
2024 Scotties Tournament of Hearts,42101ea9,-1,2,3,0,0,7,1,1,0,4,1
2024 Scotties Tournament of Hearts,42101ea9,1,0,2,3,-1,6,0,1,1,-1,1
2024 Scotties Tournament of Hearts,42101ea9,0,0,5,-2,0,5,1,1,0,1,1
2024 Scotties Tournament of Hearts,42101ea9,0,1,-2,-2,0,4,0,1,1,-1,1
2024 Scotties Tournament of Hearts,42101ea9,0,0,0,-2,1,3,1,1,0,-1,1
2024 Scotties Tournament of Hearts,42101ea9,2,-2,2,-3,1,2,1,1,1,-1,1
2024 Scotties Tournament of Hearts,42101ea9,0,2,0,0,0,1,1,1,0,1,1
2024 Scotties Tournament of Hearts,42101ea9,0,0,5,0,0,0,0,1,1,-1,1
2024 Scotties Tournament of Hearts,08606e4c,0,0,0,0,-1,9,1,1,0,0,1
2024 Scotties Tournament of Hearts,08606e4c,2,-1,-4,-2,0,8,1,1,1,1,1
2024 Scotties Tournament of Hearts,08606e4c,5,2,2,4,0,7,0,1,0,1,1
2024 Scotties Tournament of Hearts,08606e4c,0,0,1,2,-1,6,0,1,1,-2,1
2024 Scotties Tournament of Hearts,08606e4c,0,2,-1,-3,1,3,1,1,0,0,1
2024 Scotties Tournament of Hearts,08606e4c,2,0,2,-1,1,2,1,1,1,3,1
2024 Scotties Tournament of Hearts,08606e4c,1,0,-2,3,-1,1,0,1,0,1,1
2024 Scotties Tournament of Hearts,0c00c629,2,-2,2,8,-2,9,1,1,0,4,0
2024 Scotties Tournament of Hearts,0c00c629,1,-2,-1,0,0,8,0,1,1,-2,0
2024 Scotties Tournament of Hearts,0c00c629,3,0,0,0,0,7,1,1,0,0,0
2024 Scotties Tournament of Hearts,0c00c629,4,0,1,1,0,6,1,1,1,1,0
2024 Scotties Tournament of Hearts,0c00c629,1,-1,6,-8,2,5,0,1,0,-2,0
2024 Scotties Tournament of Hearts,0c00c629,-2,4,-3,-3,0,4,1,1,1,-1,0
2024 Scotties Tournament of Hearts,0c00c629,3,0,-1,-2,0,3,1,1,0,1,0
2024 Scotties Tournament of Hearts,0c00c629,0,4,1,-4,1,2,0,1,1,-2,0
2024 Scotties Tournament of Hearts,0c00c629,3,0,0,0,0,1,1,1,0,0,0
2024 Scotties Tournament of Hearts,0c00c629,2,7,0,-1,-1,0,1,1,1,-1,0
2024 Scotties Tournament of Hearts,c4a19072,0,-1,-1,5,-1,9,1,1,0,2,1
2024 Scotties Tournament of Hearts,c4a19072,-4,1,-2,-2,0,8,0,1,1,-2,1
2024 Scotties Tournament of Hearts,c4a19072,1,4,1,-2,1,7,1,1,0,2,1
2024 Scotties Tournament of Hearts,c4a19072,2,2,0,2,-1,6,0,1,1,-1,1
2024 Scotties Tournament of Hearts,c4a19072,0,2,-1,4,0,5,1,1,0,3,1
2024 Scotties Tournament of Hearts,c4a19072,-3,1,2,3,0,4,0,1,1,1,1
2024 Scotties Tournament of Hearts,c4a19072,2,0,1,6,-2,3,0,1,0,2,1
2024 Scotties Tournament of Hearts,c4a19072,-3,-3,4,-2,-1,2,0,1,1,-1,1
2024 Scotties Tournament of Hearts,c4a19072,-7,-1,1,2,0,1,1,1,0,2,1
2024 Scotties Tournament of Hearts,9d56a244,-1,-3,-1,-3,0,9,1,1,0,1,0
2024 Scotties Tournament of Hearts,9d56a244,-1,3,-2,-4,1,8,0,1,1,-2,0
2024 Scotties Tournament of Hearts,9d56a244,-3,-2,0,-5,1,7,1,1,0,-1,0
2024 Scotties Tournament of Hearts,9d56a244,0,0,-3,-1,0,6,1,1,1,1,0
2024 Scotties Tournament of Hearts,9d56a244,-2,2,1,3,0,5,0,1,0,1,0
2024 Scotties Tournament of Hearts,9d56a244,-2,-4,-3,-4,0,4,0,1,1,-4,0
2024 Scotties Tournament of Hearts,9d56a244,3,-1,-2,-2,1,3,1,1,0,1,0
2024 Scotties Tournament of Hearts,9d56a244,0,-2,6,0,0,2,0,1,1,-1,0
2024 Scotties Tournament of Hearts,9d56a244,0,-5,-1,4,-1,1,1,1,0,2,0
2024 Scotties Tournament of Hearts,9d56a244,1,1,-2,2,0,0,0,1,1,2,0
2024 Scotties Tournament of Hearts,9d56a244,-1,0,-4,-2,0,-1,0,1,0,-1,0
2024 Scotties Tournament of Hearts,d3e71bae,-1,1,-4,2,0,9,0,0,0,0,0
2024 Scotties Tournament of Hearts,d3e71bae,-4,1,1,2,0,8,0,0,1,-2,0
2024 Scotties Tournament of Hearts,d3e71bae,-3,2,1,-3,1,7,1,0,0,1,0
2024 Scotties Tournament of Hearts,d3e71bae,0,-1,0,-5,1,6,0,0,1,-2,0
2024 Scotties Tournament of Hearts,d3e71bae,-1,0,3,-1,-1,5,1,0,0,1,0
2024 Scotties Tournament of Hearts,d3e71bae,-1,-3,0,2,0,4,0,0,1,-1,0
2024 Scotties Tournament of Hearts,d3e71bae,-1,-4,-4,-2,1,3,1,0,0,1,0
2024 Scotties Tournament of Hearts,d3e71bae,2,1,-1,-1,0,2,0,0,1,-1,0
2024 Scotties Tournament of Hearts,d3e71bae,5,1,0,-1,0,1,1,0,0,-1,0
2024 Scotties Tournament of Hearts,97272691,0,2,0,0,0,9,0,0,0,0,1
2024 Scotties Tournament of Hearts,97272691,-4,-1,6,5,-2,8,0,0,1,3,1
2024 Scotties Tournament of Hearts,97272691,3,2,2,0,0,7,0,0,0,-1,1
2024 Scotties Tournament of Hearts,97272691,2,5,-3,-7,1,6,1,0,1,-1,1
2024 Scotties Tournament of Hearts,97272691,0,0,2,0,1,5,1,0,0,0,1
2024 Scotties Tournament of Hearts,97272691,1,5,2,2,0,4,1,0,1,2,1
2024 Scotties Tournament of Hearts,97272691,-2,-1,2,-4,1,3,0,0,0,-2,1
2024 Scotties Tournament of Hearts,97272691,3,0,-3,0,1,2,1,0,1,1,1
2024 Scotties Tournament of Hearts,97272691,0,-1,0,6,-1,1,0,0,0,1,1
2024 Scotties Tournament of Hearts,0e855727,1,1,-4,4,0,9,0,0,0,-1,0
2024 Scotties Tournament of Hearts,0e855727,0,3,-1,-2,0,8,1,0,1,1,0
2024 Scotties Tournament of Hearts,0e855727,-1,-3,0,-4,1,7,0,0,0,-2,0
2024 Scotties Tournament of Hearts,0e855727,-3,0,-2,-5,1,6,1,0,1,-1,0
2024 Scotties Tournament of Hearts,0e855727,-4,0,-1,0,0,5,1,0,0,1,0
2024 Scotties Tournament of Hearts,0e855727,4,0,-5,0,0,4,0,0,1,-2,0
2024 Scotties Tournament of Hearts,0e855727,1,-3,-2,0,0,3,1,0,0,1,0
2024 Scotties Tournament of Hearts,0e855727,0,-4,2,2,-1,2,0,0,1,-1,0
2024 Scotties Tournament of Hearts,0e855727,0,2,-1,-4,0,1,1,0,0,-1,0
2024 Scotties Tournament of Hearts,790a1656,-4,0,0,-6,1,9,1,1,0,-1,0
2024 Scotties Tournament of Hearts,790a1656,2,-1,-1,-1,1,8,1,1,1,-1,0
2024 Scotties Tournament of Hearts,790a1656,0,-2,-5,-4,2,7,1,1,0,-2,0
2024 Scotties Tournament of Hearts,790a1656,0,0,0,-4,1,6,1,1,1,-2,0
2024 Scotties Tournament of Hearts,790a1656,2,-2,-8,1,1,5,1,1,0,1,0
2024 Scotties Tournament of Hearts,790a1656,2,0,0,0,0,4,0,1,1,-1,0
2024 Scotties Tournament of Hearts,790a1656,0,-4,0,3,0,3,1,1,0,2,0
2024 Scotties Tournament of Hearts,790a1656,0,0,2,1,0,2,0,1,1,-1,0
2024 Scotties Tournament of Hearts,024bb63a,-3,-1,-3,-1,0,9,1,1,0,1,1
2024 Scotties Tournament of Hearts,024bb63a,4,1,1,-1,0,8,0,1,1,1,1
2024 Scotties Tournament of Hearts,024bb63a,-4,-2,0,-5,1,7,0,1,0,-3,1
2024 Scotties Tournament of Hearts,024bb63a,0,-3,-1,4,0,6,1,1,1,1,1
2024 Scotties Tournament of Hearts,024bb63a,-2,-2,1,0,0,5,0,1,0,-1,1
2024 Scotties Tournament of Hearts,024bb63a,-2,0,1,-3,1,4,1,1,1,1,1
2024 Scotties Tournament of Hearts,024bb63a,1,2,4,7,-1,3,0,1,0,3,1
2024 Scotties Tournament of Hearts,024bb63a,0,-2,3,-3,0,2,0,1,1,-2,1
2024 Scotties Tournament of Hearts,024bb63a,1,1,0,-3,1,1,1,1,0,1,1
2024 Scotties Tournament of Hearts,024bb63a,0,3,-2,6,-1,0,0,1,1,1,1
2024 Scotties Tournament of Hearts,9441b463,-4,-1,-3,-3,0,9,0,0,0,-2,1
2024 Scotties Tournament of Hearts,9441b463,-1,-1,2,0,0,8,1,0,1,1,1
2024 Scotties Tournament of Hearts,9441b463,0,-1,0,-1,0,7,0,0,0,-2,1
2024 Scotties Tournament of Hearts,9441b463,2,-1,-1,-4,1,6,1,0,1,-2,1
2024 Scotties Tournament of Hearts,9441b463,-2,2,-2,2,0,5,1,0,0,2,1
2024 Scotties Tournament of Hearts,9441b463,0,-1,0,2,0,4,0,0,1,-1,1
2024 Scotties Tournament of Hearts,9441b463,-2,3,-3,5,0,3,1,0,0,2,1
2024 Scotties Tournament of Hearts,9441b463,2,0,1,2,-1,2,0,0,1,1,1
2024 Scotties Tournament of Hearts,9441b463,-1,3,3,5,-1,1,0,0,0,3,1
2024 Scotties Tournament of Hearts,9441b463,0,3,1,-1,0,0,0,0,1,-2,1
2024 Scotties Tournament of Hearts,9441b463,3,0,1,4,0,-1,1,0,0,1,1
2024 Scotties Tournament of Hearts,578e8e4e,-2,0,4,4,-1,9,1,1,0,2,1
2024 Scotties Tournament of Hearts,578e8e4e,-1,2,2,6,-2,8,0,1,1,2,1
2024 Scotties Tournament of Hearts,578e8e4e,1,3,3,-1,-1,7,0,1,0,0,1
2024 Scotties Tournament of Hearts,578e8e4e,0,4,-2,0,0,6,0,1,1,0,1
2024 Scotties Tournament of Hearts,578e8e4e,0,1,2,6,-2,5,0,1,0,3,1
2024 Scotties Tournament of Hearts,578e8e4e,-1,8,1,-2,1,4,0,1,1,-2,1
2024 Scotties Tournament of Hearts,578e8e4e,2,3,6,-1,0,3,1,1,0,1,1
2024 Scotties Tournament of Hearts,578e8e4e,-1,-3,3,0,0,2,0,1,1,-1,1
2024 Scotties Tournament of Hearts,d426b013,0,2,-2,4,0,9,1,1,0,2,1
2024 Scotties Tournament of Hearts,d426b013,-4,-1,2,-1,0,8,0,1,1,-2,1
2024 Scotties Tournament of Hearts,d426b013,2,0,-1,-2,0,7,1,1,0,1,1
2024 Scotties Tournament of Hearts,d426b013,4,-2,4,0,0,6,0,1,1,-1,1
2024 Scotties Tournament of Hearts,d426b013,0,2,1,5,0,5,1,1,0,4,1
2024 Scotties Tournament of Hearts,d426b013,0,1,1,-1,0,4,0,1,1,-2,1
2024 Scotties Tournament of Hearts,d426b013,-1,2,0,1,0,3,1,1,0,0,1
2024 Scotties Tournament of Hearts,d426b013,-2,2,2,3,-1,2,1,1,1,3,1
2024 Scotties Tournament of Hearts,d426b013,2,2,5,1,0,1,0,1,0,-1,1
2024 Scotties Tournament of Hearts,f8e3c359,0,4,-1,-3,1,9,0,0,0,-2,1
2024 Scotties Tournament of Hearts,f8e3c359,2,1,3,4,0,8,1,0,1,3,1
2024 Scotties Tournament of Hearts,f8e3c359,3,-4,0,2,0,7,0,0,0,-1,1
2024 Scotties Tournament of Hearts,f8e3c359,0,2,1,4,-1,6,1,0,1,2,1
2024 Scotties Tournament of Hearts,f8e3c359,0,4,1,2,-1,5,0,0,0,-1,1
2024 Scotties Tournament of Hearts,f8e3c359,0,0,0,5,-1,4,1,0,1,3,1
2024 Scotties Tournament of Hearts,f8e3c359,0,1,0,1,0,3,0,0,0,-2,1
2024 Scotties Tournament of Hearts,f8e3c359,0,2,1,0,0,2,1,0,1,2,1
2024 Scotties Tournament of Hearts,f8e3c359,3,1,-4,4,0,1,0,0,0,1,1
2024 Scotties Tournament of Hearts,2d642263,-4,1,-1,0,0,9,1,1,0,0,0
2024 Scotties Tournament of Hearts,2d642263,-1,5,-6,-2,2,8,1,1,1,2,0
2024 Scotties Tournament of Hearts,2d642263,1,-1,-6,-2,2,7,0,1,0,-3,0
2024 Scotties Tournament of Hearts,2d642263,-2,-1,-5,-8,3,6,1,1,1,-3,0
2024 Scotties Tournament of Hearts,2d642263,0,-7,0,-4,1,5,1,1,0,1,0
2024 Scotties Tournament of Hearts,2d642263,-6,-1,1,-3,0,4,0,1,1,-2,0
2024 Scotties Tournament of Hearts,2d642263,-2,0,3,0,0,3,1,1,0,1,0
2024 Scotties Tournament of Hearts,2d642263,-3,0,0,-2,0,2,0,1,1,-1,0
2024 Scotties Tournament of Hearts,2d642263,0,-1,0,-4,1,1,1,1,0,1,0
2024 Scotties Tournament of Hearts,54006272,-2,-3,-2,-2,0,9,1,1,0,1,1
2024 Scotties Tournament of Hearts,54006272,-3,-2,3,0,0,8,0,1,1,-1,1
2024 Scotties Tournament of Hearts,54006272,0,1,0,0,0,7,1,1,0,1,1
2024 Scotties Tournament of Hearts,54006272,0,-1,2,7,-1,6,0,1,1,3,1
2024 Scotties Tournament of Hearts,54006272,0,1,5,-1,0,5,0,1,0,-1,1
2024 Scotties Tournament of Hearts,54006272,3,0,1,0,0,4,1,1,1,1,1
2024 Scotties Tournament of Hearts,54006272,-2,0,-1,0,0,3,0,1,0,-3,1
2024 Scotties Tournament of Hearts,54006272,0,4,-3,-4,0,2,1,1,1,1,1
2024 Scotties Tournament of Hearts,54006272,0,1,0,-1,0,1,0,1,0,-2,1
2024 Scotties Tournament of Hearts,1c4bd763,-2,1,0,-4,0,9,1,1,0,1,1
2024 Scotties Tournament of Hearts,1c4bd763,2,4,4,1,0,8,0,1,1,0,1
2024 Scotties Tournament of Hearts,1c4bd763,2,0,5,6,-1,7,0,1,0,2,1
2024 Scotties Tournament of Hearts,1c4bd763,2,2,1,-6,1,6,0,1,1,-2,1
2024 Scotties Tournament of Hearts,1c4bd763,-4,-2,2,0,0,5,1,1,0,1,1
2024 Scotties Tournament of Hearts,1c4bd763,2,1,0,-3,0,4,0,1,1,-2,1
2024 Scotties Tournament of Hearts,1c4bd763,-1,-2,-3,0,1,3,1,1,0,1,1
2024 Scotties Tournament of Hearts,1c4bd763,-2,-2,-2,4,0,2,0,1,1,-1,1
2024 Scotties Tournament of Hearts,1c4bd763,-3,3,0,0,0,1,1,1,0,0,1
2024 Scotties Tournament of Hearts,1c4bd763,-2,4,2,0,0,0,1,1,1,2,1
2024 Scotties Tournament of Hearts,c253ca39,0,-1,-1,-1,0,9,1,1,0,1,1
2024 Scotties Tournament of Hearts,c253ca39,-3,0,5,6,-2,8,0,1,1,2,1
2024 Scotties Tournament of Hearts,c253ca39,0,4,5,4,0,7,0,1,0,2,1
2024 Scotties Tournament of Hearts,c253ca39,4,1,0,3,0,6,0,1,1,1,1
2024 Scotties Tournament of Hearts,c253ca39,0,1,-1,0,1,5,0,1,0,-1,1
2024 Scotties Tournament of Hearts,c253ca39,0,0,1,0,0,4,1,1,1,1,1
2024 Scotties Tournament of Hearts,c253ca39,-1,2,1,4,0,3,0,1,0,1,1
2024 Scotties Tournament of Hearts,c253ca39,-3,2,-1,4,-1,2,0,1,1,-1,1
2024 Scotties Tournament of Hearts,e8e2d7b7,1,-3,-2,-2,0,9,1,1,0,1,1
2024 Scotties Tournament of Hearts,e8e2d7b7,0,-2,0,-1,0,8,0,1,1,-2,1
2024 Scotties Tournament of Hearts,e8e2d7b7,3,-1,2,0,0,7,1,1,0,2,1
2024 Scotties Tournament of Hearts,e8e2d7b7,4,-2,0,6,-1,6,0,1,1,1,1
2024 Scotties Tournament of Hearts,e8e2d7b7,-3,-7,-4,-3,0,5,0,1,0,-4,1
2024 Scotties Tournament of Hearts,e8e2d7b7,0,0,4,0,-1,3,1,1,0,2,1
2024 Scotties Tournament of Hearts,e8e2d7b7,1,2,6,3,-2,2,0,1,1,2,1
2024 Scotties Tournament of Hearts,e8e2d7b7,-3,-2,4,0,-1,1,0,1,0,-2,1
2024 Scotties Tournament of Hearts,e8e2d7b7,-2,-2,2,7,-1,0,1,1,1,3,1
2024 Scotties Tournament of Hearts,fb18ae9d,4,2,-2,1,0,9,0,0,0,-1,1
2024 Scotties Tournament of Hearts,fb18ae9d,2,-2,4,-4,0,8,1,0,1,1,1
2024 Scotties Tournament of Hearts,fb18ae9d,0,0,3,6,-2,7,0,0,0,2,1
2024 Scotties Tournament of Hearts,fb18ae9d,2,0,0,4,-1,6,0,0,1,2,1
2024 Scotties Tournament of Hearts,fb18ae9d,0,-1,1,5,-1,5,0,0,0,2,1
2024 Scotties Tournament of Hearts,fb18ae9d,0,-1,4,5,-2,4,0,0,1,1,1
2024 Scotties Tournament of Hearts,fb18ae9d,-1,-2,1,-4,0,3,0,0,0,-3,1
2024 Scotties Tournament of Hearts,fb18ae9d,-1,4,0,-4,1,2,1,0,1,-1,1
2024 Scotties Tournament of Hearts,fb18ae9d,-4,1,0,0,0,1,1,0,0,1,1
2024 Scotties Tournament of Hearts,55654f7a,1,3,1,-3,1,9,1,1,0,1,0
2024 Scotties Tournament of Hearts,55654f7a,1,0,0,-1,0,8,0,1,1,-2,0
2024 Scotties Tournament of Hearts,55654f7a,0,6,6,2,-1,7,1,1,0,3,0
2024 Scotties Tournament of Hearts,55654f7a,5,3,0,1,-1,6,0,1,1,-1,0
2024 Scotties Tournament of Hearts,55654f7a,2,0,-4,1,0,5,1,1,0,1,0
2024 Scotties Tournament of Hearts,55654f7a,1,3,0,-1,0,4,0,1,1,0,0
2024 Scotties Tournament of Hearts,55654f7a,0,2,0,0,0,3,0,1,0,0,0
2024 Scotties Tournament of Hearts,55654f7a,0,-2,4,0,-1,2,0,1,1,-1,0
2024 Scotties Tournament of Hearts,55654f7a,0,4,2,-4,1,1,1,1,0,-2,0
2024 Scotties Tournament of Hearts,55654f7a,1,0,-5,-4,2,0,1,1,1,-1,0
2024 Scotties Tournament of Hearts,0e26b82d,-8,-1,0,-4,0,9,0,0,0,-3,0
2024 Scotties Tournament of Hearts,0e26b82d,1,0,0,3,0,8,1,0,1,1,0
2024 Scotties Tournament of Hearts,0e26b82d,2,-6,3,2,-1,7,0,0,0,1,0
2024 Scotties Tournament of Hearts,0e26b82d,-2,-3,2,-4,1,6,0,0,1,-4,0
2024 Scotties Tournament of Hearts,0e26b82d,-1,0,-1,-2,0,5,1,0,0,1,0
2024 Scotties Tournament of Hearts,0e26b82d,-1,-1,0,-1,0,4,0,0,1,-1,0
2024 Scotties Tournament of Hearts,0e26b82d,-1,3,3,0,0,3,1,0,0,0,0
2024 Scotties Tournament of Hearts,0e26b82d,1,1,-1,3,0,2,1,0,1,2,0
2024 Scotties Tournament of Hearts,0e26b82d,1,0,0,3,-1,1,0,0,0,1,0
2024 Scotties Tournament of Hearts,0e26b82d,0,-2,-1,0,0,0,0,0,1,-1,0
2024 Scotties Tournament of Hearts,e21d3231,-1,1,1,1,0,9,0,0,0,-1,0
2024 Scotties Tournament of Hearts,e21d3231,-3,0,4,0,-1,8,1,0,1,1,0
2024 Scotties Tournament of Hearts,e21d3231,0,1,3,1,0,7,0,0,0,-1,0
2024 Scotties Tournament of Hearts,e21d3231,0,-3,0,-2,1,6,1,0,1,1,0
2024 Scotties Tournament of Hearts,e21d3231,5,1,1,-2,-1,5,0,0,0,0,0
2024 Scotties Tournament of Hearts,e21d3231,0,-3,-2,5,-1,4,0,0,1,1,0
2024 Scotties Tournament of Hearts,e21d3231,0,1,-3,-4,0,3,0,0,0,-3,0
2024 Scotties Tournament of Hearts,e21d3231,0,-4,-2,0,1,2,1,0,1,1,0
2024 Scotties Tournament of Hearts,e21d3231,0,-2,1,1,-1,1,0,0,0,-1,0
2024 Scotties Tournament of Hearts,e21d3231,0,-4,0,-5,1,0,1,0,1,1,0
2024 Scotties Tournament of Hearts,7cd95271,0,0,0,1,0,9,0,0,0,-1,0
2024 Scotties Tournament of Hearts,7cd95271,1,1,-1,4,0,8,1,0,1,2,0
2024 Scotties Tournament of Hearts,7cd95271,-1,-1,0,-2,0,7,0,0,0,-2,0
2024 Scotties Tournament of Hearts,7cd95271,0,-1,2,-2,0,6,1,0,1,1,0
2024 Scotties Tournament of Hearts,7cd95271,5,-3,0,1,0,5,0,0,0,-1,0
2024 Scotties Tournament of Hearts,7cd95271,0,2,-3,1,0,4,1,0,1,1,0
2024 Scotties Tournament of Hearts,7cd95271,4,1,-2,-1,0,3,0,0,0,0,0
2024 Scotties Tournament of Hearts,7cd95271,-1,3,3,-2,0,2,0,0,1,-2,0
2024 Scotties Tournament of Hearts,7cd95271,-1,1,-1,-2,0,1,1,0,0,1,0
2024 Scotties Tournament of Hearts,aa937000,-3,0,5,4,-2,9,0,0,0,-1,0
2024 Scotties Tournament of Hearts,aa937000,-3,-3,-1,-2,1,8,1,0,1,-1,0
2024 Scotties Tournament of Hearts,aa937000,0,4,-3,1,0,7,1,0,0,1,0
2024 Scotties Tournament of Hearts,aa937000,2,-1,2,3,-1,6,0,0,1,1,0
2024 Scotties Tournament of Hearts,aa937000,1,-2,-4,-6,1,5,0,0,0,-3,0
2024 Scotties Tournament of Hearts,aa937000,-1,0,-2,-8,2,4,1,0,1,-3,0
2024 Scotties Tournament of Hearts,aa937000,-2,-4,0,0,0,3,1,0,0,2,0
2024 Scotties Tournament of Hearts,aa937000,2,-2,-6,-5,2,2,0,0,1,-4,0
2024 Scotties Tournament of Hearts,2af82477,-2,2,-2,-4,0,9,0,0,0,-2,0
2024 Scotties Tournament of Hearts,2af82477,-2,-2,0,0,0,8,1,0,1,0,0
2024 Scotties Tournament of Hearts,2af82477,1,-4,1,-1,1,7,1,0,0,1,0
2024 Scotties Tournament of Hearts,2af82477,1,-2,-3,1,0,6,0,0,1,-1,0
2024 Scotties Tournament of Hearts,2af82477,0,-2,-2,0,0,5,1,0,0,1,0
2024 Scotties Tournament of Hearts,2af82477,-4,0,0,-3,0,4,0,0,1,-2,0
2024 Scotties Tournament of Hearts,2af82477,0,-1,-2,-2,0,3,1,0,0,1,0
2024 Scotties Tournament of Hearts,2af82477,0,0,2,-1,0,2,0,0,1,-1,0
2024 Scotties Tournament of Hearts,2af82477,0,-2,-3,0,0,1,1,0,0,1,0
2024 Scotties Tournament of Hearts,9710ee84,0,4,4,2,-2,9,0,0,0,-1,1
2024 Scotties Tournament of Hearts,9710ee84,2,-3,0,4,-1,8,1,0,1,3,1
2024 Scotties Tournament of Hearts,9710ee84,3,0,2,4,0,7,0,0,0,2,1
2024 Scotties Tournament of Hearts,9710ee84,-2,3,0,0,1,6,0,0,1,-1,1
2024 Scotties Tournament of Hearts,9710ee84,-1,2,5,3,-1,5,1,0,0,3,1
2024 Scotties Tournament of Hearts,9710ee84,1,0,-1,-2,0,4,0,0,1,-2,1
2024 Scotties Tournament of Hearts,9710ee84,0,-5,-2,4,-1,3,1,0,0,2,1
2024 Scotties Tournament of Hearts,9710ee84,0,-1,5,5,-1,2,0,0,1,3,1
2024 Scotties Tournament of Hearts,ab87e459,-6,-2,0,2,-1,9,0,0,0,0,1
2024 Scotties Tournament of Hearts,ab87e459,-1,2,-1,2,0,8,0,0,1,1,1
2024 Scotties Tournament of Hearts,ab87e459,0,1,2,3,-1,7,0,0,0,2,1
2024 Scotties Tournament of Hearts,ab87e459,0,-2,3,1,-1,6,0,0,1,-2,1
2024 Scotties Tournament of Hearts,ab87e459,0,0,1,0,0,5,1,0,0,2,1
2024 Scotties Tournament of Hearts,ab87e459,0,0,0,-6,1,4,0,0,1,-3,1
2024 Scotties Tournament of Hearts,ab87e459,1,0,-1,-2,1,3,1,0,0,1,1
2024 Scotties Tournament of Hearts,ab87e459,2,0,2,5,-1,2,0,0,1,1,1
2024 Scotties Tournament of Hearts,ab87e459,0,0,0,-2,0,1,0,0,0,-2,1
2024 Scotties Tournament of Hearts,3aec26fa,-3,0,-5,-5,2,9,0,0,0,-3,0
2024 Scotties Tournament of Hearts,3aec26fa,0,-2,0,0,0,8,1,0,1,1,0
2024 Scotties Tournament of Hearts,3aec26fa,0,-1,-1,2,-1,7,0,0,0,-1,0
2024 Scotties Tournament of Hearts,3aec26fa,0,-2,-1,-5,1,6,1,0,1,-1,0
2024 Scotties Tournament of Hearts,3aec26fa,1,-3,-4,-1,0,5,1,0,0,1,0
2024 Scotties Tournament of Hearts,3aec26fa,2,-2,-2,-1,0,4,0,0,1,-2,0
2024 Scotties Tournament of Hearts,3aec26fa,1,2,3,-1,-1,3,1,0,0,1,0
2024 Scotties Tournament of Hearts,3aec26fa,0,-1,-1,0,0,2,0,0,1,-1,0
2024 Scotties Tournament of Hearts,8b5d6044,0,1,0,0,0,9,1,1,0,0,1
2024 Scotties Tournament of Hearts,8b5d6044,2,0,-1,0,0,8,1,1,1,0,1
2024 Scotties Tournament of Hearts,8b5d6044,-3,-1,-1,4,-1,7,1,1,0,2,1
2024 Scotties Tournament of Hearts,8b5d6044,0,-1,1,4,-1,6,0,1,1,3,1
2024 Scotties Tournament of Hearts,8b5d6044,0,1,0,1,0,5,0,1,0,-1,1
2024 Scotties Tournament of Hearts,8b5d6044,0,0,0,0,0,4,1,1,1,2,1
2024 Scotties Tournament of Hearts,8b5d6044,0,-3,1,-2,0,3,0,1,0,-2,1
2024 Scotties Tournament of Hearts,8b5d6044,-1,0,0,-1,0,2,1,1,1,1,1
2024 Scotties Tournament of Hearts,8b5d6044,1,-4,0,3,0,1,0,1,0,-1,1
2024 Scotties Tournament of Hearts,ab420eb5,-2,2,0,-3,1,9,0,0,0,-2,1
2024 Scotties Tournament of Hearts,ab420eb5,1,-2,3,3,0,8,1,0,1,4,1
2024 Scotties Tournament of Hearts,ab420eb5,-1,-5,4,-2,0,7,0,0,0,-2,1
2024 Scotties Tournament of Hearts,ab420eb5,-4,0,4,5,-1,6,1,0,1,2,1
2024 Scotties Tournament of Hearts,ab420eb5,-1,0,0,4,-1,5,0,0,0,1,1
2024 Scotties Tournament of Hearts,ab420eb5,2,0,-5,1,0,4,0,0,1,-1,1
2024 Scotties Tournament of Hearts,ab420eb5,-3,0,-1,-1,0,3,1,0,0,2,1
2024 Scotties Tournament of Hearts,ab420eb5,0,3,0,0,0,2,0,0,1,-1,1
2024 Scotties Tournament of Hearts,ab420eb5,-1,-3,6,-2,-1,1,1,0,0,2,1
2024 Scotties Tournament of Hearts,20b5e670,-2,0,-2,2,0,9,0,0,0,0,0
2024 Scotties Tournament of Hearts,20b5e670,-7,-2,0,0,0,8,0,0,1,-1,0
2024 Scotties Tournament of Hearts,20b5e670,-1,-4,4,-4,0,7,1,0,0,-2,0
2024 Scotties Tournament of Hearts,20b5e670,0,-1,1,5,0,6,1,0,1,2,0
2024 Scotties Tournament of Hearts,20b5e670,-1,-2,2,2,0,5,0,0,0,1,0
2024 Scotties Tournament of Hearts,20b5e670,0,-3,1,-4,1,4,0,0,1,-2,0
2024 Scotties Tournament of Hearts,20b5e670,0,-2,-4,-4,1,3,1,0,0,1,0
2024 Scotties Tournament of Hearts,20b5e670,1,0,0,-4,1,2,0,0,1,-2,0
2024 Scotties Tournament of Hearts,20b5e670,0,4,-4,-2,1,1,1,0,0,-1,0
2024 Scotties Tournament of Hearts,99f5b132,0,-7,-3,2,0,9,0,0,0,-2,0
2024 Scotties Tournament of Hearts,99f5b132,0,0,-6,0,0,8,1,0,1,1,0
2024 Scotties Tournament of Hearts,99f5b132,0,1,-2,1,0,7,0,0,0,-3,0
2024 Scotties Tournament of Hearts,99f5b132,3,0,0,0,0,6,1,0,1,1,0
2024 Scotties Tournament of Hearts,99f5b132,-3,-6,-7,-4,1,5,0,0,0,-4,0
2024 Scotties Tournament of Hearts,99f5b132,0,-3,-2,-2,0,4,1,0,1,1,0
2024 Scotties Tournament of Hearts,99f5b132,0,1,3,3,0,3,0,0,0,-1,0
2024 Scotties Tournament of Hearts,99f5b132,0,2,0,0,0,2,1,0,1,1,0
2024 Scotties Tournament of Hearts,7c5ec090,-4,-1,1,2,0,9,1,1,0,1,0
2024 Scotties Tournament of Hearts,7c5ec090,3,1,-3,-3,0,8,0,1,1,-3,0
2024 Scotties Tournament of Hearts,7c5ec090,1,2,2,-2,0,7,1,1,0,1,0
2024 Scotties Tournament of Hearts,7c5ec090,1,2,-1,-2,0,6,0,1,1,-2,0
2024 Scotties Tournament of Hearts,7c5ec090,-1,-1,-3,2,0,5,1,1,0,1,0
2024 Scotties Tournament of Hearts,7c5ec090,-3,-1,-1,-4,0,4,0,1,1,-4,0
2024 Scotties Tournament of Hearts,7c5ec090,-3,5,4,-1,0,3,1,1,0,1,0
2024 Scotties Tournament of Hearts,7c5ec090,3,-3,-4,-4,1,2,0,1,1,-4,0
2024 Scotties Tournament of Hearts,3938e65e,2,0,-2,0,0,9,1,1,0,0,0
2024 Scotties Tournament of Hearts,3938e65e,-4,0,-1,-4,1,8,1,1,1,-1,0
2024 Scotties Tournament of Hearts,3938e65e,0,-1,-4,-2,0,7,1,1,0,0,0
2024 Scotties Tournament of Hearts,3938e65e,0,0,1,1,0,6,1,1,1,2,0
2024 Scotties Tournament of Hearts,3938e65e,1,2,-4,2,-1,5,0,1,0,0,0
2024 Scotties Tournament of Hearts,3938e65e,3,-3,-1,1,0,4,0,1,1,-1,0
2024 Scotties Tournament of Hearts,3938e65e,-1,-6,-1,-3,0,3,1,1,0,-1,0
2024 Scotties Tournament of Hearts,3938e65e,-2,-3,-1,2,0,2,1,1,1,1,0
2024 Scotties Tournament of Hearts,3938e65e,0,0,-4,2,0,1,0,1,0,-2,0
2024 Scotties Tournament of Hearts,3938e65e,0,-1,-1,-3,1,0,1,1,1,-1,0
2024 Scotties Tournament of Hearts,5e759bcb,-2,-2,4,2,-1,9,0,0,0,1,1
2024 Scotties Tournament of Hearts,5e759bcb,0,0,1,-3,0,8,0,0,1,-2,1
2024 Scotties Tournament of Hearts,5e759bcb,2,1,0,1,0,7,1,0,0,2,1
2024 Scotties Tournament of Hearts,5e759bcb,3,-1,-4,-2,1,6,0,0,1,-2,1
2024 Scotties Tournament of Hearts,5e759bcb,0,2,0,5,1,5,1,0,0,2,1
2024 Scotties Tournament of Hearts,5e759bcb,-3,-4,-1,4,-1,4,0,0,1,1,1
2024 Scotties Tournament of Hearts,5e759bcb,-3,0,-2,6,0,3,0,0,0,1,1
2024 Scotties Tournament of Hearts,5e759bcb,-2,1,0,5,-1,2,0,0,1,1,1
2024 Scotties Tournament of Hearts,5e759bcb,5,3,3,8,-3,1,0,0,0,3,1
2024 Scotties Tournament of Hearts,ed97ad47,-2,-4,-2,0,0,9,1,1,0,0,0
2024 Scotties Tournament of Hearts,ed97ad47,-1,0,-1,-5,1,8,1,1,1,-1,0
2024 Scotties Tournament of Hearts,ed97ad47,-1,0,3,-1,0,7,1,1,0,1,0
2024 Scotties Tournament of Hearts,ed97ad47,6,-1,0,-4,0,6,0,1,1,-2,0
2024 Scotties Tournament of Hearts,ed97ad47,0,0,-1,4,-1,5,1,1,0,2,0
2024 Scotties Tournament of Hearts,ed97ad47,0,5,0,3,0,4,0,1,1,1,0
2024 Scotties Tournament of Hearts,ed97ad47,0,-3,2,-4,0,3,0,1,0,-2,0
2024 Scotties Tournament of Hearts,ed97ad47,-2,0,-1,-4,1,2,1,1,1,-1,0
2024 Scotties Tournament of Hearts,ed97ad47,1,-4,-2,-4,0,1,1,1,0,-1,0
2024 Scotties Tournament of Hearts,e786d6d9,0,4,8,0,-2,9,0,0,0,-2,0
2024 Scotties Tournament of Hearts,e786d6d9,1,-1,0,-2,1,8,1,0,1,-1,0
2024 Scotties Tournament of Hearts,e786d6d9,2,-2,2,-2,-1,7,1,0,0,1,0
2024 Scotties Tournament of Hearts,e786d6d9,1,1,-2,3,-1,6,0,0,1,1,0
2024 Scotties Tournament of Hearts,e786d6d9,2,1,-2,-4,1,5,0,0,0,-2,0
2024 Scotties Tournament of Hearts,e786d6d9,3,-5,-1,0,0,4,1,0,1,1,0
2024 Scotties Tournament of Hearts,e786d6d9,0,-2,-3,3,0,3,0,0,0,-1,0
2024 Scotties Tournament of Hearts,e786d6d9,-4,0,0,-4,1,2,1,0,1,1,0
2024 Scotties Tournament of Hearts,e786d6d9,0,-5,-1,-4,1,1,0,0,0,-2,0
2024 Scotties Tournament of Hearts,ffd34152,-1,-2,3,-1,0,9,1,1,0,0,1
2024 Scotties Tournament of Hearts,ffd34152,2,-1,-2,4,0,8,1,1,1,2,1
2024 Scotties Tournament of Hearts,ffd34152,-2,3,-2,2,0,7,0,1,0,0,1
2024 Scotties Tournament of Hearts,ffd34152,0,4,2,2,0,6,0,1,1,1,1
2024 Scotties Tournament of Hearts,ffd34152,0,-2,-2,-1,0,5,0,1,0,-2,1
2024 Scotties Tournament of Hearts,ffd34152,0,0,1,0,1,4,1,1,1,0,1
2024 Scotties Tournament of Hearts,ffd34152,-6,4,0,-4,1,3,1,1,0,1,1
2024 Scotties Tournament of Hearts,ffd34152,-1,0,0,2,-1,2,0,1,1,0,1
2024 Scotties Tournament of Hearts,ffd34152,1,2,0,0,0,1,0,1,0,-2,1
2024 Scotties Tournament of Hearts,ffd34152,0,2,0,2,0,0,1,1,1,1,1
2024 Scotties Tournament of Hearts,90c3f9a3,-4,-6,2,-1,0,9,0,0,0,-3,0
2024 Scotties Tournament of Hearts,90c3f9a3,0,3,-4,2,1,8,1,0,1,0,0
2024 Scotties Tournament of Hearts,90c3f9a3,-2,-2,1,-3,-1,7,1,0,0,-1,0
2024 Scotties Tournament of Hearts,90c3f9a3,0,0,-3,6,-1,6,1,0,1,2,0
2024 Scotties Tournament of Hearts,90c3f9a3,0,-5,-1,-2,0,5,0,0,0,-2,0
2024 Scotties Tournament of Hearts,90c3f9a3,-1,3,-1,0,0,4,1,0,1,0,0
2024 Scotties Tournament of Hearts,90c3f9a3,-2,0,-2,-2,1,3,1,0,0,1,0
2024 Scotties Tournament of Hearts,90c3f9a3,3,-4,-5,-1,0,2,0,0,1,-2,0
2024 Scotties Tournament of Hearts,90c3f9a3,0,-1,-4,-8,2,1,1,0,0,-4,0
2024 Scotties Tournament of Hearts,8b1f81a6,-1,-4,-2,-3,1,9,1,1,0,-2,0
2024 Scotties Tournament of Hearts,8b1f81a6,0,-4,-2,-2,0,8,1,1,1,1,0
2024 Scotties Tournament of Hearts,8b1f81a6,-1,-3,4,0,0,7,0,1,0,-2,0
2024 Scotties Tournament of Hearts,8b1f81a6,-3,-3,-2,-2,0,6,1,1,1,1,0
2024 Scotties Tournament of Hearts,8b1f81a6,0,1,-2,-2,0,5,0,1,0,-1,0
2024 Scotties Tournament of Hearts,8b1f81a6,0,-2,0,-4,1,4,1,1,1,-1,0
2024 Scotties Tournament of Hearts,8b1f81a6,4,-4,-4,0,0,3,1,1,0,1,0
2024 Scotties Tournament of Hearts,8b1f81a6,0,-7,-1,-1,0,2,0,1,1,-1,0
2024 Scotties Tournament of Hearts,8b1f81a6,2,-5,-3,-8,2,1,1,1,0,-2,0
2024 Scotties Tournament of Hearts,40bd2c0c,-4,1,1,0,0,9,1,1,0,2,1
2024 Scotties Tournament of Hearts,40bd2c0c,1,-4,-1,-3,1,8,0,1,1,-1,1
2024 Scotties Tournament of Hearts,40bd2c0c,-1,6,0,6,-1,7,1,1,0,2,1
2024 Scotties Tournament of Hearts,40bd2c0c,-1,-2,5,-2,1,6,0,1,1,-1,1
2024 Scotties Tournament of Hearts,40bd2c0c,1,-8,-2,-4,1,5,1,1,0,-1,1
2024 Scotties Tournament of Hearts,40bd2c0c,-1,-1,-4,2,1,4,1,1,1,1,1
2024 Scotties Tournament of Hearts,40bd2c0c,3,-2,-2,2,0,3,0,1,0,0,1
2024 Scotties Tournament of Hearts,40bd2c0c,0,-1,1,6,-2,2,0,1,1,1,1
2024 Scotties Tournament of Hearts,40bd2c0c,1,-1,-1,6,-1,1,0,1,0,1,1
2024 Scotties Tournament of Hearts,9f0fca8e,-3,1,1,1,0,9,1,1,0,3,1
2024 Scotties Tournament of Hearts,9f0fca8e,1,-1,0,0,0,8,0,1,1,0,1
2024 Scotties Tournament of Hearts,9f0fca8e,0,2,2,6,-1,7,0,1,0,1,1
2024 Scotties Tournament of Hearts,9f0fca8e,1,3,2,7,-2,6,0,1,1,1,1
2024 Scotties Tournament of Hearts,9f0fca8e,0,3,2,1,0,5,0,1,0,-1,1
2024 Scotties Tournament of Hearts,9f0fca8e,1,-6,1,6,-1,4,1,1,1,2,1
2024 Scotties Tournament of Hearts,9f0fca8e,0,2,4,-1,0,3,0,1,0,-1,1
2024 Scotties Tournament of Hearts,9f0fca8e,-1,4,2,4,-1,2,1,1,1,3,1
2024 Scotties Tournament of Hearts,137c9715,1,0,0,1,0,9,1,1,0,1,0
2024 Scotties Tournament of Hearts,137c9715,1,4,4,2,0,8,0,1,1,-3,0
2024 Scotties Tournament of Hearts,137c9715,0,1,-1,-4,0,7,1,1,0,1,0
2024 Scotties Tournament of Hearts,137c9715,0,0,-3,-1,0,6,0,1,1,-2,0
2024 Scotties Tournament of Hearts,137c9715,0,3,-4,-6,2,5,1,1,0,-2,0
2024 Scotties Tournament of Hearts,137c9715,0,-3,-1,2,0,4,1,1,1,2,0
2024 Scotties Tournament of Hearts,137c9715,0,0,-1,-3,0,3,0,1,0,-3,0
2024 Scotties Tournament of Hearts,137c9715,-1,1,-4,1,0,2,1,1,1,1,0
2024 Scotties Tournament of Hearts,212e9426,-1,0,-6,2,0,9,0,0,0,0,0
2024 Scotties Tournament of Hearts,212e9426,-3,-3,-5,-3,0,8,0,0,1,-3,0
2024 Scotties Tournament of Hearts,212e9426,-3,-5,-2,-5,1,7,1,0,0,-1,0
2024 Scotties Tournament of Hearts,212e9426,0,0,-3,-2,0,6,1,0,1,1,0
2024 Scotties Tournament of Hearts,212e9426,0,-6,-6,0,0,5,0,0,0,-2,0
2024 Scotties Tournament of Hearts,212e9426,0,-2,-2,0,0,4,1,0,1,1,0
2024 Scotties Tournament of Hearts,212e9426,0,0,0,-4,1,3,0,0,0,-2,0
2024 Scotties Tournament of Hearts,212e9426,2,-5,-4,-7,1,2,1,0,1,-3,0
2024 Scotties Tournament of Hearts,7ca4c046,1,-1,1,-2,0,9,1,1,0,1,1
2024 Scotties Tournament of Hearts,7ca4c046,5,3,1,3,-1,8,0,1,1,1,1
2024 Scotties Tournament of Hearts,7ca4c046,2,-1,1,2,-1,7,0,1,0,-1,1
2024 Scotties Tournament of Hearts,7ca4c046,0,1,-1,0,0,6,1,1,1,0,1
2024 Scotties Tournament of Hearts,7ca4c046,0,2,1,3,0,5,1,1,0,2,1
2024 Scotties Tournament of Hearts,7ca4c046,0,1,-1,-2,0,4,0,1,1,-3,1
2024 Scotties Tournament of Hearts,7ca4c046,4,-1,5,2,-1,3,1,1,0,3,1
2024 Scotties Tournament of Hearts,7ca4c046,2,2,0,0,0,2,0,1,1,-1,1
2024 Scotties Tournament of Hearts,7ca4c046,2,0,1,7,-2,1,1,1,0,5,1
2024 Scotties Tournament of Hearts,0df35e3d,1,2,-2,-4,1,9,0,0,0,-2,1
2024 Scotties Tournament of Hearts,0df35e3d,0,1,1,2,0,8,1,0,1,2,1
2024 Scotties Tournament of Hearts,0df35e3d,2,0,0,0,0,7,0,0,0,-1,1
2024 Scotties Tournament of Hearts,0df35e3d,1,-2,0,1,0,6,1,0,1,1,1
2024 Scotties Tournament of Hearts,0df35e3d,0,-2,1,1,0,5,0,0,0,-1,1
2024 Scotties Tournament of Hearts,0df35e3d,1,-5,0,3,0,4,1,0,1,3,1
2024 Scotties Tournament of Hearts,0df35e3d,0,0,0,2,0,3,0,0,0,-1,1
2024 Scotties Tournament of Hearts,0df35e3d,0,0,-2,-1,2,2,1,0,1,1,1
2024 Scotties Tournament of Hearts,0df35e3d,0,2,1,0,0,1,0,0,0,-1,1
2024 Scotties Tournament of Hearts,0df35e3d,0,1,5,4,-2,0,1,0,1,1,1
2024 Scotties Tournament of Hearts,0c7a0eb2,-1,2,-1,3,0,9,1,1,0,0,0
2024 Scotties Tournament of Hearts,0c7a0eb2,-4,0,0,4,-1,8,1,1,1,2,0
2024 Scotties Tournament of Hearts,0c7a0eb2,2,3,4,4,-2,7,0,1,0,5,0
2024 Scotties Tournament of Hearts,0c7a0eb2,-1,0,0,-2,0,6,0,1,1,-2,0
2024 Scotties Tournament of Hearts,0c7a0eb2,0,0,-1,-4,1,5,1,1,0,-3,0
2024 Scotties Tournament of Hearts,0c7a0eb2,-1,-1,-4,-2,1,4,1,1,1,-1,0
2024 Scotties Tournament of Hearts,0c7a0eb2,-6,0,2,0,0,3,1,1,0,1,0
2024 Scotties Tournament of Hearts,0c7a0eb2,1,1,3,2,0,2,0,1,1,1,0
2024 Scotties Tournament of Hearts,0c7a0eb2,0,-1,3,-5,1,1,0,1,0,-3,0
2024 Scotties Tournament of Hearts,0c7a0eb2,-6,-2,1,-4,1,0,1,1,1,-1,0
2024 Scotties Tournament of Hearts,93124c83,1,2,0,2,0,9,1,1,0,2,1
2024 Scotties Tournament of Hearts,93124c83,0,0,5,-1,0,8,0,1,1,-1,1
2024 Scotties Tournament of Hearts,93124c83,-4,-1,0,-2,1,7,1,1,0,0,1
2024 Scotties Tournament of Hearts,93124c83,2,0,0,0,0,6,1,1,1,1,1
2024 Scotties Tournament of Hearts,93124c83,1,-3,-1,6,-1,5,0,1,0,-1,1
2024 Scotties Tournament of Hearts,93124c83,1,-1,1,5,-1,4,1,1,1,3,1
2024 Scotties Tournament of Hearts,93124c83,2,1,3,0,0,3,0,1,0,-1,1
2024 Scotties Tournament of Hearts,93124c83,-3,3,0,3,-1,2,1,1,1,2,1
2024 Scotties Tournament of Hearts,93124c83,-4,0,1,-1,0,1,0,1,0,-2,1
2024 Scotties Tournament of Hearts,b0e1b837,-2,0,0,0,0,9,1,1,0,0,1
2024 Scotties Tournament of Hearts,b0e1b837,-5,0,-1,1,0,8,1,1,1,3,1
2024 Scotties Tournament of Hearts,b0e1b837,0,2,3,2,-1,7,0,1,0,1,1
2024 Scotties Tournament of Hearts,b0e1b837,0,0,0,8,-2,6,0,1,1,2,1
2024 Scotties Tournament of Hearts,b0e1b837,0,1,-1,-2,0,5,0,1,0,-3,1
2024 Scotties Tournament of Hearts,b0e1b837,0,-1,-1,3,-1,4,1,1,1,2,1
2024 Scotties Tournament of Hearts,b0e1b837,-1,-1,1,4,-1,3,0,1,0,-1,1
2024 Scotties Tournament of Hearts,b0e1b837,0,3,1,5,-1,2,1,1,1,3,1
2024 Scotties Tournament of Hearts,146e14c1,2,3,2,0,0,9,1,1,0,0,1
2024 Scotties Tournament of Hearts,146e14c1,0,-5,-1,0,0,8,1,1,1,0,1
2024 Scotties Tournament of Hearts,146e14c1,-2,-1,2,2,0,7,1,1,0,2,1
2024 Scotties Tournament of Hearts,146e14c1,0,1,5,4,-2,6,0,1,1,5,1
2024 Scotties Tournament of Hearts,146e14c1,-4,0,5,1,-1,5,0,1,0,-1,1
2024 Scotties Tournament of Hearts,146e14c1,-4,0,0,2,0,4,1,1,1,2,1
2024 Scotties Tournament of Hearts,146e14c1,2,-4,0,0,0,3,0,1,0,-2,1
2024 Scotties Tournament of Hearts,146e14c1,0,-4,0,1,0,2,1,1,1,1,1
2024 Scotties Tournament of Hearts,9c327ce3,0,1,0,-2,0,9,1,1,0,1,0
2024 Scotties Tournament of Hearts,9c327ce3,0,1,-2,-2,0,8,0,1,1,-2,0
2024 Scotties Tournament of Hearts,9c327ce3,0,0,0,-5,2,7,1,1,0,1,0
2024 Scotties Tournament of Hearts,9c327ce3,1,0,-1,0,0,6,0,1,1,-1,0
2024 Scotties Tournament of Hearts,9c327ce3,1,1,0,0,0,5,1,1,0,-1,0
2024 Scotties Tournament of Hearts,9c327ce3,0,2,1,-1,1,4,1,1,1,-1,0
2024 Scotties Tournament of Hearts,9c327ce3,0,6,-7,2,1,3,1,1,0,3,0
2024 Scotties Tournament of Hearts,9c327ce3,0,0,-4,0,1,2,0,1,1,-1,0
2024 Scotties Tournament of Hearts,9c327ce3,0,-1,0,0,0,1,1,1,0,0,0
2024 Scotties Tournament of Hearts,9c327ce3,0,0,-5,-6,1,0,1,1,1,-1,0
2024 Scotties Tournament of Hearts,4782bfe1,-4,1,-1,-6,1,9,1,1,0,-1,1
2024 Scotties Tournament of Hearts,4782bfe1,1,0,2,5,-1,8,1,1,1,4,1
2024 Scotties Tournament of Hearts,4782bfe1,3,4,3,-3,1,7,0,1,0,-2,1
2024 Scotties Tournament of Hearts,4782bfe1,0,0,2,2,0,6,1,1,1,3,1
2024 Scotties Tournament of Hearts,4782bfe1,1,0,0,4,-1,5,0,1,0,1,1
2024 Scotties Tournament of Hearts,4782bfe1,0,5,2,5,-1,4,0,1,1,1,1
2024 Scotties Tournament of Hearts,4782bfe1,0,0,2,3,-1,3,0,1,0,1,1
2024 Scotties Tournament of Hearts,4782bfe1,2,-4,-1,3,-1,2,0,1,1,1,1
2024 Scotties Tournament of Hearts,dccaf73e,-2,0,-8,-6,3,9,0,0,0,-2,1
2024 Scotties Tournament of Hearts,dccaf73e,1,-7,4,5,-2,8,1,0,1,3,1
2024 Scotties Tournament of Hearts,dccaf73e,1,2,-1,0,0,7,0,0,0,0,1
2024 Scotties Tournament of Hearts,dccaf73e,0,-6,-1,4,-1,6,0,0,1,-1,1
2024 Scotties Tournament of Hearts,dccaf73e,0,0,-5,0,0,5,1,0,0,0,1
2024 Scotties Tournament of Hearts,dccaf73e,4,0,2,-1,0,4,1,0,1,2,1
2024 Scotties Tournament of Hearts,dccaf73e,1,1,-4,-8,3,3,0,0,0,-2,1
2024 Scotties Tournament of Hearts,dccaf73e,-4,2,-1,-4,1,2,1,0,1,1,1
2024 Scotties Tournament of Hearts,c273eae3,-4,4,3,0,0,9,1,1,0,2,1
2024 Scotties Tournament of Hearts,c273eae3,0,-7,-3,-3,0,8,0,1,1,-2,1
2024 Scotties Tournament of Hearts,c273eae3,-1,-2,2,0,0,7,1,1,0,3,1
2024 Scotties Tournament of Hearts,c273eae3,-1,2,0,2,-1,6,0,1,1,0,1
2024 Scotties Tournament of Hearts,c273eae3,1,3,2,0,0,5,0,1,0,-2,1
2024 Scotties Tournament of Hearts,c273eae3,-2,-1,-3,2,1,4,1,1,1,3,1
2024 Scotties Tournament of Hearts,c273eae3,-5,-6,-3,-1,0,3,0,1,0,-1,1
2024 Scotties Tournament of Hearts,c273eae3,0,0,0,-1,0,2,1,1,1,-1,1
2024 Scotties Tournament of Hearts,c273eae3,0,2,-3,-5,2,1,1,1,0,-2,1
2024 Scotties Tournament of Hearts,f49382f6,4,2,0,4,-1,9,0,0,0,1,1
2024 Scotties Tournament of Hearts,f49382f6,-1,0,-3,-2,0,8,0,0,1,-2,1
2024 Scotties Tournament of Hearts,f49382f6,-2,2,0,4,-1,7,1,0,0,2,1
2024 Scotties Tournament of Hearts,f49382f6,0,7,4,2,0,6,0,0,1,-1,1
2024 Scotties Tournament of Hearts,f49382f6,-3,0,-1,-1,1,5,1,0,0,1,1
2024 Scotties Tournament of Hearts,f49382f6,0,0,-1,-4,0,4,0,0,1,-2,1
2024 Scotties Tournament of Hearts,f49382f6,-2,6,2,4,0,3,1,0,0,2,1
2024 Scotties Tournament of Hearts,f49382f6,3,0,0,0,0,2,0,0,1,0,1
2024 Scotties Tournament of Hearts,f49382f6,0,-2,0,4,0,1,0,0,0,1,1
2024 Scotties Tournament of Hearts,6839982e,2,2,-3,2,1,9,1,1,0,0,1
2024 Scotties Tournament of Hearts,6839982e,2,-2,-1,6,-1,8,1,1,1,2,1
2024 Scotties Tournament of Hearts,6839982e,3,2,-3,7,-1,7,0,1,0,2,1
2024 Scotties Tournament of Hearts,6839982e,-2,4,1,6,-1,6,0,1,1,1,1
2024 Scotties Tournament of Hearts,6839982e,-3,-3,1,-2,-1,5,0,1,0,-2,1
2024 Scotties Tournament of Hearts,6839982e,-1,1,2,2,0,4,1,1,1,2,1
2024 Scotties Tournament of Hearts,6839982e,-4,1,-1,5,-1,3,0,1,0,2,1
2024 Scotties Tournament of Hearts,6839982e,0,-2,5,1,0,2,0,1,1,-1,1
2024 Scotties Tournament of Hearts,2b2f7bb2,-2,3,0,0,-1,9,1,1,0,1,1
2024 Scotties Tournament of Hearts,2b2f7bb2,-4,0,0,-2,0,8,0,1,1,-2,1
2024 Scotties Tournament of Hearts,2b2f7bb2,4,4,4,0,-1,7,1,1,0,2,1
2024 Scotties Tournament of Hearts,2b2f7bb2,3,3,2,0,0,6,0,1,1,-1,1
2024 Scotties Tournament of Hearts,2b2f7bb2,-1,-2,5,0,-1,5,1,1,0,1,1
2024 Scotties Tournament of Hearts,2b2f7bb2,-1,2,1,0,-1,4,0,1,1,-1,1
2024 Scotties Tournament of Hearts,2b2f7bb2,-3,2,2,3,-1,3,1,1,0,1,1
2024 Scotties Tournament of Hearts,2b2f7bb2,3,4,-2,3,-1,2,0,1,1,-1,1
2024 Scotties Tournament of Hearts,2b2f7bb2,-2,2,2,-2,1,1,1,1,0,0,1
2024 Scotties Tournament of Hearts,2b2f7bb2,-1,3,-2,0,0,0,1,1,1,1,1
2024 Scotties Tournament of Hearts,d771c822,4,1,2,-3,0,9,0,0,0,-3,0
2024 Scotties Tournament of Hearts,d771c822,-4,-2,-4,4,0,8,1,0,1,2,0
2024 Scotties Tournament of Hearts,d771c822,6,5,2,2,0,7,0,0,0,-1,0
2024 Scotties Tournament of Hearts,d771c822,1,3,-1,2,0,6,1,0,1,2,0
2024 Scotties Tournament of Hearts,d771c822,4,-3,-4,-4,2,5,0,0,0,-4,0
2024 Scotties Tournament of Hearts,d771c822,0,-3,-3,0,0,4,1,0,1,1,0
2024 Scotties Tournament of Hearts,d771c822,2,-5,1,2,0,3,0,0,0,1,0
2024 Scotties Tournament of Hearts,d771c822,0,-5,-1,3,0,2,0,0,1,-1,0
2024 Scotties Tournament of Hearts,d771c822,-2,-3,-4,-6,1,1,1,0,0,-2,0
2024 Scotties Tournament of Hearts,485d2727,1,0,0,0,0,9,1,1,0,0,0
2024 Scotties Tournament of Hearts,485d2727,0,2,1,-4,1,8,1,1,1,1,0
2024 Scotties Tournament of Hearts,485d2727,2,-1,-2,1,0,7,0,1,0,-2,0
2024 Scotties Tournament of Hearts,485d2727,1,-2,0,-1,0,6,1,1,1,1,0
2024 Scotties Tournament of Hearts,485d2727,-2,2,-2,0,0,5,0,1,0,-2,0
2024 Scotties Tournament of Hearts,485d2727,0,-4,-1,-5,1,4,1,1,1,-2,0
2024 Scotties Tournament of Hearts,485d2727,1,-5,-1,-4,1,3,1,1,0,-4,0
2024 Scotties Tournament of Hearts,485d2727,0,-1,-2,-1,1,2,1,1,1,1,0
2024 Scotties Tournament of Hearts,e29e2f37,0,1,-3,-1,1,9,1,1,0,1,0
2024 Scotties Tournament of Hearts,e29e2f37,1,-1,0,2,-1,8,0,1,1,-2,0
2024 Scotties Tournament of Hearts,e29e2f37,-1,-4,-2,-2,1,7,1,1,0,-1,0
2024 Scotties Tournament of Hearts,e29e2f37,-6,1,-2,-4,1,6,1,1,1,1,0
2024 Scotties Tournament of Hearts,e29e2f37,1,3,-2,3,0,5,0,1,0,1,0
2024 Scotties Tournament of Hearts,e29e2f37,1,-1,0,0,0,4,0,1,1,-1,0
2024 Scotties Tournament of Hearts,e29e2f37,-1,6,0,-2,1,3,1,1,0,0,0
2024 Scotties Tournament of Hearts,e29e2f37,1,0,6,-1,-1,2,1,1,1,2,0
2024 Scotties Tournament of Hearts,e29e2f37,0,0,1,0,0,1,0,1,0,-2,0
2024 Scotties Tournament of Hearts,e29e2f37,-3,-2,-3,-4,1,0,1,1,1,-1,0
2024 Scotties Tournament of Hearts,dc51f097,2,-2,0,-2,1,9,1,1,0,1,0
2024 Scotties Tournament of Hearts,dc51f097,2,0,2,-1,0,8,0,1,1,-1,0
2024 Scotties Tournament of Hearts,dc51f097,-3,-2,-3,-4,1,7,1,1,0,-1,0
2024 Scotties Tournament of Hearts,dc51f097,1,1,0,-3,0,6,1,1,1,1,0
2024 Scotties Tournament of Hearts,dc51f097,-1,2,0,0,0,5,0,1,0,-2,0
2024 Scotties Tournament of Hearts,dc51f097,-3,1,0,7,-1,4,1,1,1,3,0
2024 Scotties Tournament of Hearts,dc51f097,3,1,1,-2,0,3,0,1,0,-2,0
2024 Scotties Tournament of Hearts,dc51f097,-1,0,1,-2,1,2,1,1,1,-1,0
2024 Scotties Tournament of Hearts,dc51f097,-1,2,0,0,0,1,1,1,0,0,0
2024 Scotties Tournament of Hearts,dc51f097,1,2,0,-6,1,0,1,1,1,-3,0
2024 Scotties Tournament of Hearts,8817516d,3,0,1,1,0,9,0,0,0,-1,1
2024 Scotties Tournament of Hearts,8817516d,-4,1,3,-1,0,8,1,0,1,2,1
2024 Scotties Tournament of Hearts,8817516d,0,-1,4,-1,0,7,0,0,0,-1,1
2024 Scotties Tournament of Hearts,8817516d,-2,0,0,4,0,6,1,0,1,3,1
2024 Scotties Tournament of Hearts,8817516d,0,0,0,-2,0,5,0,0,0,-1,1
2024 Scotties Tournament of Hearts,8817516d,-1,0,-1,2,0,4,1,0,1,4,1
2024 Scotties Tournament of Hearts,8817516d,0,0,0,0,0,3,0,0,0,-1,1
2024 Scotties Tournament of Hearts,8817516d,-4,2,3,0,0,2,1,0,1,5,1
2024 Scotties Tournament of Hearts,d2d241fc,0,0,0,-2,0,9,0,0,0,-2,0
2024 Scotties Tournament of Hearts,d2d241fc,-6,-2,-7,-1,3,8,1,0,1,1,0
2024 Scotties Tournament of Hearts,d2d241fc,4,4,-2,-1,1,7,0,0,0,-2,0
2024 Scotties Tournament of Hearts,d2d241fc,0,4,1,-4,1,6,1,0,1,1,0
2024 Scotties Tournament of Hearts,d2d241fc,-3,1,2,1,-1,5,0,0,0,-1,0
2024 Scotties Tournament of Hearts,d2d241fc,5,-1,-5,-1,0,4,1,0,1,0,0
2024 Scotties Tournament of Hearts,d2d241fc,-2,-1,5,6,-1,3,1,0,0,4,0
2024 Scotties Tournament of Hearts,d2d241fc,2,4,-2,2,0,2,0,0,1,-1,0
2024 Scotties Tournament of Hearts,d2d241fc,-3,-3,-8,-7,3,1,1,0,0,-2,0
2024 Scotties Tournament of Hearts,d2d241fc,1,-7,-2,2,0,0,1,0,1,2,0
2024 Scotties Tournament of Hearts,d2d241fc,-1,-2,0,-2,0,-1,0,0,0,-2,0
2024 Scotties Tournament of Hearts,39342cde,2,3,4,4,-1,9,0,0,0,-1,1
2024 Scotties Tournament of Hearts,39342cde,4,2,4,6,-2,8,1,0,1,3,1
2024 Scotties Tournament of Hearts,39342cde,0,0,0,2,0,7,0,0,0,0,1
2024 Scotties Tournament of Hearts,39342cde,-4,2,0,0,0,6,0,0,1,-2,1
2024 Scotties Tournament of Hearts,39342cde,-1,2,-2,0,0,5,1,0,0,1,1
2024 Scotties Tournament of Hearts,39342cde,4,-1,0,0,0,4,0,0,1,-1,1
2024 Scotties Tournament of Hearts,39342cde,3,2,2,0,0,3,1,0,0,2,1
2024 Scotties Tournament of Hearts,39342cde,-3,0,2,4,-2,2,0,0,1,1,1
2024 Scotties Tournament of Hearts,39342cde,0,1,4,7,-1,1,0,0,0,4,1
2024 Scotties Tournament of Hearts,d24c93a4,-1,1,-3,0,0,9,0,0,0,0,0
2024 Scotties Tournament of Hearts,d24c93a4,-1,-2,3,-1,0,8,0,0,1,-1,0
2024 Scotties Tournament of Hearts,d24c93a4,3,-1,-1,-4,1,7,1,0,0,-4,0
2024 Scotties Tournament of Hearts,d24c93a4,2,2,0,-1,0,6,1,0,1,-1,0
2024 Scotties Tournament of Hearts,d24c93a4,-1,0,-4,1,0,5,1,0,0,2,0
2024 Scotties Tournament of Hearts,d24c93a4,-2,0,0,4,0,4,0,0,1,1,0
2024 Scotties Tournament of Hearts,d24c93a4,3,-2,2,4,-1,3,0,0,0,2,0
2024 Scotties Tournament of Hearts,d24c93a4,-1,-3,-2,-1,0,2,0,0,1,-2,0
2024 Scotties Tournament of Hearts,d24c93a4,2,-1,0,-6,1,1,1,0,0,-2,0
2024 Scotties Tournament of Hearts,ea07a269,-1,-2,-1,0,0,9,1,1,0,1,0
2024 Scotties Tournament of Hearts,ea07a269,-4,-4,4,2,-2,8,0,1,1,-1,0
2024 Scotties Tournament of Hearts,ea07a269,-2,3,-4,-2,1,7,1,1,0,-1,0
2024 Scotties Tournament of Hearts,ea07a269,0,-4,1,-2,0,6,1,1,1,-1,0
2024 Scotties Tournament of Hearts,ea07a269,0,-3,1,4,-1,4,1,1,1,2,0
2024 Scotties Tournament of Hearts,ea07a269,1,2,0,2,0,3,0,1,0,-1,0
2024 Scotties Tournament of Hearts,ea07a269,2,-2,-2,-2,0,2,1,1,1,1,0
2024 Scotties Tournament of Hearts,ea07a269,1,-4,-6,0,1,1,0,1,0,-2,0
2024 Scotties Tournament of Hearts,9d09b782,0,1,0,-2,0,9,0,0,0,-2,0
2024 Scotties Tournament of Hearts,9d09b782,-1,2,-4,2,1,8,1,0,1,2,0
2024 Scotties Tournament of Hearts,9d09b782,4,-4,-1,-4,1,7,0,0,0,-3,0
2024 Scotties Tournament of Hearts,9d09b782,-2,-2,-2,0,0,6,1,0,1,0,0
2024 Scotties Tournament of Hearts,9d09b782,-1,2,-2,1,0,5,1,0,0,0,0
2024 Scotties Tournament of Hearts,9d09b782,-1,-2,0,4,-1,2,0,0,1,-1,0
2024 Scotties Tournament of Hearts,9d09b782,-4,0,0,-1,0,0,0,0,1,-1,0
2024 Scotties Tournament of Hearts,e7fbace9,0,0,-2,0,0,9,1,1,0,1,0
2024 Scotties Tournament of Hearts,e7fbace9,-2,2,2,-1,0,8,0,1,1,-1,0
2024 Scotties Tournament of Hearts,e7fbace9,0,3,1,2,0,7,1,1,0,2,0
2024 Scotties Tournament of Hearts,e7fbace9,-1,0,2,0,0,6,0,1,1,-1,0
2024 Scotties Tournament of Hearts,e7fbace9,-1,0,-2,0,0,5,1,1,0,1,0
2024 Scotties Tournament of Hearts,e7fbace9,-4,-1,1,0,0,4,0,1,1,-2,0
2024 Scotties Tournament of Hearts,e7fbace9,-2,-7,-6,-4,0,3,1,1,0,-2,0
2024 Scotties Tournament of Hearts,e7fbace9,2,2,-6,-3,1,1,0,1,0,-3,0
2024 Scotties Tournament of Hearts,532f7c88,0,-4,-2,1,0,9,1,1,0,0,1
2024 Scotties Tournament of Hearts,532f7c88,0,1,2,-1,-1,8,1,1,1,1,1
2024 Scotties Tournament of Hearts,532f7c88,3,-2,-2,8,-2,7,0,1,0,-1,1
2024 Scotties Tournament of Hearts,532f7c88,0,3,1,0,1,6,1,1,1,1,1
2024 Scotties Tournament of Hearts,532f7c88,-1,-1,0,4,-1,5,0,1,0,1,1
2024 Scotties Tournament of Hearts,532f7c88,2,3,3,2,-1,4,0,1,1,0,1
2024 Scotties Tournament of Hearts,532f7c88,2,0,1,1,0,3,0,1,0,-1,1
2024 Scotties Tournament of Hearts,532f7c88,-2,3,1,-2,0,2,1,1,1,1,1
2024 Scotties Tournament of Hearts,532f7c88,0,0,2,-4,1,1,0,1,0,-2,1
2024 Scotties Tournament of Hearts,532f7c88,1,1,1,3,0,0,1,1,1,1,1
2024 Scotties Tournament of Hearts,f4c9df11,0,0,-4,0,0,9,0,0,0,-5,0
2024 Scotties Tournament of Hearts,f4c9df11,-4,0,-2,4,-1,8,1,0,1,2,0
2024 Scotties Tournament of Hearts,f4c9df11,-1,3,-1,-1,0,7,0,0,0,-2,0
2024 Scotties Tournament of Hearts,f4c9df11,4,-1,2,1,0,6,1,0,1,2,0
2024 Scotties Tournament of Hearts,f4c9df11,0,-5,2,2,-1,5,0,0,0,-2,0
2024 Scotties Tournament of Hearts,f4c9df11,0,-7,-6,0,1,4,1,0,1,1,0
2024 Scotties Tournament of Hearts,f4c9df11,0,-1,0,-2,0,3,0,0,0,-2,0
2024 Scotties Tournament of Hearts,f4c9df11,0,-4,-2,1,0,2,1,0,1,2,0
2024 Scotties Tournament of Hearts,f4c9df11,0,1,0,-1,0,1,0,0,0,-1,0
2024 Scotties Tournament of Hearts,2b517587,3,-3,1,-4,0,9,0,0,0,-2,0
2024 Scotties Tournament of Hearts,2b517587,0,-1,1,-2,0,8,1,0,1,1,0
2024 Scotties Tournament of Hearts,2b517587,-2,1,0,0,0,7,0,0,0,-1,0
2024 Scotties Tournament of Hearts,2b517587,0,-5,-3,-5,0,6,1,0,1,-2,0
2024 Scotties Tournament of Hearts,2b517587,0,-1,-3,-2,0,5,1,0,0,-1,0
2024 Scotties Tournament of Hearts,2b517587,0,-2,4,-1,-1,4,1,0,1,2,0
2024 Scotties Tournament of Hearts,2b517587,1,0,3,-4,1,3,0,0,0,-2,0
2024 Scotties Tournament of Hearts,2b517587,0,-3,3,0,-1,2,1,0,1,1,0
2024 Scotties Tournament of Hearts,2b517587,0,-6,-1,2,0,1,0,0,0,1,0
2024 Scotties Tournament of Hearts,41cee5e7,-2,-1,3,-2,0,9,0,0,0,0,1
2024 Scotties Tournament of Hearts,41cee5e7,-2,-2,1,-1,0,8,0,0,1,-2,1
2024 Scotties Tournament of Hearts,41cee5e7,2,2,0,0,0,7,1,0,0,2,1
2024 Scotties Tournament of Hearts,41cee5e7,0,2,-2,-2,0,6,0,0,1,-2,1
2024 Scotties Tournament of Hearts,41cee5e7,-2,-1,-1,0,0,5,1,0,0,0,1
2024 Scotties Tournament of Hearts,41cee5e7,-3,-2,-2,1,0,4,1,0,1,1,1
2024 Scotties Tournament of Hearts,41cee5e7,0,0,2,4,-1,3,0,0,0,1,1
2024 Scotties Tournament of Hearts,41cee5e7,1,0,1,7,-1,2,0,0,1,2,1
2024 Scotties Tournament of Hearts,41cee5e7,-2,0,1,2,0,1,0,0,0,1,1
2024 Scotties Tournament of Hearts,41cee5e7,1,0,1,4,-1,0,0,0,1,2,1
2024 Scotties Tournament of Hearts,1dd219be,-2,-4,0,2,0,9,0,0,0,-1,1
2024 Scotties Tournament of Hearts,1dd219be,1,-2,0,0,0,8,1,0,1,0,1
2024 Scotties Tournament of Hearts,1dd219be,0,0,1,4,-1,7,1,0,0,3,1
2024 Scotties Tournament of Hearts,1dd219be,-1,-1,1,4,-1,6,0,0,1,1,1
2024 Scotties Tournament of Hearts,1dd219be,-1,0,-2,3,-1,5,0,0,0,-1,1
2024 Scotties Tournament of Hearts,1dd219be,0,-3,0,-1,0,4,1,0,1,1,1
2024 Scotties Tournament of Hearts,1dd219be,1,0,-2,0,0,3,0,0,0,-1,1
2024 Scotties Tournament of Hearts,1dd219be,-1,4,0,2,0,2,1,0,1,1,1
2024 Scotties Tournament of Hearts,1dd219be,0,2,1,3,0,1,0,0,0,-1,1
2024 Scotties Tournament of Hearts,1f56e6dd,-2,-1,0,-2,0,9,1,1,0,1,1
2024 Scotties Tournament of Hearts,1f56e6dd,0,2,0,1,0,8,0,1,1,0,1
2024 Scotties Tournament of Hearts,1f56e6dd,0,-3,1,2,0,7,0,1,0,-1,1
2024 Scotties Tournament of Hearts,1f56e6dd,1,0,4,0,-1,6,1,1,1,2,1
2024 Scotties Tournament of Hearts,1f56e6dd,-1,4,3,1,-1,5,0,1,0,-1,1
2024 Scotties Tournament of Hearts,1f56e6dd,-2,1,-1,-2,0,4,1,1,1,-1,1
2024 Scotties Tournament of Hearts,1f56e6dd,-1,0,0,-1,0,3,1,1,0,0,1
2024 Scotties Tournament of Hearts,1f56e6dd,-1,-4,-3,-5,1,2,1,1,1,-1,1
2024 Scotties Tournament of Hearts,1f56e6dd,-1,0,0,3,0,1,1,1,0,0,1
2024 Scotties Tournament of Hearts,1f56e6dd,1,0,-2,2,-1,0,1,1,1,1,1
2024 Scotties Tournament of Hearts,1f56e6dd,2,0,-1,6,-2,-1,0,1,0,2,1
2024 Scotties Tournament of Hearts,939239b7,-3,-2,-1,-4,1,9,1,1,0,-1,0
2024 Scotties Tournament of Hearts,939239b7,1,-1,-2,0,0,8,1,1,1,2,0
2024 Scotties Tournament of Hearts,939239b7,-4,-1,0,-2,1,7,0,1,0,-3,0
2024 Scotties Tournament of Hearts,939239b7,2,0,-2,0,0,6,1,1,1,1,0
2024 Scotties Tournament of Hearts,939239b7,0,0,-1,0,0,5,0,1,0,0,0
2024 Scotties Tournament of Hearts,939239b7,0,-2,0,2,0,4,0,1,1,1,0
2024 Scotties Tournament of Hearts,939239b7,-1,3,1,1,-1,3,0,1,0,-1,0
2024 Scotties Tournament of Hearts,939239b7,0,0,0,-6,1,2,1,1,1,-1,0
2024 Scotties Tournament of Hearts,939239b7,-1,4,0,-6,1,1,1,1,0,-2,0
2024 Scotties Tournament of Hearts,4e2227d5,-2,2,1,-4,1,9,1,1,0,0,1
2024 Scotties Tournament of Hearts,4e2227d5,2,3,4,-1,0,8,1,1,1,1,1
2024 Scotties Tournament of Hearts,4e2227d5,-2,-2,-2,-2,0,7,0,1,0,-2,1
2024 Scotties Tournament of Hearts,4e2227d5,2,-2,2,2,0,6,1,1,1,2,1
2024 Scotties Tournament of Hearts,4e2227d5,1,-1,0,0,0,5,0,1,0,0,1
2024 Scotties Tournament of Hearts,4e2227d5,0,0,3,3,0,4,0,1,1,-1,1
2024 Scotties Tournament of Hearts,4e2227d5,-2,4,4,4,-1,3,1,1,0,3,1
2024 Scotties Tournament of Hearts,4e2227d5,0,-1,0,2,0,2,0,1,1,1,1
2024 Scotties Tournament of Hearts,4e2227d5,1,1,1,2,0,1,0,1,0,-1,1
2023 Scotties Tournament of Hearts,10cc8485,0,5,0,-8,2,9,1,1,0,-1,0
2023 Scotties Tournament of Hearts,10cc8485,3,2,0,0,0,8,1,1,1,0,0
2023 Scotties Tournament of Hearts,10cc8485,-2,1,-2,0,0,7,1,1,0,1,0
2023 Scotties Tournament of Hearts,10cc8485,-2,-1,0,-8,2,6,0,1,1,-3,0
2023 Scotties Tournament of Hearts,10cc8485,0,-3,-2,-8,2,5,1,1,0,-1,0
2023 Scotties Tournament of Hearts,10cc8485,1,-3,2,-7,0,4,1,1,1,-2,0
2023 Scotties Tournament of Hearts,10cc8485,4,-5,-1,-4,1,3,1,1,0,-2,0
2023 Scotties Tournament of Hearts,10cc8485,1,1,-2,0,0,2,1,1,1,1,0
2023 Scotties Tournament of Hearts,c9a873c2,-1,1,0,2,0,9,1,1,0,2,0
2023 Scotties Tournament of Hearts,c9a873c2,-1,-3,-2,0,0,8,0,1,1,-2,0
2023 Scotties Tournament of Hearts,c9a873c2,1,4,1,2,0,7,1,1,0,2,0
2023 Scotties Tournament of Hearts,c9a873c2,0,4,4,2,-1,6,0,1,1,1,0
2023 Scotties Tournament of Hearts,c9a873c2,-3,-3,0,-3,0,5,0,1,0,-3,0
2023 Scotties Tournament of Hearts,c9a873c2,3,-2,3,-1,0,4,1,1,1,1,0
2023 Scotties Tournament of Hearts,c9a873c2,-1,-4,2,-3,1,3,0,1,0,-2,0
2023 Scotties Tournament of Hearts,c9a873c2,-1,0,1,-3,1,2,1,1,1,2,0
2023 Scotties Tournament of Hearts,c9a873c2,0,-3,0,-3,0,1,0,1,0,-2,0
2023 Scotties Tournament of Hearts,c9a873c2,-2,-4,1,0,0,0,1,1,1,1,0
2023 Scotties Tournament of Hearts,2db8e8c5,-1,4,0,5,-1,9,1,1,0,3,1
2023 Scotties Tournament of Hearts,2db8e8c5,0,1,1,0,0,8,0,1,1,-2,1
2023 Scotties Tournament of Hearts,2db8e8c5,0,-2,3,5,0,7,1,1,0,2,1
2023 Scotties Tournament of Hearts,2db8e8c5,1,1,2,-5,0,6,0,1,1,-3,1
2023 Scotties Tournament of Hearts,2db8e8c5,0,2,-1,-2,1,5,1,1,0,0,1
2023 Scotties Tournament of Hearts,2db8e8c5,0,6,-1,-2,1,4,1,1,1,2,1
2023 Scotties Tournament of Hearts,2db8e8c5,4,-4,4,-5,-1,3,0,1,0,-2,1
2023 Scotties Tournament of Hearts,2db8e8c5,0,3,0,4,-1,2,1,1,1,4,1
2023 Scotties Tournament of Hearts,2db8e8c5,2,4,5,3,-1,1,0,1,0,-1,1
2023 Scotties Tournament of Hearts,561645be,7,-1,1,-4,-1,9,0,0,0,-2,1
2023 Scotties Tournament of Hearts,561645be,2,1,-1,1,1,8,1,0,1,0,1
2023 Scotties Tournament of Hearts,561645be,5,3,6,3,-2,7,1,0,0,3,1
2023 Scotties Tournament of Hearts,561645be,6,2,3,5,-2,6,0,0,1,2,1
2023 Scotties Tournament of Hearts,561645be,1,1,6,-4,0,5,0,0,0,-2,1
2023 Scotties Tournament of Hearts,561645be,0,4,1,-3,1,4,1,0,1,-1,1
2023 Scotties Tournament of Hearts,561645be,0,-3,2,3,0,3,1,0,0,4,1
2023 Scotties Tournament of Hearts,561645be,2,3,5,1,0,2,0,0,1,1,1
2023 Scotties Tournament of Hearts,561645be,-4,0,1,6,-1,1,0,0,0,3,1
2023 Scotties Tournament of Hearts,ca89ac88,-4,-2,7,3,-2,9,1,1,0,2,1
2023 Scotties Tournament of Hearts,ca89ac88,4,3,-4,-3,1,8,0,1,1,-1,1
2023 Scotties Tournament of Hearts,ca89ac88,3,-1,-2,4,-1,7,1,1,0,3,1
2023 Scotties Tournament of Hearts,ca89ac88,0,-4,-3,3,1,6,0,1,1,2,1
2023 Scotties Tournament of Hearts,ca89ac88,-2,4,-4,1,0,5,0,1,0,1,1
2023 Scotties Tournament of Hearts,ca89ac88,2,2,-6,4,0,4,0,1,1,-1,1
2023 Scotties Tournament of Hearts,ca89ac88,2,5,2,0,0,3,1,1,0,1,1
2023 Scotties Tournament of Hearts,ca89ac88,-3,5,1,2,0,2,0,1,1,1,1
2023 Scotties Tournament of Hearts,5d2cc187,-3,-2,-1,-1,0,9,1,1,0,1,1
2023 Scotties Tournament of Hearts,5d2cc187,-1,1,-6,2,1,8,0,1,1,-1,1
2023 Scotties Tournament of Hearts,5d2cc187,3,-2,-1,-1,0,7,1,1,0,1,1
2023 Scotties Tournament of Hearts,5d2cc187,2,-1,-3,4,0,6,0,1,1,1,1
2023 Scotties Tournament of Hearts,5d2cc187,0,0,3,3,-1,5,0,1,0,3,1
2023 Scotties Tournament of Hearts,5d2cc187,0,1,-1,1,0,4,0,1,1,-1,1
2023 Scotties Tournament of Hearts,5d2cc187,-4,0,0,0,0,3,1,1,0,1,1
2023 Scotties Tournament of Hearts,5d2cc187,0,-4,3,5,-1,2,0,1,1,1,1
2023 Scotties Tournament of Hearts,7e30b980,1,0,5,-4,0,9,1,1,0,2,1
2023 Scotties Tournament of Hearts,7e30b980,0,-1,-1,0,0,8,0,1,1,-1,1
2023 Scotties Tournament of Hearts,7e30b980,-2,6,1,5,-1,7,1,1,0,6,1
2023 Scotties Tournament of Hearts,7e30b980,0,3,-1,3,0,6,0,1,1,-1,1
2023 Scotties Tournament of Hearts,7e30b980,0,1,0,5,-1,5,1,1,0,3,1
2023 Scotties Tournament of Hearts,7e30b980,0,0,4,2,-1,4,0,1,1,-1,1
2023 Scotties Tournament of Hearts,7e30b980,-3,-1,0,0,0,3,1,1,0,1,1
2023 Scotties Tournament of Hearts,7e30b980,-6,-3,4,0,0,2,0,1,1,-1,1
2023 Scotties Tournament of Hearts,567b7e40,-1,0,0,0,0,9,1,1,0,0,1
2023 Scotties Tournament of Hearts,567b7e40,0,0,2,8,-2,8,1,1,1,4,1
2023 Scotties Tournament of Hearts,567b7e40,0,1,-1,-2,0,7,0,1,0,-1,1
2023 Scotties Tournament of Hearts,567b7e40,0,0,1,6,0,6,1,1,1,3,1
2023 Scotties Tournament of Hearts,567b7e40,2,2,0,0,0,5,0,1,0,-1,1
2023 Scotties Tournament of Hearts,567b7e40,1,2,0,1,0,4,1,1,1,2,1
2023 Scotties Tournament of Hearts,567b7e40,2,0,0,0,0,3,0,1,0,-1,1
2023 Scotties Tournament of Hearts,567b7e40,-3,0,0,-2,1,2,1,1,1,1,1
2023 Scotties Tournament of Hearts,2acafd85,-2,4,2,-1,0,9,0,0,0,0,0
2023 Scotties Tournament of Hearts,2acafd85,4,-6,-1,0,0,8,0,0,1,0,0
2023 Scotties Tournament of Hearts,2acafd85,1,-4,3,0,-1,7,0,0,0,-1,0
2023 Scotties Tournament of Hearts,2acafd85,0,1,0,-8,2,6,1,0,1,-1,0
2023 Scotties Tournament of Hearts,2acafd85,0,-3,3,-2,0,5,1,0,0,0,0
2023 Scotties Tournament of Hearts,2acafd85,-2,0,1,-5,0,4,1,0,1,-2,0
2023 Scotties Tournament of Hearts,2acafd85,2,-4,2,-6,1,3,1,0,0,-1,0
2023 Scotties Tournament of Hearts,2acafd85,0,-1,0,4,-1,2,1,0,1,3,0
2023 Scotties Tournament of Hearts,2acafd85,-4,0,2,-4,1,1,0,0,0,-3,0
2023 Scotties Tournament of Hearts,efc0319f,1,-3,-3,-5,1,9,0,0,0,-3,0
2023 Scotties Tournament of Hearts,efc0319f,-2,-7,-1,0,0,8,1,0,1,0,0
2023 Scotties Tournament of Hearts,efc0319f,-4,-1,-1,-3,1,7,1,0,0,-1,0
2023 Scotties Tournament of Hearts,efc0319f,-2,-1,3,0,0,6,1,0,1,2,0
2023 Scotties Tournament of Hearts,efc0319f,1,-5,-1,-3,0,5,0,0,0,-2,0
2023 Scotties Tournament of Hearts,efc0319f,0,-2,1,-3,0,4,1,0,1,2,0
2023 Scotties Tournament of Hearts,efc0319f,-4,-3,-1,2,0,3,0,0,0,0,0
2023 Scotties Tournament of Hearts,efc0319f,5,0,0,1,0,2,0,0,1,0,0
2023 Scotties Tournament of Hearts,efc0319f,2,-1,-4,-4,2,1,0,0,0,-3,0
2023 Scotties Tournament of Hearts,66431642,1,0,0,0,0,9,1,1,0,0,1
2023 Scotties Tournament of Hearts,66431642,0,1,1,8,-2,8,1,1,1,4,1
2023 Scotties Tournament of Hearts,66431642,-1,-1,2,-4,1,7,0,1,0,-2,1
2023 Scotties Tournament of Hearts,66431642,-1,2,1,0,0,6,1,1,1,1,1
2023 Scotties Tournament of Hearts,66431642,0,1,0,-6,1,5,0,1,0,-2,1
2023 Scotties Tournament of Hearts,66431642,1,0,1,0,-1,4,1,1,1,1,1
2023 Scotties Tournament of Hearts,66431642,1,0,-2,2,0,3,0,1,0,-2,1
2023 Scotties Tournament of Hearts,66431642,-1,3,0,8,-2,2,1,1,1,4,1
2023 Scotties Tournament of Hearts,66431642,-1,0,2,2,0,1,0,1,0,1,1
2023 Scotties Tournament of Hearts,805e1a4a,-1,1,-1,2,0,9,0,0,0,-1,1
2023 Scotties Tournament of Hearts,805e1a4a,-2,3,0,5,-1,8,1,0,1,4,1
2023 Scotties Tournament of Hearts,805e1a4a,0,3,3,4,-1,7,0,0,0,-1,1
2023 Scotties Tournament of Hearts,805e1a4a,-5,-2,2,-1,0,6,1,0,1,1,1
2023 Scotties Tournament of Hearts,805e1a4a,0,1,2,2,0,5,0,0,0,-1,1
2023 Scotties Tournament of Hearts,805e1a4a,-1,5,3,-2,1,4,1,0,1,-1,1
2023 Scotties Tournament of Hearts,805e1a4a,0,-2,-3,-1,0,3,1,0,0,1,1
2023 Scotties Tournament of Hearts,805e1a4a,3,2,1,3,0,2,0,0,1,1,1
2023 Scotties Tournament of Hearts,805e1a4a,2,-3,3,3,-1,1,0,0,0,2,1
2023 Scotties Tournament of Hearts,60cd3a86,-1,-4,-4,-6,1,9,0,0,0,-4,0
2023 Scotties Tournament of Hearts,60cd3a86,1,-1,1,1,1,8,1,0,1,1,0
2023 Scotties Tournament of Hearts,60cd3a86,-2,-2,2,-7,1,7,0,0,0,-2,0
2023 Scotties Tournament of Hearts,60cd3a86,-2,-4,-6,-3,1,6,1,0,1,-1,0
2023 Scotties Tournament of Hearts,60cd3a86,-2,-7,-5,-6,1,5,1,0,0,-3,0
2023 Scotties Tournament of Hearts,60cd3a86,-2,-3,-1,0,0,4,1,0,1,1,0
2023 Scotties Tournament of Hearts,60cd3a86,4,0,-2,-4,0,3,0,0,0,-1,0
2023 Scotties Tournament of Hearts,60cd3a86,-3,-1,-4,-2,0,2,1,0,1,1,0
2023 Scotties Tournament of Hearts,b7bcd608,0,-2,-2,-1,0,9,0,0,0,0,0
2023 Scotties Tournament of Hearts,b7bcd608,0,0,-3,0,0,8,0,0,1,-2,0
2023 Scotties Tournament of Hearts,b7bcd608,-4,-2,0,-8,2,7,1,0,0,-4,0
2023 Scotties Tournament of Hearts,b7bcd608,-5,-1,-3,0,0,6,1,0,1,1,0
2023 Scotties Tournament of Hearts,b7bcd608,1,-2,0,-4,1,5,0,0,0,-3,0
2023 Scotties Tournament of Hearts,b7bcd608,0,0,-2,0,0,4,1,0,1,2,0
2023 Scotties Tournament of Hearts,b7bcd608,0,0,1,2,0,3,0,0,0,-1,0
2023 Scotties Tournament of Hearts,b7bcd608,-3,1,-3,0,0,2,1,0,1,1,0
2023 Scotties Tournament of Hearts,8fc1abdc,0,2,-5,0,0,9,0,0,0,-2,0
2023 Scotties Tournament of Hearts,8fc1abdc,0,-1,1,0,0,8,1,0,1,1,0
2023 Scotties Tournament of Hearts,8fc1abdc,3,0,0,6,-1,7,0,0,0,2,0
2023 Scotties Tournament of Hearts,8fc1abdc,0,-3,0,3,-1,6,0,0,1,-1,0
2023 Scotties Tournament of Hearts,8fc1abdc,0,-3,-1,0,2,5,1,0,0,1,0
2023 Scotties Tournament of Hearts,8fc1abdc,1,0,1,0,0,4,0,0,1,-2,0
2023 Scotties Tournament of Hearts,8fc1abdc,3,-6,-2,-3,1,3,1,0,0,-1,0
2023 Scotties Tournament of Hearts,8fc1abdc,0,-1,2,-8,2,2,1,0,1,-3,0
2023 Scotties Tournament of Hearts,0b275f73,1,0,-1,1,0,9,0,0,0,-1,0
2023 Scotties Tournament of Hearts,0b275f73,-4,0,3,-1,1,8,1,0,1,1,0
2023 Scotties Tournament of Hearts,0b275f73,-2,0,2,6,-2,7,0,0,0,2,0
2023 Scotties Tournament of Hearts,0b275f73,0,4,1,1,0,6,0,0,1,-2,0
2023 Scotties Tournament of Hearts,0b275f73,0,-1,1,-5,1,5,1,0,0,1,0
2023 Scotties Tournament of Hearts,0b275f73,2,2,2,2,0,4,0,0,1,-1,0
2023 Scotties Tournament of Hearts,0b275f73,4,-2,2,-4,1,3,1,0,0,1,0
2023 Scotties Tournament of Hearts,0b275f73,1,2,3,2,0,2,0,0,1,-1,0
2023 Scotties Tournament of Hearts,0b275f73,-2,0,0,4,-1,1,1,0,0,0,0
2023 Scotties Tournament of Hearts,0b275f73,-2,1,2,-5,1,0,1,0,1,-2,0
2023 Scotties Tournament of Hearts,6b40b2e9,3,4,-2,-1,0,9,0,0,0,-2,1
2023 Scotties Tournament of Hearts,6b40b2e9,0,0,0,-2,1,8,1,0,1,-1,1
2023 Scotties Tournament of Hearts,6b40b2e9,1,2,-4,6,0,7,1,0,0,3,1
2023 Scotties Tournament of Hearts,6b40b2e9,4,-2,3,3,-2,6,0,0,1,2,1
2023 Scotties Tournament of Hearts,6b40b2e9,0,-1,3,7,-2,5,0,0,0,2,1
2023 Scotties Tournament of Hearts,6b40b2e9,3,3,0,0,0,4,0,0,1,-1,1
2023 Scotties Tournament of Hearts,6b40b2e9,-1,0,0,-7,1,3,1,0,0,-1,1
2023 Scotties Tournament of Hearts,6b40b2e9,0,0,-1,-4,1,2,1,0,1,1,1
2023 Scotties Tournament of Hearts,6b40b2e9,1,0,3,-1,0,1,0,0,0,-2,1
2023 Scotties Tournament of Hearts,c0bc8dc6,0,0,4,0,-1,9,1,1,0,0,0
2023 Scotties Tournament of Hearts,c0bc8dc6,-2,-2,3,5,-1,8,1,1,1,2,0
2023 Scotties Tournament of Hearts,c0bc8dc6,-1,1,-3,1,0,7,0,1,0,-1,0
2023 Scotties Tournament of Hearts,c0bc8dc6,-3,-4,-2,-4,1,6,1,1,1,-2,0
2023 Scotties Tournament of Hearts,c0bc8dc6,4,-2,2,-4,0,5,1,1,0,-1,0
2023 Scotties Tournament of Hearts,c0bc8dc6,-2,-2,-1,-1,1,4,1,1,1,1,0
2023 Scotties Tournament of Hearts,c0bc8dc6,0,4,-1,-4,1,3,0,1,0,-2,0
2023 Scotties Tournament of Hearts,c0bc8dc6,-1,-6,2,5,-1,2,1,1,1,1,0
2023 Scotties Tournament of Hearts,c0bc8dc6,-1,-2,1,3,-1,1,0,1,0,1,0
2023 Scotties Tournament of Hearts,d3140472,1,-1,-1,2,0,9,1,1,0,2,1
2023 Scotties Tournament of Hearts,d3140472,0,0,4,4,-2,8,0,1,1,0,1
2023 Scotties Tournament of Hearts,d3140472,0,0,0,-4,1,7,0,1,0,-3,1
2023 Scotties Tournament of Hearts,d3140472,-1,-1,1,1,0,6,1,1,1,3,1
2023 Scotties Tournament of Hearts,d3140472,1,4,4,4,-1,5,0,1,0,2,1
2023 Scotties Tournament of Hearts,d3140472,2,4,0,8,-2,4,0,1,1,1,1
2023 Scotties Tournament of Hearts,d3140472,4,0,4,6,-2,3,0,1,0,4,1
2023 Scotties Tournament of Hearts,d3140472,0,-2,1,-2,0,2,0,1,1,-1,1
2023 Scotties Tournament of Hearts,4d0f04a5,-3,-4,1,-1,0,9,0,0,0,-2,0
2023 Scotties Tournament of Hearts,4d0f04a5,3,-1,-4,-1,0,8,1,0,1,1,0
2023 Scotties Tournament of Hearts,4d0f04a5,-2,-1,-1,4,-1,7,0,0,0,-1,0
2023 Scotties Tournament of Hearts,4d0f04a5,2,-2,2,3,-2,6,1,0,1,2,0
2023 Scotties Tournament of Hearts,4d0f04a5,-1,0,2,5,-2,5,0,0,0,1,0
2023 Scotties Tournament of Hearts,4d0f04a5,0,-4,-6,-6,2,4,0,0,1,-5,0
2023 Scotties Tournament of Hearts,4d0f04a5,5,0,-4,-3,0,3,1,0,0,1,0
2023 Scotties Tournament of Hearts,4d0f04a5,1,-3,1,0,0,2,0,0,1,-2,0
2023 Scotties Tournament of Hearts,4d0f04a5,4,2,0,-2,0,1,1,0,0,1,0
2023 Scotties Tournament of Hearts,6d4de4df,0,3,0,-3,0,9,1,1,0,1,1
2023 Scotties Tournament of Hearts,6d4de4df,0,-1,1,5,-1,8,0,1,1,1,1
2023 Scotties Tournament of Hearts,6d4de4df,3,0,1,0,0,7,0,1,0,-1,1
2023 Scotties Tournament of Hearts,6d4de4df,-1,0,-3,-2,0,6,1,1,1,-1,1
2023 Scotties Tournament of Hearts,6d4de4df,-1,0,0,-4,1,5,1,1,0,1,1
2023 Scotties Tournament of Hearts,6d4de4df,1,-4,0,-2,0,4,0,1,1,-2,1
2023 Scotties Tournament of Hearts,6d4de4df,0,1,2,-1,0,3,1,1,0,2,1
2023 Scotties Tournament of Hearts,6d4de4df,2,-2,2,2,0,2,0,1,1,0,1
2023 Scotties Tournament of Hearts,6d4de4df,4,2,-2,-2,0,1,0,1,0,-2,1
2023 Scotties Tournament of Hearts,6d4de4df,1,-1,4,5,-1,0,1,1,1,3,1
2023 Scotties Tournament of Hearts,234d489d,-1,0,-2,0,0,9,1,1,0,1,1
2023 Scotties Tournament of Hearts,234d489d,0,-1,4,-1,-1,8,0,1,1,-2,1
2023 Scotties Tournament of Hearts,234d489d,-3,1,-2,0,1,7,1,1,0,2,1
2023 Scotties Tournament of Hearts,234d489d,0,0,1,0,0,6,0,1,1,0,1
2023 Scotties Tournament of Hearts,234d489d,0,-3,2,1,0,5,0,1,0,1,1
2023 Scotties Tournament of Hearts,234d489d,0,0,5,6,-2,4,0,1,1,-1,1
2023 Scotties Tournament of Hearts,234d489d,0,1,0,-4,1,3,1,1,0,0,1
2023 Scotties Tournament of Hearts,234d489d,-2,0,-3,-6,1,2,1,1,1,-3,1
2023 Scotties Tournament of Hearts,234d489d,0,1,2,3,0,1,1,1,0,2,1
2023 Scotties Tournament of Hearts,234d489d,4,0,0,7,-2,0,0,1,1,1,1
2023 Scotties Tournament of Hearts,56b0595b,0,-1,-2,-1,1,9,1,1,0,-1,1
2023 Scotties Tournament of Hearts,56b0595b,0,1,1,2,0,8,1,1,1,2,1
2023 Scotties Tournament of Hearts,56b0595b,2,-1,0,0,0,7,0,1,0,-2,1
2023 Scotties Tournament of Hearts,56b0595b,-1,5,-2,-3,0,6,1,1,1,1,1
2023 Scotties Tournament of Hearts,56b0595b,-1,-1,-1,0,0,5,0,1,0,-1,1
2023 Scotties Tournament of Hearts,56b0595b,-1,3,3,3,0,4,1,1,1,4,1
2023 Scotties Tournament of Hearts,56b0595b,-3,4,0,-3,1,3,0,1,0,-2,1
2023 Scotties Tournament of Hearts,56b0595b,-2,1,2,0,-1,2,1,1,1,1,1
2023 Scotties Tournament of Hearts,56b0595b,0,4,-3,0,-1,1,0,1,0,-2,1
2023 Scotties Tournament of Hearts,56b0595b,3,2,0,1,0,0,1,1,1,1,1
2023 Scotties Tournament of Hearts,9838f9b1,0,-1,-5,1,0,9,1,1,0,1,1
2023 Scotties Tournament of Hearts,9838f9b1,0,0,-4,-2,0,8,0,1,1,0,1
2023 Scotties Tournament of Hearts,9838f9b1,0,-3,0,5,-1,7,0,1,0,2,1
2023 Scotties Tournament of Hearts,9838f9b1,0,0,1,-2,0,6,0,1,1,-2,1
2023 Scotties Tournament of Hearts,9838f9b1,-1,3,0,4,-1,5,1,1,0,3,1
2023 Scotties Tournament of Hearts,9838f9b1,0,3,1,2,0,4,0,1,1,-1,1
2023 Scotties Tournament of Hearts,9838f9b1,-1,1,-2,-3,0,3,1,1,0,-2,1
2023 Scotties Tournament of Hearts,9838f9b1,-3,0,0,0,0,2,1,1,1,-1,1
2023 Scotties Tournament of Hearts,9838f9b1,-1,0,-4,1,1,1,1,1,0,3,1
2023 Scotties Tournament of Hearts,a984dfa5,0,1,-1,0,0,9,1,1,0,0,1
2023 Scotties Tournament of Hearts,a984dfa5,-1,-1,-1,3,-1,8,1,1,1,2,1
2023 Scotties Tournament of Hearts,a984dfa5,-2,0,1,4,-1,7,0,1,0,2,1
2023 Scotties Tournament of Hearts,a984dfa5,0,-1,-1,0,0,6,0,1,1,-3,1
2023 Scotties Tournament of Hearts,a984dfa5,-2,-3,-2,0,0,5,1,1,0,1,1
2023 Scotties Tournament of Hearts,a984dfa5,-2,1,2,-1,0,4,0,1,1,0,1
2023 Scotties Tournament of Hearts,a984dfa5,-2,1,-1,-2,1,3,0,1,0,-2,1
2023 Scotties Tournament of Hearts,a984dfa5,0,-1,0,-5,0,2,1,1,1,1,1
2023 Scotties Tournament of Hearts,a984dfa5,-1,1,0,4,0,1,0,1,0,-1,1
2023 Scotties Tournament of Hearts,5b80dfd3,4,1,-1,2,0,9,1,1,0,2,1
2023 Scotties Tournament of Hearts,5b80dfd3,2,1,-2,-3,0,8,0,1,1,-2,1
2023 Scotties Tournament of Hearts,5b80dfd3,-1,2,-1,1,0,7,1,1,0,0,1
2023 Scotties Tournament of Hearts,5b80dfd3,-1,1,-3,3,0,6,1,1,1,2,1
2023 Scotties Tournament of Hearts,5b80dfd3,3,0,2,-2,0,5,0,1,0,-3,1
2023 Scotties Tournament of Hearts,5b80dfd3,-2,0,0,5,-1,4,1,1,1,3,1
2023 Scotties Tournament of Hearts,5b80dfd3,3,2,-3,0,1,3,0,1,0,-1,1
2023 Scotties Tournament of Hearts,5b80dfd3,0,0,0,-6,1,2,1,1,1,-1,1
2023 Scotties Tournament of Hearts,5b80dfd3,0,3,2,4,0,1,1,1,0,2,1
2023 Scotties Tournament of Hearts,26461a41,3,-2,2,-1,0,9,0,0,0,-2,0
2023 Scotties Tournament of Hearts,26461a41,-7,-1,-2,-5,1,8,1,0,1,-1,0
2023 Scotties Tournament of Hearts,26461a41,-1,-2,0,-3,1,7,1,0,0,-1,0
2023 Scotties Tournament of Hearts,26461a41,-2,0,-1,6,-2,6,1,0,1,3,0
2023 Scotties Tournament of Hearts,26461a41,3,2,3,2,-2,5,0,0,0,1,0
2023 Scotties Tournament of Hearts,26461a41,0,1,-2,-4,1,4,0,0,1,-2,0
2023 Scotties Tournament of Hearts,26461a41,0,-1,1,3,-1,3,1,0,0,0,0
2023 Scotties Tournament of Hearts,26461a41,0,0,-2,-2,0,2,1,0,1,1,0
2023 Scotties Tournament of Hearts,26461a41,1,-1,-1,-5,1,1,0,0,0,-3,0
2023 Scotties Tournament of Hearts,b9baef06,0,1,-2,0,0,9,1,1,0,0,1
2023 Scotties Tournament of Hearts,b9baef06,3,1,2,-4,1,8,1,1,1,0,1
2023 Scotties Tournament of Hearts,b9baef06,-3,0,0,-4,1,7,1,1,0,0,1
2023 Scotties Tournament of Hearts,b9baef06,-5,1,0,1,0,6,1,1,1,1,1
2023 Scotties Tournament of Hearts,b9baef06,-2,-1,1,0,0,5,0,1,0,-2,1
2023 Scotties Tournament of Hearts,b9baef06,4,1,2,1,-1,4,1,1,1,2,1
2023 Scotties Tournament of Hearts,b9baef06,4,0,3,3,-1,3,0,1,0,-1,1
2023 Scotties Tournament of Hearts,b9baef06,2,2,-2,5,-1,2,1,1,1,3,1
2023 Scotties Tournament of Hearts,b9baef06,-2,3,0,1,0,1,0,1,0,-1,1
2023 Scotties Tournament of Hearts,bf6b4efb,-4,4,0,2,-1,9,0,0,0,0,1
2023 Scotties Tournament of Hearts,bf6b4efb,0,4,0,0,0,8,0,0,1,0,1
2023 Scotties Tournament of Hearts,bf6b4efb,4,0,3,4,-1,7,0,0,0,1,1
2023 Scotties Tournament of Hearts,bf6b4efb,4,5,-2,-2,1,6,0,0,1,-2,1
2023 Scotties Tournament of Hearts,bf6b4efb,0,2,-1,4,0,5,1,0,0,2,1
2023 Scotties Tournament of Hearts,bf6b4efb,0,3,1,0,0,4,0,0,1,0,1
2023 Scotties Tournament of Hearts,bf6b4efb,3,2,2,-3,0,3,0,0,0,-2,1
2023 Scotties Tournament of Hearts,bf6b4efb,-2,-2,-1,3,0,2,1,0,1,2,1
2023 Scotties Tournament of Hearts,bf6b4efb,5,-2,5,8,-3,1,0,0,0,2,1
2023 Scotties Tournament of Hearts,85955bd2,-6,2,2,3,-2,9,1,1,0,1,1
2023 Scotties Tournament of Hearts,85955bd2,0,0,2,-2,0,8,0,1,1,0,1
2023 Scotties Tournament of Hearts,85955bd2,2,-1,-3,0,0,7,0,1,0,-1,1
2023 Scotties Tournament of Hearts,85955bd2,0,1,-2,7,-1,6,1,1,1,3,1
2023 Scotties Tournament of Hearts,85955bd2,-1,1,2,-3,0,5,0,1,0,-2,1
2023 Scotties Tournament of Hearts,85955bd2,1,-1,-1,2,0,4,1,1,1,2,1
2023 Scotties Tournament of Hearts,85955bd2,1,2,4,2,0,3,0,1,0,-1,1
2023 Scotties Tournament of Hearts,85955bd2,2,6,5,4,-1,2,1,1,1,7,1
2023 Scotties Tournament of Hearts,66fa5359,-2,0,2,0,1,9,1,1,0,0,1
2023 Scotties Tournament of Hearts,66fa5359,-1,1,-1,-1,1,8,1,1,1,-1,1
2023 Scotties Tournament of Hearts,66fa5359,0,-1,0,3,0,7,1,1,0,3,1
2023 Scotties Tournament of Hearts,66fa5359,-2,2,1,-1,0,6,0,1,1,-1,1
2023 Scotties Tournament of Hearts,66fa5359,1,-2,1,-2,1,5,1,1,0,1,1
2023 Scotties Tournament of Hearts,66fa5359,4,-1,-1,4,-1,4,0,1,1,-1,1
2023 Scotties Tournament of Hearts,66fa5359,2,2,1,5,0,3,1,1,0,3,1
2023 Scotties Tournament of Hearts,66fa5359,-1,3,4,1,-1,2,0,1,1,-1,1
2023 Scotties Tournament of Hearts,66fa5359,-4,0,2,0,0,1,1,1,0,3,1
2023 Scotties Tournament of Hearts,a7ea4019,-1,-4,1,2,0,9,1,1,0,1,1
2023 Scotties Tournament of Hearts,a7ea4019,-1,-1,-4,-4,1,8,0,1,1,-2,1
2023 Scotties Tournament of Hearts,a7ea4019,1,3,0,0,0,7,1,1,0,1,1
2023 Scotties Tournament of Hearts,a7ea4019,-1,0,0,-1,0,6,0,1,1,-1,1
2023 Scotties Tournament of Hearts,a7ea4019,-2,0,-3,3,-1,5,1,1,0,2,1
2023 Scotties Tournament of Hearts,a7ea4019,1,-5,0,-1,0,4,0,1,1,-1,1
2023 Scotties Tournament of Hearts,a7ea4019,0,0,-4,0,1,3,1,1,0,0,1
2023 Scotties Tournament of Hearts,a7ea4019,2,0,0,0,0,2,1,1,1,1,1
2023 Scotties Tournament of Hearts,a7ea4019,0,-3,0,4,-1,1,0,1,0,1,1
2023 Scotties Tournament of Hearts,a7ea4019,1,0,2,2,-1,0,0,1,1,-1,1
2023 Scotties Tournament of Hearts,59a9ddc2,0,2,-1,-1,0,9,1,1,0,1,0
2023 Scotties Tournament of Hearts,59a9ddc2,0,1,4,0,0,8,0,1,1,-1,0
2023 Scotties Tournament of Hearts,59a9ddc2,3,0,4,6,-1,7,1,1,0,4,0
2023 Scotties Tournament of Hearts,59a9ddc2,1,4,-1,-1,0,6,0,1,1,-2,0
2023 Scotties Tournament of Hearts,59a9ddc2,-1,0,1,0,0,5,1,1,0,0,0
2023 Scotties Tournament of Hearts,59a9ddc2,1,0,-6,-3,2,4,1,1,1,-1,0
2023 Scotties Tournament of Hearts,59a9ddc2,-4,-3,-1,-3,0,3,1,1,0,-1,0
2023 Scotties Tournament of Hearts,59a9ddc2,0,2,1,-3,1,2,1,1,1,1,0
2023 Scotties Tournament of Hearts,59a9ddc2,0,-3,-4,-5,1,1,0,1,0,-4,0
2023 Scotties Tournament of Hearts,59a9ddc2,0,-3,-1,0,0,0,1,1,1,3,0
2023 Scotties Tournament of Hearts,59a9ddc2,-1,0,-2,-1,0,-1,0,1,0,-2,0
2023 Scotties Tournament of Hearts,e734273b,2,4,0,0,0,9,0,0,0,-1,0
2023 Scotties Tournament of Hearts,e734273b,0,-5,-4,-6,1,8,1,0,1,-1,0
2023 Scotties Tournament of Hearts,e734273b,3,3,1,4,-1,7,1,0,0,3,0
2023 Scotties Tournament of Hearts,e734273b,2,2,4,0,-1,6,0,0,1,-1,0
2023 Scotties Tournament of Hearts,e734273b,-6,-4,-3,-1,1,5,1,0,0,-1,0
2023 Scotties Tournament of Hearts,e734273b,3,-2,-1,0,1,4,1,0,1,2,0
2023 Scotties Tournament of Hearts,e734273b,2,-2,-1,-7,2,3,0,0,0,-4,0
2023 Scotties Tournament of Hearts,e734273b,-4,1,2,0,0,2,1,0,1,2,0
2023 Scotties Tournament of Hearts,e734273b,0,3,-3,0,0,1,0,0,0,-3,0
2023 Scotties Tournament of Hearts,e734273b,1,-2,1,-1,1,0,1,0,1,-1,0
2023 Scotties Tournament of Hearts,df107ffa,-5,3,-2,6,0,9,1,1,0,2,1
2023 Scotties Tournament of Hearts,df107ffa,2,3,2,-1,0,8,0,1,1,-2,1
2023 Scotties Tournament of Hearts,df107ffa,-3,-5,-6,-2,0,7,1,1,0,1,1
2023 Scotties Tournament of Hearts,df107ffa,0,0,1,-4,1,6,0,1,1,-2,1
2023 Scotties Tournament of Hearts,df107ffa,3,-4,3,1,0,5,1,1,0,2,1
2023 Scotties Tournament of Hearts,df107ffa,4,7,3,8,-2,4,0,1,1,2,1
2023 Scotties Tournament of Hearts,df107ffa,3,3,-3,-3,0,3,0,1,0,-2,1
2023 Scotties Tournament of Hearts,df107ffa,1,2,1,4,-1,2,1,1,1,2,1
2023 Scotties Tournament of Hearts,df107ffa,0,3,1,0,0,1,0,1,0,0,1
2023 Scotties Tournament of Hearts,df107ffa,4,3,3,2,-1,0,0,1,1,1,1
2023 Scotties Tournament of Hearts,d8b844dc,4,0,3,0,0,9,0,0,0,-1,1
2023 Scotties Tournament of Hearts,d8b844dc,0,0,0,-2,1,8,1,0,1,0,1
2023 Scotties Tournament of Hearts,d8b844dc,1,1,3,-4,1,7,1,0,0,0,1
2023 Scotties Tournament of Hearts,d8b844dc,0,5,1,0,0,6,1,0,1,0,1
2023 Scotties Tournament of Hearts,d8b844dc,2,1,4,3,0,5,1,0,0,2,1
2023 Scotties Tournament of Hearts,d8b844dc,3,4,-3,-5,1,4,0,0,1,-4,1
2023 Scotties Tournament of Hearts,d8b844dc,-2,4,0,3,0,3,1,0,0,1,1
2023 Scotties Tournament of Hearts,d8b844dc,0,-2,1,2,-1,2,0,0,1,1,1
2023 Scotties Tournament of Hearts,d8b844dc,3,0,3,5,-1,1,0,0,0,2,1
2023 Scotties Tournament of Hearts,d8b844dc,2,3,-4,3,0,0,0,0,1,2,1
2023 Scotties Tournament of Hearts,96af61ab,-2,0,4,5,-2,9,1,1,0,2,1
2023 Scotties Tournament of Hearts,96af61ab,0,2,3,4,-1,8,0,1,1,3,1
2023 Scotties Tournament of Hearts,96af61ab,4,2,5,0,-2,7,0,1,0,-1,1
2023 Scotties Tournament of Hearts,96af61ab,0,3,0,3,0,6,1,1,1,2,1
2023 Scotties Tournament of Hearts,96af61ab,1,2,2,6,-2,5,0,1,0,1,1
2023 Scotties Tournament of Hearts,96af61ab,0,-7,1,3,-1,4,0,1,1,-1,1
2023 Scotties Tournament of Hearts,96af61ab,-4,3,1,7,-2,3,1,1,0,6,1
2023 Scotties Tournament of Hearts,96af61ab,0,-4,1,1,0,2,0,1,1,-1,1
2023 Scotties Tournament of Hearts,0597cb8a,1,-1,-2,3,0,9,1,1,0,2,1
2023 Scotties Tournament of Hearts,0597cb8a,-1,2,4,3,-1,8,0,1,1,2,1
2023 Scotties Tournament of Hearts,0597cb8a,0,0,0,-1,0,7,0,1,0,-1,1
2023 Scotties Tournament of Hearts,0597cb8a,-1,2,1,0,0,6,1,1,1,1,1
2023 Scotties Tournament of Hearts,0597cb8a,-1,0,2,-2,0,5,0,1,0,-2,1
2023 Scotties Tournament of Hearts,0597cb8a,0,0,0,2,0,4,1,1,1,2,1
2023 Scotties Tournament of Hearts,0597cb8a,1,1,0,1,-1,2,0,1,1,1,1
2023 Scotties Tournament of Hearts,0597cb8a,3,-5,1,3,0,1,0,1,0,-1,1
2023 Scotties Tournament of Hearts,8b73539f,0,0,0,-2,1,9,1,1,0,0,1
2023 Scotties Tournament of Hearts,8b73539f,-1,-1,2,2,0,8,1,1,1,3,1
2023 Scotties Tournament of Hearts,8b73539f,3,2,2,-1,0,7,0,1,0,-2,1
2023 Scotties Tournament of Hearts,8b73539f,-2,3,5,4,-2,6,1,1,1,2,1
2023 Scotties Tournament of Hearts,8b73539f,1,2,1,1,-1,5,0,1,0,1,1
2023 Scotties Tournament of Hearts,8b73539f,0,0,2,4,0,4,0,1,1,1,1
2023 Scotties Tournament of Hearts,8b73539f,0,1,3,6,-2,3,0,1,0,2,1
2023 Scotties Tournament of Hearts,8b73539f,-1,6,0,5,-1,2,0,1,1,1,1
2023 Scotties Tournament of Hearts,f1bccce6,0,1,1,0,0,9,1,1,0,1,0
2023 Scotties Tournament of Hearts,f1bccce6,-1,0,-1,0,0,8,0,1,1,-1,0
2023 Scotties Tournament of Hearts,f1bccce6,0,2,2,-4,1,7,1,1,0,-1,0
2023 Scotties Tournament of Hearts,f1bccce6,-1,-2,-1,-3,1,6,1,1,1,1,0
2023 Scotties Tournament of Hearts,f1bccce6,0,6,3,2,0,5,0,1,0,-1,0
2023 Scotties Tournament of Hearts,f1bccce6,0,0,-5,-5,2,4,1,1,1,-3,0
2023 Scotties Tournament of Hearts,f1bccce6,4,-1,-1,1,1,3,1,1,0,1,0
2023 Scotties Tournament of Hearts,f1bccce6,4,-1,1,0,0,2,0,1,1,-1,0
2023 Scotties Tournament of Hearts,f1bccce6,3,-1,1,2,0,1,1,1,0,2,0
2023 Scotties Tournament of Hearts,f1bccce6,-1,-2,1,0,0,0,0,1,1,1,0
2023 Scotties Tournament of Hearts,f8d2ca90,-4,-2,0,0,0,9,0,0,0,0,0
2023 Scotties Tournament of Hearts,f8d2ca90,1,2,-6,-4,2,8,0,0,1,-3,0
2023 Scotties Tournament of Hearts,f8d2ca90,-2,-1,-4,0,0,7,1,0,0,2,0
2023 Scotties Tournament of Hearts,f8d2ca90,0,2,2,-1,0,6,0,0,1,-1,0
2023 Scotties Tournament of Hearts,f8d2ca90,-3,-3,-3,-6,1,5,1,0,0,-1,0
2023 Scotties Tournament of Hearts,f8d2ca90,2,6,-2,-1,0,4,1,0,1,1,0
2023 Scotties Tournament of Hearts,f8d2ca90,-1,0,2,-1,-1,3,0,0,0,-1,0
2023 Scotties Tournament of Hearts,f8d2ca90,-2,-1,2,2,0,2,1,0,1,2,0
2023 Scotties Tournament of Hearts,f8d2ca90,0,0,1,-4,1,1,0,0,0,-3,0
2023 Scotties Tournament of Hearts,9a7baa4c,2,-2,-4,-4,0,9,0,0,0,-2,0
2023 Scotties Tournament of Hearts,9a7baa4c,0,-2,-1,-2,0,8,1,0,1,-1,0
2023 Scotties Tournament of Hearts,9a7baa4c,3,1,-4,-5,2,7,1,0,0,-1,0
2023 Scotties Tournament of Hearts,9a7baa4c,0,-3,-1,-4,0,6,1,0,1,-2,0
2023 Scotties Tournament of Hearts,9a7baa4c,0,-3,-3,-5,1,5,1,0,0,-2,0
2023 Scotties Tournament of Hearts,9a7baa4c,0,-1,1,1,0,4,1,0,1,2,0
2023 Scotties Tournament of Hearts,9a7baa4c,2,-3,4,0,0,3,0,0,0,-1,0
2023 Scotties Tournament of Hearts,9a7baa4c,-3,-1,-2,1,0,2,1,0,1,3,0
2023 Scotties Tournament of Hearts,9a7baa4c,-3,0,0,-1,0,1,0,0,0,-1,0
2023 Scotties Tournament of Hearts,04d8edb7,-1,-1,4,5,-1,9,1,1,0,3,1
2023 Scotties Tournament of Hearts,04d8edb7,1,2,3,-4,1,8,0,1,1,-1,1
2023 Scotties Tournament of Hearts,04d8edb7,0,2,0,0,1,7,1,1,0,1,1
2023 Scotties Tournament of Hearts,04d8edb7,3,8,0,8,-2,6,0,1,1,1,1
2023 Scotties Tournament of Hearts,04d8edb7,-4,-1,4,0,0,5,0,1,0,-1,1
2023 Scotties Tournament of Hearts,04d8edb7,-3,3,1,2,0,4,1,1,1,3,1
2023 Scotties Tournament of Hearts,04d8edb7,-2,2,-2,0,0,3,0,1,0,1,1
2023 Scotties Tournament of Hearts,04d8edb7,-1,6,3,0,0,2,0,1,1,-1,1
2023 Scotties Tournament of Hearts,04d8edb7,-7,-2,2,1,0,1,1,1,0,1,1
2023 Scotties Tournament of Hearts,8a1ac219,-4,-1,-2,-1,1,9,1,1,0,1,1
2023 Scotties Tournament of Hearts,8a1ac219,2,-4,1,-1,0,8,0,1,1,0,1
2023 Scotties Tournament of Hearts,8a1ac219,4,-2,-2,2,-1,7,0,1,0,0,1
2023 Scotties Tournament of Hearts,8a1ac219,-1,-2,-1,-1,0,6,0,1,1,-2,1
2023 Scotties Tournament of Hearts,8a1ac219,0,1,-1,-3,0,5,1,1,0,1,1
2023 Scotties Tournament of Hearts,8a1ac219,-4,3,0,0,0,4,0,1,1,0,1
2023 Scotties Tournament of Hearts,8a1ac219,2,0,-2,6,0,3,0,1,0,1,1
2023 Scotties Tournament of Hearts,8a1ac219,3,4,2,4,-1,2,0,1,1,1,1
2023 Scotties Tournament of Hearts,8a1ac219,3,3,4,-3,0,1,0,1,0,-2,1
2023 Scotties Tournament of Hearts,8a1ac219,-2,2,2,1,0,0,1,1,1,2,1
2023 Scotties Tournament of Hearts,ac45e587,-1,2,2,1,0,9,1,1,0,5,1
2023 Scotties Tournament of Hearts,ac45e587,-1,1,-1,2,0,8,0,1,1,-1,1
2023 Scotties Tournament of Hearts,ac45e587,-3,2,3,0,0,7,1,1,0,0,1
2023 Scotties Tournament of Hearts,ac45e587,1,3,-2,0,1,6,1,1,1,3,1
2023 Scotties Tournament of Hearts,ac45e587,0,0,-2,-6,2,5,0,1,0,-3,1
2023 Scotties Tournament of Hearts,ac45e587,4,1,4,-2,-1,4,1,1,1,-1,1
2023 Scotties Tournament of Hearts,ac45e587,1,2,-2,-1,1,3,1,1,0,1,1
2023 Scotties Tournament of Hearts,ac45e587,2,0,7,3,-2,2,0,1,1,1,1
2023 Scotties Tournament of Hearts,ac45e587,2,4,1,7,-1,1,0,1,0,2,1
2023 Scotties Tournament of Hearts,d3784370,0,2,-1,-5,0,9,0,0,0,-3,1
2023 Scotties Tournament of Hearts,d3784370,0,-2,6,5,-1,8,1,0,1,4,1
2023 Scotties Tournament of Hearts,d3784370,-1,6,0,3,-1,7,0,0,0,-1,1
2023 Scotties Tournament of Hearts,d3784370,1,-3,3,-3,0,6,1,0,1,1,1
2023 Scotties Tournament of Hearts,d3784370,-2,0,0,-4,1,5,0,0,0,-2,1
2023 Scotties Tournament of Hearts,d3784370,0,0,-3,1,0,4,1,0,1,1,1
2023 Scotties Tournament of Hearts,d3784370,1,0,1,0,0,3,0,0,0,-1,1
2023 Scotties Tournament of Hearts,d3784370,-2,0,4,2,0,2,1,0,1,3,1
2023 Scotties Tournament of Hearts,d3784370,3,0,2,0,0,1,0,0,0,-1,1
2023 Scotties Tournament of Hearts,d3784370,0,2,3,5,-1,0,1,0,1,4,1
2023 Scotties Tournament of Hearts,04a2fdf1,0,2,7,1,-2,9,1,1,0,3,1
2023 Scotties Tournament of Hearts,04a2fdf1,-1,1,4,1,0,8,0,1,1,-1,1
2023 Scotties Tournament of Hearts,04a2fdf1,-3,1,-2,-1,0,7,1,1,0,1,1
2023 Scotties Tournament of Hearts,04a2fdf1,-3,2,5,0,-1,6,0,1,1,-1,1
2023 Scotties Tournament of Hearts,04a2fdf1,1,0,-1,5,-1,5,1,1,0,2,1
2023 Scotties Tournament of Hearts,04a2fdf1,0,2,3,0,0,4,0,1,1,-1,1
2023 Scotties Tournament of Hearts,04a2fdf1,1,2,-5,-1,1,3,1,1,0,3,1
2023 Scotties Tournament of Hearts,04a2fdf1,0,0,1,6,-1,2,0,1,1,3,1
2023 Scotties Tournament of Hearts,abed40f0,7,0,-3,-1,0,9,0,0,0,-1,0
2023 Scotties Tournament of Hearts,abed40f0,0,-4,0,-3,1,8,1,0,1,-1,0
2023 Scotties Tournament of Hearts,abed40f0,1,-7,-1,-4,0,7,1,0,0,-1,0
2023 Scotties Tournament of Hearts,abed40f0,-2,-1,4,0,0,6,1,0,1,1,0
2023 Scotties Tournament of Hearts,abed40f0,1,4,-1,-8,2,5,0,0,0,-3,0
2023 Scotties Tournament of Hearts,abed40f0,3,-1,-3,-5,1,4,1,0,1,-1,0
2023 Scotties Tournament of Hearts,abed40f0,0,4,-6,-4,3,3,1,0,0,-2,0
2023 Scotties Tournament of Hearts,abed40f0,-8,0,0,1,0,2,1,0,1,1,0
2023 Scotties Tournament of Hearts,38d2de79,0,3,-1,-1,0,9,0,0,0,-1,1
2023 Scotties Tournament of Hearts,38d2de79,-4,-3,-3,0,0,8,1,0,1,1,1
2023 Scotties Tournament of Hearts,38d2de79,0,0,4,7,-2,7,0,0,0,2,1
2023 Scotties Tournament of Hearts,38d2de79,5,1,-2,8,-2,6,0,0,1,1,1
2023 Scotties Tournament of Hearts,38d2de79,2,1,6,4,-2,5,0,0,0,2,1
2023 Scotties Tournament of Hearts,38d2de79,1,1,0,-4,1,4,0,0,1,-3,1
2023 Scotties Tournament of Hearts,38d2de79,2,0,4,3,-1,3,1,0,0,2,1
2023 Scotties Tournament of Hearts,38d2de79,1,6,3,5,-1,2,0,0,1,3,1
2023 Scotties Tournament of Hearts,69a83f28,-3,2,-2,-1,0,9,0,0,0,0,0
2023 Scotties Tournament of Hearts,69a83f28,0,3,2,1,-1,8,0,0,1,1,0
2023 Scotties Tournament of Hearts,69a83f28,-3,0,-1,-4,0,7,0,0,0,-2,0
2023 Scotties Tournament of Hearts,69a83f28,1,-1,-3,0,0,6,1,0,1,1,0
2023 Scotties Tournament of Hearts,69a83f28,-3,4,3,5,-1,5,0,0,0,2,0
2023 Scotties Tournament of Hearts,69a83f28,-1,-4,-1,0,0,4,0,0,1,-1,0
2023 Scotties Tournament of Hearts,69a83f28,3,0,-3,-7,1,3,1,0,0,-1,0
2023 Scotties Tournament of Hearts,69a83f28,0,0,-2,-4,0,2,1,0,1,-1,0
2023 Scotties Tournament of Hearts,69a83f28,0,4,2,0,0,1,1,0,0,2,0
2023 Scotties Tournament of Hearts,69a83f28,0,2,0,2,0,0,0,0,1,-1,0
2023 Scotties Tournament of Hearts,69a83f28,0,0,0,-3,1,-1,1,0,0,-1,0
2023 Scotties Tournament of Hearts,d2c9b7b3,0,2,1,-1,0,9,0,0,0,-2,0
2023 Scotties Tournament of Hearts,d2c9b7b3,-2,1,-3,-2,0,8,1,0,1,1,0
2023 Scotties Tournament of Hearts,d2c9b7b3,0,1,0,4,-1,7,0,0,0,-1,0
2023 Scotties Tournament of Hearts,d2c9b7b3,-3,-1,-2,-3,0,6,1,0,1,-1,0
2023 Scotties Tournament of Hearts,d2c9b7b3,1,3,2,3,0,5,1,0,0,2,0
2023 Scotties Tournament of Hearts,d2c9b7b3,-2,-4,2,-2,-1,4,0,0,1,-2,0
2023 Scotties Tournament of Hearts,d2c9b7b3,1,-2,-3,4,0,3,1,0,0,2,0
2023 Scotties Tournament of Hearts,d2c9b7b3,0,1,4,-6,1,2,0,0,1,-2,0
2023 Scotties Tournament of Hearts,d2c9b7b3,-1,-3,1,-5,1,1,1,0,0,-1,0
2023 Scotties Tournament of Hearts,ef745bb1,-1,2,0,-4,1,9,0,0,0,-2,0
2023 Scotties Tournament of Hearts,ef745bb1,0,1,1,-3,0,8,1,0,1,1,0
2023 Scotties Tournament of Hearts,ef745bb1,-2,-2,-1,-4,0,7,0,0,0,-2,0
2023 Scotties Tournament of Hearts,ef745bb1,1,1,-2,2,0,6,1,0,1,2,0
2023 Scotties Tournament of Hearts,ef745bb1,-2,0,2,2,0,5,0,0,0,-1,0
2023 Scotties Tournament of Hearts,ef745bb1,-1,-2,0,-5,1,4,1,0,1,-1,0
2023 Scotties Tournament of Hearts,ef745bb1,0,-4,1,3,0,3,1,0,0,2,0
2023 Scotties Tournament of Hearts,ef745bb1,0,-2,0,7,-1,2,0,0,1,2,0
2023 Scotties Tournament of Hearts,ef745bb1,1,1,3,1,-1,1,0,0,0,-1,0
2023 Scotties Tournament of Hearts,ef745bb1,-1,2,-1,-6,1,0,1,0,1,-1,0
2023 Scotties Tournament of Hearts,8048589d,-3,-3,-1,-2,0,9,0,0,0,-2,0
2023 Scotties Tournament of Hearts,8048589d,0,-4,1,5,-1,8,1,0,1,2,0
2023 Scotties Tournament of Hearts,8048589d,5,-4,2,2,-1,7,0,0,0,0,0
2023 Scotties Tournament of Hearts,8048589d,0,2,0,5,-1,6,0,0,1,1,0
2023 Scotties Tournament of Hearts,8048589d,3,0,0,1,0,5,0,0,0,-1,0
2023 Scotties Tournament of Hearts,8048589d,-2,-4,-4,-2,0,4,1,0,1,-1,0
2023 Scotties Tournament of Hearts,8048589d,2,-5,-2,-2,0,3,1,0,0,1,0
2023 Scotties Tournament of Hearts,8048589d,0,-2,0,3,-1,2,0,0,1,2,0
2023 Scotties Tournament of Hearts,8048589d,0,2,1,0,0,1,0,0,0,0,0
2023 Scotties Tournament of Hearts,8048589d,-2,-1,3,-1,0,0,0,0,1,-3,0
2023 Scotties Tournament of Hearts,97c9bbce,-3,1,1,-2,1,9,1,1,0,1,0
2023 Scotties Tournament of Hearts,97c9bbce,0,-1,3,-2,0,8,0,1,1,-2,0
2023 Scotties Tournament of Hearts,97c9bbce,-3,0,-3,4,0,7,1,1,0,2,0
2023 Scotties Tournament of Hearts,97c9bbce,0,0,-1,-5,1,6,0,1,1,-3,0
2023 Scotties Tournament of Hearts,97c9bbce,-1,-3,1,0,0,5,1,1,0,-1,0
2023 Scotties Tournament of Hearts,97c9bbce,1,2,-7,6,0,4,1,1,1,3,0
2023 Scotties Tournament of Hearts,97c9bbce,5,0,-3,-3,0,3,0,1,0,-4,0
2023 Scotties Tournament of Hearts,97c9bbce,-1,-2,-4,-3,0,1,0,1,0,-4,0
2023 Scotties Tournament of Hearts,d473f66f,2,1,0,1,0,9,1,1,0,2,1
2023 Scotties Tournament of Hearts,d473f66f,2,1,-1,4,-1,8,0,1,1,1,1
2023 Scotties Tournament of Hearts,d473f66f,-3,1,-4,-4,1,7,0,1,0,-3,1
2023 Scotties Tournament of Hearts,d473f66f,-7,-2,-4,0,1,6,1,1,1,2,1
2023 Scotties Tournament of Hearts,d473f66f,3,-2,3,4,-2,5,0,1,0,2,1
2023 Scotties Tournament of Hearts,d473f66f,-5,2,0,1,0,4,0,1,1,-1,1
2023 Scotties Tournament of Hearts,d473f66f,2,0,0,0,0,3,1,1,0,0,1
2023 Scotties Tournament of Hearts,d473f66f,0,1,0,-3,1,2,1,1,1,1,1
2023 Scotties Tournament of Hearts,d473f66f,0,3,3,4,-1,1,0,1,0,-1,1
2023 Scotties Tournament of Hearts,1a9b6867,2,1,1,5,-1,9,0,0,0,1,1
2023 Scotties Tournament of Hearts,1a9b6867,-4,-4,3,0,0,8,0,0,1,-1,1
2023 Scotties Tournament of Hearts,1a9b6867,0,0,-3,-4,1,7,1,0,0,-1,1
2023 Scotties Tournament of Hearts,1a9b6867,0,3,1,3,0,6,1,0,1,2,1
2023 Scotties Tournament of Hearts,1a9b6867,0,3,-4,2,0,5,0,0,0,-1,1
2023 Scotties Tournament of Hearts,1a9b6867,2,-2,5,4,-1,4,1,0,1,5,1
2023 Scotties Tournament of Hearts,1a9b6867,1,-1,-3,-3,0,3,0,0,0,-3,1
2023 Scotties Tournament of Hearts,1a9b6867,-3,-1,1,-6,1,2,1,0,1,-1,1
2023 Scotties Tournament of Hearts,1a9b6867,-2,-4,-3,3,0,1,1,0,0,2,1
2023 Scotties Tournament of Hearts,1a9b6867,0,0,1,0,0,0,0,0,1,-2,1
2023 Scotties Tournament of Hearts,1a6a345a,1,-2,-5,-4,2,9,0,0,0,-3,1
2023 Scotties Tournament of Hearts,1a6a345a,0,-5,0,-6,1,8,1,0,1,-1,1
2023 Scotties Tournament of Hearts,1a6a345a,-1,5,-3,0,0,7,1,0,0,4,1
2023 Scotties Tournament of Hearts,1a6a345a,3,2,1,-2,0,6,0,0,1,-1,1
2023 Scotties Tournament of Hearts,1a6a345a,-2,0,0,0,0,5,1,0,0,1,1
2023 Scotties Tournament of Hearts,1a6a345a,1,-1,2,0,0,4,0,0,1,-1,1
2023 Scotties Tournament of Hearts,1a6a345a,1,-1,-3,-1,0,3,1,0,0,1,1
2023 Scotties Tournament of Hearts,1a6a345a,2,-1,3,1,-1,2,0,0,1,1,1
2023 Scotties Tournament of Hearts,1a6a345a,-1,0,3,0,0,1,0,0,0,-1,1
2023 Scotties Tournament of Hearts,5f25886f,3,-2,2,1,0,9,0,0,0,-1,1
2023 Scotties Tournament of Hearts,5f25886f,0,1,1,-1,0,8,1,0,1,2,1
2023 Scotties Tournament of Hearts,5f25886f,-1,-2,0,0,0,7,0,0,0,0,1
2023 Scotties Tournament of Hearts,5f25886f,0,1,4,-1,-1,6,0,0,1,-1,1
2023 Scotties Tournament of Hearts,5f25886f,-1,0,0,5,0,5,1,0,0,3,1
2023 Scotties Tournament of Hearts,5f25886f,-1,0,0,-2,0,4,0,0,1,-2,1
2023 Scotties Tournament of Hearts,5f25886f,-1,1,1,6,-1,3,1,0,0,4,1
2023 Scotties Tournament of Hearts,5f25886f,0,0,1,2,0,2,0,0,1,-1,1
2023 Scotties Tournament of Hearts,c10dfb2f,-2,-6,2,-1,0,9,1,1,0,1,0
2023 Scotties Tournament of Hearts,c10dfb2f,-1,2,2,-8,2,8,0,1,1,-3,0
2023 Scotties Tournament of Hearts,c10dfb2f,-2,-6,-4,4,-1,7,1,1,0,2,0
2023 Scotties Tournament of Hearts,c10dfb2f,-1,3,-1,0,0,6,0,1,1,-1,0
2023 Scotties Tournament of Hearts,c10dfb2f,0,-3,-2,0,0,4,0,1,1,-2,0
2023 Scotties Tournament of Hearts,c10dfb2f,-1,-1,-2,-4,1,3,1,1,0,-2,0
2023 Scotties Tournament of Hearts,c10dfb2f,-2,-2,0,2,0,2,1,1,1,2,0
2023 Scotties Tournament of Hearts,c10dfb2f,0,-1,-1,3,-1,1,0,1,0,-1,0
2023 Scotties Tournament of Hearts,99623119,3,2,0,2,-1,9,0,0,0,0,0
2023 Scotties Tournament of Hearts,99623119,0,-6,-1,5,1,8,0,0,1,1,0
2023 Scotties Tournament of Hearts,99623119,4,2,4,-2,0,7,0,0,0,0,0
2023 Scotties Tournament of Hearts,99623119,2,4,1,2,0,6,0,0,1,1,0
2023 Scotties Tournament of Hearts,99623119,2,0,0,-1,1,5,0,0,0,-1,0
2023 Scotties Tournament of Hearts,99623119,-5,-6,0,0,0,4,1,0,1,-1,0
2023 Scotties Tournament of Hearts,99623119,-3,-2,-4,-2,0,3,1,0,0,1,0
2023 Scotties Tournament of Hearts,99623119,2,1,-4,-2,0,2,0,0,1,-2,0
2023 Scotties Tournament of Hearts,99623119,1,-1,0,-1,0,1,1,0,0,1,0
2023 Scotties Tournament of Hearts,99623119,-2,-2,3,-3,0,0,0,0,1,-1,0
2023 Scotties Tournament of Hearts,36d0af24,0,2,-2,-3,1,9,1,1,0,1,0
2023 Scotties Tournament of Hearts,36d0af24,2,1,-4,-2,1,8,0,1,1,-2,0
2023 Scotties Tournament of Hearts,36d0af24,1,2,-1,-4,1,7,1,1,0,-1,0
2023 Scotties Tournament of Hearts,36d0af24,-3,3,-2,2,0,6,1,1,1,2,0
2023 Scotties Tournament of Hearts,36d0af24,-3,2,1,3,0,5,0,1,0,-1,0
2023 Scotties Tournament of Hearts,36d0af24,-2,2,1,1,0,4,1,1,1,1,0
2023 Scotties Tournament of Hearts,36d0af24,6,-1,0,0,0,3,0,1,0,-1,0
2023 Scotties Tournament of Hearts,36d0af24,-4,-4,-5,1,0,2,1,1,1,1,0
2023 Scotties Tournament of Hearts,36d0af24,3,-5,-3,-3,1,1,0,1,0,-3,0
2023 Scotties Tournament of Hearts,846efa02,0,2,-3,4,-1,9,1,1,0,3,1
2023 Scotties Tournament of Hearts,846efa02,1,-5,2,-4,0,8,0,1,1,-2,1
2023 Scotties Tournament of Hearts,846efa02,2,2,0,7,-1,7,1,1,0,5,1
2023 Scotties Tournament of Hearts,846efa02,3,-2,-1,-4,0,6,0,1,1,-2,1
2023 Scotties Tournament of Hearts,846efa02,2,-2,4,-3,-1,5,1,1,0,-1,1
2023 Scotties Tournament of Hearts,846efa02,0,-3,3,-1,1,4,1,1,1,-1,1
2023 Scotties Tournament of Hearts,846efa02,3,0,1,-3,1,3,1,1,0,1,1
2023 Scotties Tournament of Hearts,846efa02,0,0,0,2,-1,2,0,1,1,-1,1
2023 Scotties Tournament of Hearts,846efa02,0,0,-4,-4,1,1,1,1,0,-1,1
2023 Scotties Tournament of Hearts,846efa02,0,0,0,0,0,0,1,1,1,1,1
2023 Scotties Tournament of Hearts,2bdab9cc,0,-4,-1,0,0,9,0,0,0,-2,1
2023 Scotties Tournament of Hearts,2bdab9cc,-1,-1,2,3,0,8,1,0,1,3,1
2023 Scotties Tournament of Hearts,2bdab9cc,2,-2,0,-1,0,7,0,0,0,-2,1
2023 Scotties Tournament of Hearts,2bdab9cc,2,-2,-2,-1,0,6,1,0,1,2,1
2023 Scotties Tournament of Hearts,2bdab9cc,2,5,-2,0,-1,5,0,0,0,0,1
2023 Scotties Tournament of Hearts,2bdab9cc,3,0,0,2,-1,4,0,0,1,0,1
2023 Scotties Tournament of Hearts,2bdab9cc,3,4,0,2,0,3,0,0,0,1,1
2023 Scotties Tournament of Hearts,2bdab9cc,-2,2,-1,4,-1,2,0,0,1,-1,1
2023 Scotties Tournament of Hearts,2bdab9cc,0,-2,2,1,0,1,1,0,0,2,1
2023 Scotties Tournament of Hearts,3b862b93,2,0,-4,-4,1,9,1,1,0,1,1
2023 Scotties Tournament of Hearts,3b862b93,0,-2,1,0,0,8,0,1,1,-1,1
2023 Scotties Tournament of Hearts,3b862b93,0,4,2,0,0,7,1,1,0,2,1
2023 Scotties Tournament of Hearts,3b862b93,-3,0,2,-1,0,6,0,1,1,-1,1
2023 Scotties Tournament of Hearts,3b862b93,0,0,-3,0,0,5,1,1,0,1,1
2023 Scotties Tournament of Hearts,3b862b93,-1,-2,2,3,-1,4,0,1,1,-1,1
2023 Scotties Tournament of Hearts,3b862b93,2,0,-4,0,0,3,1,1,0,-1,1
2023 Scotties Tournament of Hearts,3b862b93,0,1,4,-4,1,2,1,1,1,-1,1
2023 Scotties Tournament of Hearts,3b862b93,2,0,-1,2,0,1,1,1,0,2,1
2023 Scotties Tournament of Hearts,3b862b93,0,-1,0,0,0,0,0,1,1,-1,1
2023 Scotties Tournament of Hearts,ad9ee166,-4,-4,-2,-2,0,9,1,1,0,1,1
2023 Scotties Tournament of Hearts,ad9ee166,0,4,6,0,-1,8,0,1,1,-1,1
2023 Scotties Tournament of Hearts,ad9ee166,0,5,2,1,0,7,1,1,0,2,1
2023 Scotties Tournament of Hearts,ad9ee166,0,2,6,-4,0,6,0,1,1,-1,1
2023 Scotties Tournament of Hearts,ad9ee166,0,1,7,-1,0,5,1,1,0,1,1
2023 Scotties Tournament of Hearts,ad9ee166,-1,0,-3,-3,0,4,0,1,1,-2,1
2023 Scotties Tournament of Hearts,ad9ee166,0,2,-4,2,1,3,1,1,0,4,1
2023 Scotties Tournament of Hearts,ad9ee166,-1,2,4,2,-1,2,0,1,1,-1,1
2023 Scotties Tournament of Hearts,ad9ee166,-3,0,-5,-3,1,1,1,1,0,-1,1
2023 Scotties Tournament of Hearts,de3afb6c,-4,0,-1,0,0,9,1,1,0,0,1
2023 Scotties Tournament of Hearts,de3afb6c,-2,0,-3,-1,0,8,1,1,1,2,1
2023 Scotties Tournament of Hearts,de3afb6c,1,-1,1,6,-1,7,0,1,0,1,1
2023 Scotties Tournament of Hearts,de3afb6c,1,2,1,0,0,6,0,1,1,-1,1
2023 Scotties Tournament of Hearts,de3afb6c,0,1,-1,0,0,5,1,1,0,1,1
2023 Scotties Tournament of Hearts,de3afb6c,-2,0,1,-2,0,4,0,1,1,-2,1
2023 Scotties Tournament of Hearts,de3afb6c,0,-1,1,-3,1,3,1,1,0,1,1
2023 Scotties Tournament of Hearts,de3afb6c,-3,-3,0,-4,0,2,0,1,1,-1,1
2023 Scotties Tournament of Hearts,de3afb6c,1,2,0,2,0,1,1,1,0,2,1
2023 Scotties Tournament of Hearts,cfc8c519,2,2,3,0,-1,9,1,1,0,2,1
2023 Scotties Tournament of Hearts,cfc8c519,1,0,-3,-2,1,8,0,1,1,-2,1
2023 Scotties Tournament of Hearts,cfc8c519,-1,1,-6,0,1,6,1,1,1,1,1
2023 Scotties Tournament of Hearts,cfc8c519,2,0,0,4,-1,5,0,1,0,1,1
2023 Scotties Tournament of Hearts,cfc8c519,1,-5,1,1,0,4,0,1,1,-1,1
2023 Scotties Tournament of Hearts,cfc8c519,-3,1,-2,-5,1,3,1,1,0,-2,1
2023 Scotties Tournament of Hearts,cfc8c519,1,1,4,2,0,2,1,1,1,2,1
2023 Scotties Tournament of Hearts,cfc8c519,0,2,2,6,-2,1,0,1,0,1,1
2023 Scotties Tournament of Hearts,0a45d8c1,1,0,0,-7,2,9,0,0,0,-3,0
2023 Scotties Tournament of Hearts,0a45d8c1,0,-1,-5,-8,2,8,1,0,1,-4,0
2023 Scotties Tournament of Hearts,0a45d8c1,-1,-2,1,-1,0,7,1,0,0,-1,0
2023 Scotties Tournament of Hearts,0a45d8c1,0,-3,-3,3,0,6,1,0,1,4,0
2023 Scotties Tournament of Hearts,0a45d8c1,-1,-2,0,1,0,5,0,0,0,-2,0
2023 Scotties Tournament of Hearts,0a45d8c1,2,0,-5,-1,0,4,1,0,1,1,0
2023 Scotties Tournament of Hearts,0a45d8c1,2,-1,6,4,-2,3,0,0,0,-1,0
2023 Scotties Tournament of Hearts,0a45d8c1,0,-3,0,0,0,2,1,0,1,-1,0
2023 Scotties Tournament of Hearts,1e0e7224,0,0,3,-7,1,9,1,1,0,-1,1
2023 Scotties Tournament of Hearts,1e0e7224,-2,-2,-1,2,0,8,1,1,1,0,1
2023 Scotties Tournament of Hearts,1e0e7224,-1,1,-3,2,1,7,1,1,0,2,1
2023 Scotties Tournament of Hearts,1e0e7224,1,3,-2,7,-1,6,0,1,1,1,1
2023 Scotties Tournament of Hearts,1e0e7224,-1,3,2,2,0,5,0,1,0,-1,1
2023 Scotties Tournament of Hearts,1e0e7224,2,0,5,-4,0,4,1,1,1,1,1
2023 Scotties Tournament of Hearts,1e0e7224,0,2,0,-2,0,3,0,1,0,-1,1
2023 Scotties Tournament of Hearts,1e0e7224,0,-1,3,2,0,2,1,1,1,1,1
2023 Scotties Tournament of Hearts,1e0e7224,-1,4,-2,1,0,1,0,1,0,-1,1
2023 Scotties Tournament of Hearts,fb1dbdbf,0,1,-3,-6,2,9,0,0,0,-2,1
2023 Scotties Tournament of Hearts,fb1dbdbf,0,-4,8,0,-2,8,1,0,1,2,1
2023 Scotties Tournament of Hearts,fb1dbdbf,1,1,-1,-2,0,7,0,0,0,-2,1
2023 Scotties Tournament of Hearts,fb1dbdbf,0,0,0,2,0,6,1,0,1,1,1
2023 Scotties Tournament of Hearts,fb1dbdbf,0,0,-1,4,-1,5,0,0,0,2,1
2023 Scotties Tournament of Hearts,fb1dbdbf,0,-4,-1,0,0,4,0,0,1,-3,1
2023 Scotties Tournament of Hearts,fb1dbdbf,0,2,5,2,-1,3,1,0,0,3,1
2023 Scotties Tournament of Hearts,fb1dbdbf,-1,4,0,4,-1,2,0,0,1,1,1
2023 Scotties Tournament of Hearts,fb1dbdbf,0,-5,1,-4,1,1,0,0,0,-1,1
2023 Scotties Tournament of Hearts,fb1dbdbf,1,4,2,-1,0,0,1,0,1,2,1
2023 Scotties Tournament of Hearts,1cda512c,-1,-1,0,-2,0,9,0,0,0,-1,0
2023 Scotties Tournament of Hearts,1cda512c,-3,4,-3,-1,1,8,1,0,1,0,0
2023 Scotties Tournament of Hearts,1cda512c,-4,1,0,-4,1,7,1,0,0,0,0
2023 Scotties Tournament of Hearts,1cda512c,1,1,0,-8,2,6,1,0,1,-1,0
2023 Scotties Tournament of Hearts,1cda512c,2,-4,-3,-2,1,5,1,0,0,-1,0
2023 Scotties Tournament of Hearts,1cda512c,0,0,1,0,0,4,1,0,1,1,0
2023 Scotties Tournament of Hearts,1cda512c,0,-1,-2,-1,0,3,0,0,0,-2,0
2023 Scotties Tournament of Hearts,1cda512c,3,-5,-2,2,0,1,0,0,0,1,0
2023 Scotties Tournament of Hearts,6255e0f4,-1,-2,0,0,-1,9,0,0,0,0,1
2023 Scotties Tournament of Hearts,6255e0f4,0,1,2,2,0,8,0,0,1,-1,1
2023 Scotties Tournament of Hearts,6255e0f4,-2,4,1,0,0,7,1,0,0,2,1
2023 Scotties Tournament of Hearts,6255e0f4,0,2,-1,7,-1,6,0,0,1,1,1
2023 Scotties Tournament of Hearts,6255e0f4,0,0,0,1,0,5,0,0,0,-1,1
2023 Scotties Tournament of Hearts,6255e0f4,-2,1,-4,1,1,4,1,0,1,2,1
2023 Scotties Tournament of Hearts,6255e0f4,0,-1,3,1,0,3,0,0,0,-1,1
2023 Scotties Tournament of Hearts,6255e0f4,-1,0,1,4,-1,2,1,0,1,3,1
2023 Scotties Tournament of Hearts,fb42ddf5,-1,1,-3,-6,1,9,1,1,0,-2,1
2023 Scotties Tournament of Hearts,fb42ddf5,-2,0,-1,3,0,8,1,1,1,2,1
2023 Scotties Tournament of Hearts,fb42ddf5,0,2,2,1,-1,7,0,1,0,-1,1
2023 Scotties Tournament of Hearts,fb42ddf5,1,-1,-2,2,0,6,1,1,1,2,1
2023 Scotties Tournament of Hearts,fb42ddf5,-3,1,-2,3,-1,5,0,1,0,-2,1
2023 Scotties Tournament of Hearts,fb42ddf5,0,-3,5,-2,0,4,1,1,1,1,1
2023 Scotties Tournament of Hearts,fb42ddf5,-6,-6,0,-2,0,3,0,1,0,0,1
2023 Scotties Tournament of Hearts,fb42ddf5,4,0,3,2,0,2,0,1,1,-1,1
2023 Scotties Tournament of Hearts,fb42ddf5,1,4,-1,1,0,1,1,1,0,0,1
2023 Scotties Tournament of Hearts,fb42ddf5,0,0,0,0,0,0,1,1,1,1,1
2023 Scotties Tournament of Hearts,fb42ddf5,1,0,0,4,-1,-1,0,1,0,1,1
2023 Scotties Tournament of Hearts,6e5b87b4,0,3,-2,0,0,9,1,1,0,1,0
2023 Scotties Tournament of Hearts,6e5b87b4,1,2,-1,2,0,8,0,1,1,-1,0
2023 Scotties Tournament of Hearts,6e5b87b4,-2,1,1,1,0,7,1,1,0,1,0
2023 Scotties Tournament of Hearts,6e5b87b4,0,-2,1,1,0,6,0,1,1,-1,0
2023 Scotties Tournament of Hearts,6e5b87b4,0,-1,-3,-5,1,5,1,1,0,-2,0
2023 Scotties Tournament of Hearts,6e5b87b4,0,1,1,-4,1,4,1,1,1,1,0
2023 Scotties Tournament of Hearts,6e5b87b4,1,1,0,1,0,3,0,1,0,-1,0
2023 Scotties Tournament of Hearts,6e5b87b4,0,-3,1,-3,0,2,1,1,1,1,0
2023 Scotties Tournament of Hearts,6e5b87b4,0,-3,-3,-7,1,1,0,1,0,-5,0
2023 Scotties Tournament of Hearts,d31eafed,-1,1,-2,-1,0,9,1,1,0,1,0
2023 Scotties Tournament of Hearts,d31eafed,-1,-2,0,8,-2,8,0,1,1,1,0
2023 Scotties Tournament of Hearts,d31eafed,-3,1,-1,-3,1,7,0,1,0,-3,0
2023 Scotties Tournament of Hearts,d31eafed,-1,-1,-2,1,0,6,1,1,1,1,0
2023 Scotties Tournament of Hearts,d31eafed,-1,-2,0,2,0,5,0,1,0,0,0
2023 Scotties Tournament of Hearts,d31eafed,0,0,-1,1,-1,4,0,1,1,-1,0
2023 Scotties Tournament of Hearts,d31eafed,-2,-1,-3,3,-1,3,1,1,0,1,0
2023 Scotties Tournament of Hearts,d31eafed,2,0,0,-4,1,2,0,1,1,-2,0
2023 Scotties Tournament of Hearts,d31eafed,0,-1,-2,-1,1,1,1,1,0,1,0
2023 Scotties Tournament of Hearts,d31eafed,0,-1,-1,0,0,0,0,1,1,-1,0
2023 Scotties Tournament of Hearts,e1734e6a,0,0,-4,0,0,9,0,0,0,0,1
2023 Scotties Tournament of Hearts,e1734e6a,2,4,1,5,-1,8,0,0,1,4,1
2023 Scotties Tournament of Hearts,e1734e6a,0,-2,3,0,0,7,0,0,0,-2,1
2023 Scotties Tournament of Hearts,e1734e6a,-2,-2,1,2,0,6,1,0,1,0,1
2023 Scotties Tournament of Hearts,e1734e6a,3,0,0,2,0,5,1,0,0,2,1
2023 Scotties Tournament of Hearts,e1734e6a,0,0,-1,-1,0,4,0,0,1,-2,1
2023 Scotties Tournament of Hearts,e1734e6a,0,0,0,-2,0,3,1,0,0,1,1
2023 Scotties Tournament of Hearts,e1734e6a,-1,0,0,1,0,2,0,0,1,-1,1
2023 Scotties Tournament of Hearts,e1734e6a,-1,1,1,-4,1,1,1,0,0,-1,1
2023 Scotties Tournament of Hearts,3a2c88a8,-2,2,-2,-1,0,9,0,0,0,-1,0
2023 Scotties Tournament of Hearts,3a2c88a8,-1,-4,-3,-3,1,8,1,0,1,1,0
2023 Scotties Tournament of Hearts,3a2c88a8,-1,-2,1,-5,0,7,0,0,0,-2,0
2023 Scotties Tournament of Hearts,3a2c88a8,1,0,-1,-2,1,6,1,0,1,1,0
2023 Scotties Tournament of Hearts,3a2c88a8,0,-1,-4,-1,0,5,0,0,0,-2,0
2023 Scotties Tournament of Hearts,3a2c88a8,0,-3,0,-3,0,4,1,0,1,1,0
2023 Scotties Tournament of Hearts,3a2c88a8,-1,3,-4,-2,0,3,0,0,0,-2,0
2023 Scotties Tournament of Hearts,3a2c88a8,0,-7,0,-1,0,2,1,0,1,1,0
2023 Scotties Tournament of Hearts,3a2c88a8,0,2,0,-1,0,1,0,0,0,-2,0
2023 Scotties Tournament of Hearts,d932ac33,0,1,1,2,0,9,1,1,0,0,1
2023 Scotties Tournament of Hearts,d932ac33,2,2,-2,2,0,8,1,1,1,2,1
2023 Scotties Tournament of Hearts,d932ac33,0,0,0,5,-1,7,0,1,0,1,1
2023 Scotties Tournament of Hearts,d932ac33,4,3,2,0,0,6,0,1,1,-1,1
2023 Scotties Tournament of Hearts,d932ac33,-1,3,2,-2,0,5,1,1,0,1,1
2023 Scotties Tournament of Hearts,d932ac33,0,5,-3,-1,1,4,0,1,1,-2,1
2023 Scotties Tournament of Hearts,d932ac33,1,-1,-1,0,0,3,1,1,0,0,1
2023 Scotties Tournament of Hearts,d932ac33,0,1,1,0,0,2,1,1,1,0,1
2023 Scotties Tournament of Hearts,d932ac33,-3,1,2,-1,0,1,1,1,0,0,1
2023 Scotties Tournament of Hearts,d932ac33,-1,2,1,-1,0,0,1,1,1,2,1
2023 Scotties Tournament of Hearts,acd4d07e,0,1,4,1,-1,9,1,1,0,1,1
2023 Scotties Tournament of Hearts,acd4d07e,2,0,-1,5,-1,8,0,1,1,1,1
2023 Scotties Tournament of Hearts,acd4d07e,0,5,0,2,0,7,0,1,0,-1,1
2023 Scotties Tournament of Hearts,acd4d07e,0,-2,2,-2,0,6,1,1,1,1,1
2023 Scotties Tournament of Hearts,acd4d07e,0,-1,0,-4,1,5,0,1,0,-2,1
2023 Scotties Tournament of Hearts,acd4d07e,0,0,-1,4,-1,4,1,1,1,2,1
2023 Scotties Tournament of Hearts,acd4d07e,1,0,0,-2,0,3,0,1,0,-1,1
2023 Scotties Tournament of Hearts,acd4d07e,-1,2,0,6,0,2,1,1,1,2,1
2023 Scotties Tournament of Hearts,acd4d07e,0,0,4,4,-1,1,0,1,0,2,1
2023 Scotties Tournament of Hearts,dee07104,1,-2,3,-3,0,9,0,0,0,-2,1
2023 Scotties Tournament of Hearts,dee07104,-2,-1,-2,0,0,8,1,0,1,1,1
2023 Scotties Tournament of Hearts,dee07104,2,-1,-3,0,0,7,0,0,0,0,1
2023 Scotties Tournament of Hearts,dee07104,2,0,1,0,0,6,0,0,1,-1,1
2023 Scotties Tournament of Hearts,dee07104,2,0,1,0,0,4,0,0,1,-1,1
2023 Scotties Tournament of Hearts,dee07104,-3,-6,1,1,0,3,1,0,0,1,1
2023 Scotties Tournament of Hearts,dee07104,1,1,0,3,-1,2,0,0,1,1,1
2023 Scotties Tournament of Hearts,dee07104,0,3,-1,-3,0,1,0,0,0,-2,1
2023 Scotties Tournament of Hearts,dee07104,0,-2,0,3,0,0,1,0,1,2,1
2023 Scotties Tournament of Hearts,dee07104,1,4,1,0,0,-1,0,0,0,1,1
2023 Scotties Tournament of Hearts,cf7a8490,0,-2,-7,2,0,9,0,0,0,1,0
2023 Scotties Tournament of Hearts,cf7a8490,0,-3,1,3,-1,8,0,0,1,1,0
2023 Scotties Tournament of Hearts,cf7a8490,1,1,1,4,-1,7,0,0,0,1,0
2023 Scotties Tournament of Hearts,cf7a8490,-1,-3,-2,-3,1,6,0,0,1,-2,0
2023 Scotties Tournament of Hearts,cf7a8490,-3,-3,-3,-4,1,5,1,0,0,-1,0
2023 Scotties Tournament of Hearts,cf7a8490,1,1,-1,-2,0,4,1,0,1,1,0
2023 Scotties Tournament of Hearts,cf7a8490,2,2,2,0,0,3,0,0,0,-1,0
2023 Scotties Tournament of Hearts,cf7a8490,0,3,1,-5,1,2,1,0,1,-1,0
2023 Scotties Tournament of Hearts,cf7a8490,2,2,-5,-2,1,1,1,0,0,1,0
